openvmm_core v0.0.0 (/home/ruize/openvmm-restore-v1/openvmm/openvmm_core) features=[]
aarch64defs v0.0.0 (/home/ruize/openvmm-restore-v1/vm/aarch64/aarch64defs) features=[]
bitfield-struct v0.11.0 (proc-macro) features=[]
proc-macro2 v1.0.107 features=[default,proc-macro,span-locations]
unicode-ident v1.0.18 features=[]
quote v1.0.40 features=[default,proc-macro]
proc-macro2 v1.0.107 features=[default,proc-macro,span-locations] (*)
syn v2.0.106 features=[clone-impls,default,derive,extra-traits,full,parsing,printing,proc-macro,visit,visit-mut]
proc-macro2 v1.0.107 features=[default,proc-macro,span-locations] (*)
quote v1.0.40 features=[default,proc-macro] (*)
unicode-ident v1.0.18 features=[]
open_enum v0.0.0 (/home/ruize/openvmm-restore-v1/support/open_enum) features=[]
zerocopy v0.8.27 features=[alloc,derive,zerocopy-derive]
zerocopy-derive v0.8.27 (proc-macro) features=[]
proc-macro2 v1.0.107 features=[default,proc-macro,span-locations] (*)
quote v1.0.40 features=[default,proc-macro] (*)
syn v2.0.106 features=[clone-impls,default,derive,extra-traits,full,parsing,printing,proc-macro,visit,visit-mut] (*)
acpi v0.0.0 (/home/ruize/openvmm-restore-v1/vm/acpi) features=[]
acpi_spec v0.0.0 (/home/ruize/openvmm-restore-v1/vm/acpi_spec) features=[alloc,default,std]
bitfield-struct v0.11.0 (proc-macro) features=[] (*)
open_enum v0.0.0 (/home/ruize/openvmm-restore-v1/support/open_enum) features=[]
static_assertions v1.1.0 features=[]
thiserror v2.0.16 features=[default,std]
thiserror-impl v2.0.16 (proc-macro) features=[]
proc-macro2 v1.0.107 features=[default,proc-macro,span-locations] (*)
quote v1.0.40 features=[default,proc-macro] (*)
syn v2.0.106 features=[clone-impls,default,derive,extra-traits,full,parsing,printing,proc-macro,visit,visit-mut] (*)
zerocopy v0.8.27 features=[alloc,derive,zerocopy-derive] (*)
cxl_spec v0.0.0 (/home/ruize/openvmm-restore-v1/vm/devices/cxl) features=[]
anyhow v1.0.99 features=[default,std]
bitfield-struct v0.11.0 (proc-macro) features=[] (*)
chipset_device v0.0.0 (/home/ruize/openvmm-restore-v1/vm/chipset_device) features=[]
inspect v0.0.0 (/home/ruize/openvmm-restore-v1/support/inspect) features=[defer,derive,inspect_derive,std]
bitfield-struct v0.11.0 (proc-macro) features=[] (*)
inspect_derive v0.0.0 (proc-macro) (/home/ruize/openvmm-restore-v1/support/inspect_derive) features=[]
heck v0.5.0 features=[]
proc-macro2 v1.0.107 features=[default,proc-macro,span-locations] (*)
quote v1.0.40 features=[default,proc-macro] (*)
syn v2.0.106 features=[clone-impls,default,derive,extra-traits,full,parsing,printing,proc-macro,visit,visit-mut] (*)
mesh v0.0.0 (/home/ruize/openvmm-restore-v1/support/mesh) features=[default]
mesh_channel v0.0.0 (/home/ruize/openvmm-restore-v1/support/mesh/mesh_channel) features=[]
futures v0.3.31 features=[alloc,async-await,default,executor,futures-executor,std]
futures-channel v0.3.31 features=[alloc,futures-sink,sink,std]
futures-core v0.3.31 features=[alloc,default,std]
futures-sink v0.3.31 features=[alloc,std]
futures-core v0.3.31 features=[alloc,default,std]
futures-executor v0.3.31 features=[std]
futures-core v0.3.31 features=[alloc,default,std]
futures-task v0.3.31 features=[alloc,std]
futures-util v0.3.31 features=[alloc,async-await,async-await-macro,channel,futures-channel,futures-io,futures-macro,futures-sink,io,memchr,sink,slab,std]
futures-channel v0.3.31 features=[alloc,futures-sink,sink,std] (*)
futures-core v0.3.31 features=[alloc,default,std]
futures-io v0.3.31 features=[default,std]
futures-macro v0.3.31 (proc-macro) features=[]
proc-macro2 v1.0.107 features=[default,proc-macro,span-locations] (*)
quote v1.0.40 features=[default,proc-macro] (*)
syn v2.0.106 features=[clone-impls,default,derive,extra-traits,full,parsing,printing,proc-macro,visit,visit-mut] (*)
futures-sink v0.3.31 features=[alloc,std]
futures-task v0.3.31 features=[alloc,std]
memchr v2.7.5 features=[alloc,default,std]
pin-project-lite v0.2.16 features=[]
pin-utils v0.1.0 features=[]
slab v0.4.11 features=[default,std]
futures-io v0.3.31 features=[default,std]
futures-sink v0.3.31 features=[alloc,std]
futures-task v0.3.31 features=[alloc,std]
futures-util v0.3.31 features=[alloc,async-await,async-await-macro,channel,futures-channel,futures-io,futures-macro,futures-sink,io,memchr,sink,slab,std] (*)
mesh_channel_core v0.0.0 (/home/ruize/openvmm-restore-v1/support/mesh/mesh_channel_core) features=[]
futures v0.3.31 features=[alloc,async-await,default,executor,futures-executor,std] (*)
mesh_node v0.0.0 (/home/ruize/openvmm-restore-v1/support/mesh/mesh_node) features=[]
bitfield-struct v0.11.0 (proc-macro) features=[] (*)
futures v0.3.31 features=[alloc,async-await,default,executor,futures-executor,std] (*)
getrandom v0.4.2 features=[]
cfg-if v1.0.3 features=[]
libc v0.2.184 features=[default,extra_traits,std]
mesh_derive v0.0.0 (proc-macro) (/home/ruize/openvmm-restore-v1/support/mesh/mesh_derive) features=[]
heck v0.5.0 features=[]
proc-macro2 v1.0.107 features=[default,proc-macro,span-locations] (*)
quote v1.0.40 features=[default,proc-macro] (*)
syn v2.0.106 features=[clone-impls,default,derive,extra-traits,full,parsing,printing,proc-macro,visit,visit-mut] (*)
mesh_protobuf v0.0.0 (/home/ruize/openvmm-restore-v1/support/mesh/mesh_protobuf) features=[default,std]
fs-err v3.1.1 features=[]
autocfg v1.5.0 features=[]
heck v0.5.0 features=[]
mesh_derive v0.0.0 (proc-macro) (/home/ruize/openvmm-restore-v1/support/mesh/mesh_derive) features=[] (*)
thiserror v2.0.16 features=[default,std] (*)
zerocopy v0.8.27 features=[alloc,derive,zerocopy-derive] (*)
open_enum v0.0.0 (/home/ruize/openvmm-restore-v1/support/open_enum) features=[]
parking_lot v0.12.4 features=[default]
lock_api v0.4.13 features=[atomic_usize,default]
scopeguard v1.2.0 features=[]
autocfg v1.5.0 features=[]
parking_lot_core v0.9.11 features=[]
cfg-if v1.0.3 features=[]
libc v0.2.184 features=[default,extra_traits,std]
smallvec v1.15.1 features=[]
thiserror v2.0.16 features=[default,std] (*)
tracing v0.1.43 features=[attributes,default,std,tracing-attributes]
pin-project-lite v0.2.16 features=[]
tracing-attributes v0.1.31 (proc-macro) features=[]
proc-macro2 v1.0.107 features=[default,proc-macro,span-locations] (*)
quote v1.0.40 features=[default,proc-macro] (*)
syn v2.0.106 features=[clone-impls,default,derive,extra-traits,full,parsing,printing,proc-macro,visit,visit-mut] (*)
tracing-core v0.1.35 features=[default,once_cell,std]
once_cell v1.21.3 features=[alloc,default,race,std]
zerocopy v0.8.27 features=[alloc,derive,zerocopy-derive] (*)
mesh_protobuf v0.0.0 (/home/ruize/openvmm-restore-v1/support/mesh/mesh_protobuf) features=[default,std] (*)
parking_lot v0.12.4 features=[default] (*)
thiserror v2.0.16 features=[default,std] (*)
tracing v0.1.43 features=[attributes,default,std,tracing-attributes] (*)
mesh_node v0.0.0 (/home/ruize/openvmm-restore-v1/support/mesh/mesh_node) features=[] (*)
mesh_protobuf v0.0.0 (/home/ruize/openvmm-restore-v1/support/mesh/mesh_protobuf) features=[default,std] (*)
parking_lot v0.12.4 features=[default] (*)
thiserror v2.0.16 features=[default,std] (*)
tracing v0.1.43 features=[attributes,default,std,tracing-attributes] (*)
mesh_derive v0.0.0 (proc-macro) (/home/ruize/openvmm-restore-v1/support/mesh/mesh_derive) features=[] (*)
mesh_node v0.0.0 (/home/ruize/openvmm-restore-v1/support/mesh/mesh_node) features=[] (*)
mesh_protobuf v0.0.0 (/home/ruize/openvmm-restore-v1/support/mesh/mesh_protobuf) features=[default,std] (*)
parking_lot v0.12.4 features=[default] (*)
mesh v0.0.0 (/home/ruize/openvmm-restore-v1/support/mesh) features=[default] (*)
tdisp v0.0.0 (/home/ruize/openvmm-restore-v1/vm/devices/tdisp) features=[]
anyhow v1.0.99 features=[default,std]
bitfield-struct v0.11.0 (proc-macro) features=[] (*)
parking_lot v0.12.4 features=[default] (*)
prost v0.11.9 features=[default,prost-derive,std]
bytes v1.11.1 features=[]
prost-derive v0.11.9 (proc-macro) features=[]
anyhow v1.0.99 features=[default,std]
itertools v0.10.5 features=[use_alloc]
either v1.15.0 features=[default,std]
proc-macro2 v1.0.107 features=[default,proc-macro,span-locations] (*)
quote v1.0.40 features=[default,proc-macro] (*)
syn v1.0.109 features=[clone-impls,default,derive,extra-traits,full,parsing,printing,proc-macro,quote]
proc-macro2 v1.0.107 features=[default,proc-macro,span-locations] (*)
quote v1.0.40 features=[default,proc-macro] (*)
unicode-ident v1.0.18 features=[]
static_assertions v1.1.0 features=[]
tdisp_proto v0.0.0 (/home/ruize/openvmm-restore-v1/vm/devices/tdisp_proto) features=[]
inspect v0.0.0 (/home/ruize/openvmm-restore-v1/support/inspect) features=[defer,derive,inspect_derive,std] (*)
prost v0.11.9 features=[default,prost-derive,std] (*)
thiserror v2.0.16 features=[default,std] (*)
prost-build v0.11.9 features=[default,format,prettyplease,syn]
bytes v1.11.1 features=[]
heck v0.4.1 features=[default]
itertools v0.10.5 features=[use_alloc] (*)
lazy_static v1.5.0 features=[]
log v0.4.27 features=[]
multimap v0.8.3 features=[]
petgraph v0.6.5 features=[]
fixedbitset v0.4.2 features=[]
indexmap v2.11.0 features=[default,std]
equivalent v1.0.2 features=[]
hashbrown v0.15.5 features=[]
prettyplease v0.1.25 features=[]
proc-macro2 v1.0.107 features=[default,proc-macro,span-locations] (*)
syn v1.0.109 features=[clone-impls,default,derive,extra-traits,full,parsing,printing,proc-macro,quote] (*)
prost v0.11.9 features=[prost-derive]
bytes v1.11.1 features=[]
prost-derive v0.11.9 (proc-macro) features=[] (*)
prost-types v0.11.9 features=[]
prost v0.11.9 features=[prost-derive] (*)
regex v1.12.3 features=[std,unicode-bool]
regex-automata v0.4.14 features=[alloc,meta,nfa-pikevm,nfa-thompson,std,syntax,unicode-bool]
regex-syntax v0.8.6 features=[std,unicode-bool]
regex-syntax v0.8.6 features=[std,unicode-bool]
syn v1.0.109 features=[clone-impls,default,derive,extra-traits,full,parsing,printing,proc-macro,quote] (*)
tempfile v3.21.0 features=[default,getrandom]
fastrand v2.3.0 features=[alloc,default,std]
getrandom v0.3.3 features=[]
cfg-if v1.0.3 features=[]
libc v0.2.184 features=[]
once_cell v1.21.3 features=[alloc,race,std]
rustix v1.0.8 features=[alloc,default,fs,std]
bitflags v2.9.3 features=[std]
linux-raw-sys v0.9.4 features=[elf,errno,general,ioctl,no_std]
which v4.4.2 features=[]
either v1.15.0 features=[default,std]
home v0.5.11 features=[]
rustix v0.38.44 features=[alloc,fs,libc-extra-traits,std]
bitflags v2.9.3 features=[std]
linux-raw-sys v0.4.15 features=[elf,errno,general,ioctl,no_std]
tracing v0.1.43 features=[attributes,default,std,tracing-attributes] (*)
zerocopy v0.8.27 features=[alloc,derive,zerocopy-derive] (*)
vmcore v0.0.0 (/home/ruize/openvmm-restore-v1/vm/vmcore) features=[]
anyhow v1.0.99 features=[default,std]
async-trait v0.1.89 (proc-macro) features=[]
proc-macro2 v1.0.107 features=[default,proc-macro,span-locations] (*)
quote v1.0.40 features=[default,proc-macro] (*)
syn v2.0.106 features=[clone-impls,default,derive,extra-traits,full,parsing,printing,proc-macro,visit,visit-mut] (*)
futures v0.3.31 features=[alloc,async-await,default,executor,futures-executor,std] (*)
futures-concurrency v7.6.3 features=[alloc,default,std]
fixedbitset v0.5.7 features=[]
futures-buffered v0.2.12 features=[]
cordyceps v0.3.4 features=[default]
diatomic-waker v0.2.3 features=[alloc,default]
futures-core v0.3.31 features=[alloc,default,std]
pin-project-lite v0.2.16 features=[]
spin v0.10.0 features=[mutex,spin_mutex]
futures-core v0.3.31 features=[alloc,default,std]
futures-lite v2.6.1 features=[alloc,fastrand,futures-io,parking,std]
fastrand v2.3.0 features=[alloc,std]
futures-core v0.3.31 features=[alloc,default,std]
futures-io v0.3.31 features=[default,std]
parking v2.2.1 features=[]
pin-project-lite v0.2.16 features=[]
pin-project v1.1.10 features=[]
pin-project-internal v1.1.10 (proc-macro) features=[]
proc-macro2 v1.0.107 features=[default,proc-macro,span-locations] (*)
quote v1.0.40 features=[default,proc-macro] (*)
syn v2.0.106 features=[clone-impls,default,derive,extra-traits,full,parsing,printing,proc-macro,visit,visit-mut] (*)
slab v0.4.11 features=[default,std]
smallvec v1.15.1 features=[]
hvdef v0.0.0 (/home/ruize/openvmm-restore-v1/vm/hv1/hvdef) features=[]
bitfield-struct v0.11.0 (proc-macro) features=[] (*)
open_enum v0.0.0 (/home/ruize/openvmm-restore-v1/support/open_enum) features=[]
static_assertions v1.1.0 features=[]
zerocopy v0.8.27 features=[alloc,derive,zerocopy-derive] (*)
inspect v0.0.0 (/home/ruize/openvmm-restore-v1/support/inspect) features=[defer,derive,inspect_derive,std] (*)
jiff v0.2.15 features=[alloc,default,perf-inline,std,tz-fat,tz-system,tzdb-bundle-platform,tzdb-concatenated,tzdb-zoneinfo]
linkme v0.3.33 features=[]
linkme-impl v0.3.33 (proc-macro) features=[]
proc-macro2 v1.0.107 features=[default,proc-macro,span-locations] (*)
quote v1.0.40 features=[default,proc-macro] (*)
syn v2.0.106 features=[clone-impls,default,derive,extra-traits,full,parsing,printing,proc-macro,visit,visit-mut] (*)
loan_cell v0.0.0 (/home/ruize/openvmm-restore-v1/support/loan_cell) features=[]
mesh v0.0.0 (/home/ruize/openvmm-restore-v1/support/mesh) features=[default] (*)
pal_async v0.0.0 (/home/ruize/openvmm-restore-v1/support/pal/pal_async) features=[]
async-channel v2.5.0 features=[default,std]
concurrent-queue v2.5.0 features=[std]
crossbeam-utils v0.8.21 features=[]
event-listener-strategy v0.5.4 features=[std]
event-listener v5.4.1 features=[default,parking,std]
concurrent-queue v2.5.0 features=[std] (*)
parking v2.2.1 features=[]
pin-project-lite v0.2.16 features=[]
pin-project-lite v0.2.16 features=[]
futures-core v0.3.31 features=[alloc,default,std]
pin-project-lite v0.2.16 features=[]
async-task v4.7.1 features=[default,std]
cfg-if v1.0.3 features=[]
futures v0.3.31 features=[alloc,async-await,default,executor,futures-executor,std] (*)
io-uring v0.7.11 features=[]
bitflags v2.9.3 features=[]
cfg-if v1.0.3 features=[]
libc v0.2.184 features=[default,extra_traits,std]
libc v0.2.184 features=[default,extra_traits,std]
loan_cell v0.0.0 (/home/ruize/openvmm-restore-v1/support/loan_cell) features=[]
once_cell v1.21.3 features=[alloc,default,race,std]
pal v0.0.0 (/home/ruize/openvmm-restore-v1/support/pal) features=[]
caps v0.5.5 features=[]
libc v0.2.184 features=[default,extra_traits,std]
thiserror v1.0.69 features=[]
thiserror-impl v1.0.69 (proc-macro) features=[]
proc-macro2 v1.0.107 features=[default,proc-macro,span-locations] (*)
quote v1.0.40 features=[default,proc-macro] (*)
syn v2.0.106 features=[clone-impls,default,derive,extra-traits,full,parsing,printing,proc-macro,visit,visit-mut] (*)
fs-err v3.1.1 features=[] (*)
landlock v0.4.2 features=[]
enumflags2 v0.7.12 features=[]
enumflags2_derive v0.7.12 (proc-macro) features=[]
proc-macro2 v1.0.107 features=[default,proc-macro,span-locations] (*)
quote v1.0.40 features=[default,proc-macro] (*)
syn v2.0.106 features=[clone-impls,default,derive,extra-traits,full,parsing,printing,proc-macro,visit,visit-mut] (*)
libc v0.2.184 features=[default,extra_traits,std]
thiserror v2.0.16 features=[default,std] (*)
libc v0.2.184 features=[default,extra_traits,std]
seccompiler v0.5.0 features=[]
libc v0.2.184 features=[default,extra_traits,std]
thiserror v2.0.16 features=[default,std] (*)
tracing v0.1.43 features=[attributes,default,std,tracing-attributes] (*)
pal_async_test v0.0.0 (proc-macro) (/home/ruize/openvmm-restore-v1/support/pal/pal_async_test) features=[]
proc-macro2 v1.0.107 features=[default,proc-macro,span-locations] (*)
quote v1.0.40 features=[default,proc-macro] (*)
syn v2.0.106 features=[clone-impls,default,derive,extra-traits,full,parsing,printing,proc-macro,visit,visit-mut] (*)
pal_event v0.0.0 (/home/ruize/openvmm-restore-v1/support/pal/pal_event) features=[mesh]
libc v0.2.184 features=[default,extra_traits,std]
mesh_protobuf v0.0.0 (/home/ruize/openvmm-restore-v1/support/mesh/mesh_protobuf) features=[default,std] (*)
parking_lot v0.12.4 features=[default] (*)
slab v0.4.11 features=[default,std]
smallbox v0.8.8 features=[default,std]
socket2 v0.6.0 features=[all]
libc v0.2.184 features=[default,extra_traits,std]
unix_socket v0.0.0 (/home/ruize/openvmm-restore-v1/support/unix_socket) features=[mesh]
libc v0.2.184 features=[default,extra_traits,std]
pal_event v0.0.0 (/home/ruize/openvmm-restore-v1/support/pal/pal_event) features=[mesh] (*)
parking_lot v0.12.4 features=[default] (*)
save_restore_derive v0.0.0 (proc-macro) (/home/ruize/openvmm-restore-v1/vm/vmcore/save_restore_derive) features=[]
quote v1.0.40 features=[default,proc-macro] (*)
syn v2.0.106 features=[clone-impls,default,derive,extra-traits,full,parsing,printing,proc-macro,visit,visit-mut] (*)
slab v0.4.11 features=[default,std]
thiserror v2.0.16 features=[default,std] (*)
tracelimit v0.0.0 (/home/ruize/openvmm-restore-v1/support/tracelimit) features=[]
parking_lot v0.12.4 features=[default] (*)
tracing v0.1.43 features=[attributes,default,std,tracing-attributes] (*)
tracing v0.1.43 features=[attributes,default,std,tracing-attributes] (*)
vm_resource v0.0.0 (/home/ruize/openvmm-restore-v1/vm/vmcore/vm_resource) features=[]
async-trait v0.1.89 (proc-macro) features=[] (*)
inspect v0.0.0 (/home/ruize/openvmm-restore-v1/support/inspect) features=[defer,derive,inspect_derive,std] (*)
linkme v0.3.33 features=[] (*)
mesh v0.0.0 (/home/ruize/openvmm-restore-v1/support/mesh) features=[default] (*)
thiserror v2.0.16 features=[default,std] (*)
zerocopy v0.8.27 features=[alloc,derive,zerocopy-derive] (*)
zerocopy v0.8.27 features=[alloc,derive,zerocopy-derive] (*)
inspect v0.0.0 (/home/ruize/openvmm-restore-v1/support/inspect) features=[defer,derive,inspect_derive,std] (*)
mesh v0.0.0 (/home/ruize/openvmm-restore-v1/support/mesh) features=[default] (*)
open_enum v0.0.0 (/home/ruize/openvmm-restore-v1/support/open_enum) features=[]
pci_core v0.0.0 (/home/ruize/openvmm-restore-v1/vm/devices/pci/pci_core) features=[]
anyhow v1.0.99 features=[default,std]
bitfield-struct v0.11.0 (proc-macro) features=[] (*)
chipset_device v0.0.0 (/home/ruize/openvmm-restore-v1/vm/chipset_device) features=[] (*)
guestmem v0.0.0 (/home/ruize/openvmm-restore-v1/vm/vmcore/guestmem) features=[]
inspect v0.0.0 (/home/ruize/openvmm-restore-v1/support/inspect) features=[defer,derive,inspect_derive,std] (*)
pal_event v0.0.0 (/home/ruize/openvmm-restore-v1/support/pal/pal_event) features=[mesh] (*)
sparse_mmap v0.0.0 (/home/ruize/openvmm-restore-v1/support/sparse_mmap) features=[]
libc v0.2.184 features=[default,extra_traits,std]
pal v0.0.0 (/home/ruize/openvmm-restore-v1/support/pal) features=[] (*)
thiserror v2.0.16 features=[default,std] (*)
trycopy v0.0.0 (/home/ruize/openvmm-restore-v1/support/trycopy) features=[]
libc v0.2.184 features=[default,extra_traits,std]
thiserror v2.0.16 features=[default,std] (*)
zerocopy v0.8.27 features=[alloc,derive,zerocopy-derive] (*)
thiserror v2.0.16 features=[default,std] (*)
trycopy v0.0.0 (/home/ruize/openvmm-restore-v1/support/trycopy) features=[] (*)
zerocopy v0.8.27 features=[alloc,derive,zerocopy-derive] (*)
inspect v0.0.0 (/home/ruize/openvmm-restore-v1/support/inspect) features=[defer,derive,inspect_derive,std] (*)
mesh v0.0.0 (/home/ruize/openvmm-restore-v1/support/mesh) features=[default] (*)
open_enum v0.0.0 (/home/ruize/openvmm-restore-v1/support/open_enum) features=[]
pal_event v0.0.0 (/home/ruize/openvmm-restore-v1/support/pal/pal_event) features=[mesh] (*)
parking_lot v0.12.4 features=[default] (*)
thiserror v2.0.16 features=[default,std] (*)
tracelimit v0.0.0 (/home/ruize/openvmm-restore-v1/support/tracelimit) features=[] (*)
tracing v0.1.43 features=[attributes,default,std,tracing-attributes] (*)
vmcore v0.0.0 (/home/ruize/openvmm-restore-v1/vm/vmcore) features=[] (*)
zerocopy v0.8.27 features=[alloc,derive,zerocopy-derive] (*)
pci_resources v0.0.0 (/home/ruize/openvmm-restore-v1/vm/devices/pci/pci_resources) features=[]
chipset_device v0.0.0 (/home/ruize/openvmm-restore-v1/vm/chipset_device) features=[] (*)
chipset_device_resources v0.0.0 (/home/ruize/openvmm-restore-v1/vm/chipset_device_resources) features=[]
anyhow v1.0.99 features=[default,std]
async-trait v0.1.89 (proc-macro) features=[] (*)
chipset_device v0.0.0 (/home/ruize/openvmm-restore-v1/vm/chipset_device) features=[] (*)
guestmem v0.0.0 (/home/ruize/openvmm-restore-v1/vm/vmcore/guestmem) features=[] (*)
inspect v0.0.0 (/home/ruize/openvmm-restore-v1/support/inspect) features=[defer,derive,inspect_derive,std] (*)
tdisp v0.0.0 (/home/ruize/openvmm-restore-v1/vm/devices/tdisp) features=[] (*)
vm_resource v0.0.0 (/home/ruize/openvmm-restore-v1/vm/vmcore/vm_resource) features=[] (*)
vmcore v0.0.0 (/home/ruize/openvmm-restore-v1/vm/vmcore) features=[] (*)
guestmem v0.0.0 (/home/ruize/openvmm-restore-v1/vm/vmcore/guestmem) features=[] (*)
pci_core v0.0.0 (/home/ruize/openvmm-restore-v1/vm/devices/pci/pci_core) features=[] (*)
vm_resource v0.0.0 (/home/ruize/openvmm-restore-v1/vm/vmcore/vm_resource) features=[] (*)
vmcore v0.0.0 (/home/ruize/openvmm-restore-v1/vm/vmcore) features=[] (*)
thiserror v2.0.16 features=[default,std] (*)
tracing v0.1.43 features=[attributes,default,std,tracing-attributes] (*)
vm_resource v0.0.0 (/home/ruize/openvmm-restore-v1/vm/vmcore/vm_resource) features=[] (*)
vmcore v0.0.0 (/home/ruize/openvmm-restore-v1/vm/vmcore) features=[] (*)
guid v0.0.0 (/home/ruize/openvmm-restore-v1/support/guid) features=[default,inspect,mesh,mesh_protobuf]
getrandom v0.4.2 features=[] (*)
inspect v0.0.0 (/home/ruize/openvmm-restore-v1/support/inspect) features=[defer,derive,inspect_derive,std] (*)
mesh_protobuf v0.0.0 (/home/ruize/openvmm-restore-v1/support/mesh/mesh_protobuf) features=[default,std] (*)
thiserror v2.0.16 features=[default,std] (*)
zerocopy v0.8.27 features=[alloc,derive,zerocopy-derive] (*)
memory_range v0.0.0 (/home/ruize/openvmm-restore-v1/vm/vmcore/memory_range) features=[inspect,mesh]
inspect v0.0.0 (/home/ruize/openvmm-restore-v1/support/inspect) features=[defer,derive,inspect_derive,std] (*)
mesh_protobuf v0.0.0 (/home/ruize/openvmm-restore-v1/support/mesh/mesh_protobuf) features=[default,std] (*)
thiserror v2.0.16 features=[default,std] (*)
thiserror v2.0.16 features=[default,std] (*)
x86defs v0.0.0 (/home/ruize/openvmm-restore-v1/vm/x86/x86defs) features=[]
bitfield-struct v0.11.0 (proc-macro) features=[] (*)
open_enum v0.0.0 (/home/ruize/openvmm-restore-v1/support/open_enum) features=[]
static_assertions v1.1.0 features=[]
zerocopy v0.8.27 features=[alloc,derive,zerocopy-derive] (*)
zerocopy v0.8.27 features=[alloc,derive,zerocopy-derive] (*)
amd_iommu v0.0.0 (/home/ruize/openvmm-restore-v1/vm/devices/iommu/amd_iommu) features=[]
bitfield-struct v0.11.0 (proc-macro) features=[] (*)
chipset_device v0.0.0 (/home/ruize/openvmm-restore-v1/vm/chipset_device) features=[] (*)
guestmem v0.0.0 (/home/ruize/openvmm-restore-v1/vm/vmcore/guestmem) features=[] (*)
inspect v0.0.0 (/home/ruize/openvmm-restore-v1/support/inspect) features=[defer,derive,inspect_derive,std] (*)
iommu_common v0.0.0 (/home/ruize/openvmm-restore-v1/vm/devices/iommu/iommu_common) features=[]
guestmem v0.0.0 (/home/ruize/openvmm-restore-v1/vm/vmcore/guestmem) features=[] (*)
parking_lot v0.12.4 features=[default] (*)
pci_core v0.0.0 (/home/ruize/openvmm-restore-v1/vm/devices/pci/pci_core) features=[] (*)
thiserror v2.0.16 features=[default,std] (*)
open_enum v0.0.0 (/home/ruize/openvmm-restore-v1/support/open_enum) features=[]
parking_lot v0.12.4 features=[default] (*)
pci_core v0.0.0 (/home/ruize/openvmm-restore-v1/vm/devices/pci/pci_core) features=[] (*)
thiserror v2.0.16 features=[default,std] (*)
tracelimit v0.0.0 (/home/ruize/openvmm-restore-v1/support/tracelimit) features=[] (*)
tracing v0.1.43 features=[attributes,default,std,tracing-attributes] (*)
vmcore v0.0.0 (/home/ruize/openvmm-restore-v1/vm/vmcore) features=[] (*)
zerocopy v0.8.27 features=[alloc,derive,zerocopy-derive] (*)
anyhow v1.0.99 features=[default,std]
async-trait v0.1.89 (proc-macro) features=[] (*)
cache_topology v0.0.0 (/home/ruize/openvmm-restore-v1/support/cache_topology) features=[]
fs-err v3.1.1 features=[] (*)
thiserror v2.0.16 features=[default,std] (*)
cfg-if v1.0.3 features=[]
chipset_device v0.0.0 (/home/ruize/openvmm-restore-v1/vm/chipset_device) features=[] (*)
chipset_device_resources v0.0.0 (/home/ruize/openvmm-restore-v1/vm/chipset_device_resources) features=[] (*)
chipset_device_worker v0.0.0 (/home/ruize/openvmm-restore-v1/workers/chipset_device_worker) features=[]
anyhow v1.0.99 features=[default,std]
async-trait v0.1.89 (proc-macro) features=[] (*)
chipset_device v0.0.0 (/home/ruize/openvmm-restore-v1/vm/chipset_device) features=[] (*)
chipset_device_resources v0.0.0 (/home/ruize/openvmm-restore-v1/vm/chipset_device_resources) features=[] (*)
chipset_device_worker_defs v0.0.0 (/home/ruize/openvmm-restore-v1/workers/chipset_device_worker_defs) features=[]
mesh v0.0.0 (/home/ruize/openvmm-restore-v1/support/mesh) features=[default] (*)
mesh_worker v0.0.0 (/home/ruize/openvmm-restore-v1/support/mesh/mesh_worker) features=[]
anyhow v1.0.99 features=[default,std]
futures v0.3.31 features=[alloc,async-await,default,executor,futures-executor,std] (*)
futures-concurrency v7.6.3 features=[alloc,default,std] (*)
inspect v0.0.0 (/home/ruize/openvmm-restore-v1/support/inspect) features=[defer,derive,inspect_derive,std] (*)
linkme v0.3.33 features=[] (*)
mesh v0.0.0 (/home/ruize/openvmm-restore-v1/support/mesh) features=[default] (*)
tracing v0.1.43 features=[attributes,default,std,tracing-attributes] (*)
unicycle v0.10.2 features=[default,futures-core,futures-rs,lock_api,parking-lot,parking_lot]
futures-core v0.3.31 features=[alloc,default,std]
lock_api v0.4.13 features=[atomic_usize,default] (*)
parking_lot v0.12.4 features=[default] (*)
uniset v0.2.4 features=[default,vec-safety]
vm_resource v0.0.0 (/home/ruize/openvmm-restore-v1/vm/vmcore/vm_resource) features=[] (*)
futures v0.3.31 features=[alloc,async-await,default,executor,futures-executor,std] (*)
guestmem v0.0.0 (/home/ruize/openvmm-restore-v1/vm/vmcore/guestmem) features=[] (*)
inspect v0.0.0 (/home/ruize/openvmm-restore-v1/support/inspect) features=[defer,derive,inspect_derive,std] (*)
mesh v0.0.0 (/home/ruize/openvmm-restore-v1/support/mesh) features=[default] (*)
mesh_worker v0.0.0 (/home/ruize/openvmm-restore-v1/support/mesh/mesh_worker) features=[] (*)
pal_async v0.0.0 (/home/ruize/openvmm-restore-v1/support/pal/pal_async) features=[] (*)
parking_lot v0.12.4 features=[default] (*)
slab v0.4.11 features=[default,std]
thiserror v2.0.16 features=[default,std] (*)
vm_resource v0.0.0 (/home/ruize/openvmm-restore-v1/vm/vmcore/vm_resource) features=[] (*)
vmcore v0.0.0 (/home/ruize/openvmm-restore-v1/vm/vmcore) features=[] (*)
chipset_legacy v0.0.0 (/home/ruize/openvmm-restore-v1/vm/devices/chipset_legacy) features=[]
anyhow v1.0.99 features=[default,std]
async-trait v0.1.89 (proc-macro) features=[] (*)
chipset v0.0.0 (/home/ruize/openvmm-restore-v1/vm/devices/chipset) features=[]
anyhow v1.0.99 features=[default,std]
async-trait v0.1.89 (proc-macro) features=[] (*)
bitfield-struct v0.11.0 (proc-macro) features=[] (*)
chipset_device v0.0.0 (/home/ruize/openvmm-restore-v1/vm/chipset_device) features=[] (*)
chipset_device_resources v0.0.0 (/home/ruize/openvmm-restore-v1/vm/chipset_device_resources) features=[] (*)
chipset_resources v0.0.0 (/home/ruize/openvmm-restore-v1/vm/devices/chipset_resources) features=[]
inspect v0.0.0 (/home/ruize/openvmm-restore-v1/support/inspect) features=[defer,derive,inspect_derive,std] (*)
local_clock v0.0.0 (/home/ruize/openvmm-restore-v1/support/local_clock) features=[default,inspect,jiff_exts]
inspect v0.0.0 (/home/ruize/openvmm-restore-v1/support/inspect) features=[defer,derive,inspect_derive,std] (*)
jiff v0.2.15 features=[alloc,default,perf-inline,std,tz-fat,tz-system,tzdb-bundle-platform,tzdb-concatenated,tzdb-zoneinfo]
parking_lot v0.12.4 features=[default] (*)
memory_range v0.0.0 (/home/ruize/openvmm-restore-v1/vm/vmcore/memory_range) features=[inspect,mesh] (*)
mesh v0.0.0 (/home/ruize/openvmm-restore-v1/support/mesh) features=[default] (*)
vm_resource v0.0.0 (/home/ruize/openvmm-restore-v1/vm/vmcore/vm_resource) features=[] (*)
futures v0.3.31 features=[alloc,async-await,default,executor,futures-executor,std] (*)
input_core v0.0.0 (/home/ruize/openvmm-restore-v1/vm/devices/input_core) features=[]
futures v0.3.31 features=[alloc,async-await,default,executor,futures-executor,std] (*)
mesh v0.0.0 (/home/ruize/openvmm-restore-v1/support/mesh) features=[default] (*)
vm_resource v0.0.0 (/home/ruize/openvmm-restore-v1/vm/vmcore/vm_resource) features=[] (*)
inspect v0.0.0 (/home/ruize/openvmm-restore-v1/support/inspect) features=[defer,derive,inspect_derive,std] (*)
inspect_counters v0.0.0 (/home/ruize/openvmm-restore-v1/support/inspect_counters) features=[]
inspect v0.0.0 (/home/ruize/openvmm-restore-v1/support/inspect) features=[defer,derive,inspect_derive,std] (*)
jiff v0.2.15 features=[alloc,default,perf-inline,std,tz-fat,tz-system,tzdb-bundle-platform,tzdb-concatenated,tzdb-zoneinfo]
local_clock v0.0.0 (/home/ruize/openvmm-restore-v1/support/local_clock) features=[default,inspect,jiff_exts] (*)
mesh v0.0.0 (/home/ruize/openvmm-restore-v1/support/mesh) features=[default] (*)
open_enum v0.0.0 (/home/ruize/openvmm-restore-v1/support/open_enum) features=[]
power_resources v0.0.0 (/home/ruize/openvmm-restore-v1/vm/power_resources) features=[]
mesh v0.0.0 (/home/ruize/openvmm-restore-v1/support/mesh) features=[default] (*)
vm_resource v0.0.0 (/home/ruize/openvmm-restore-v1/vm/vmcore/vm_resource) features=[] (*)
serial_core v0.0.0 (/home/ruize/openvmm-restore-v1/vm/devices/serial/serial_core) features=[]
futures v0.3.31 features=[alloc,async-await,default,executor,futures-executor,std] (*)
inspect v0.0.0 (/home/ruize/openvmm-restore-v1/support/inspect) features=[defer,derive,inspect_derive,std] (*)
mesh v0.0.0 (/home/ruize/openvmm-restore-v1/support/mesh) features=[default] (*)
pal_async v0.0.0 (/home/ruize/openvmm-restore-v1/support/pal/pal_async) features=[] (*)
parking_lot v0.12.4 features=[default] (*)
vm_resource v0.0.0 (/home/ruize/openvmm-restore-v1/vm/vmcore/vm_resource) features=[] (*)
thiserror v2.0.16 features=[default,std] (*)
tracelimit v0.0.0 (/home/ruize/openvmm-restore-v1/support/tracelimit) features=[] (*)
tracing v0.1.43 features=[attributes,default,std,tracing-attributes] (*)
vm_resource v0.0.0 (/home/ruize/openvmm-restore-v1/vm/vmcore/vm_resource) features=[] (*)
vmcore v0.0.0 (/home/ruize/openvmm-restore-v1/vm/vmcore) features=[] (*)
x86defs v0.0.0 (/home/ruize/openvmm-restore-v1/vm/x86/x86defs) features=[] (*)
chipset_device v0.0.0 (/home/ruize/openvmm-restore-v1/vm/chipset_device) features=[] (*)
chipset_device_resources v0.0.0 (/home/ruize/openvmm-restore-v1/vm/chipset_device_resources) features=[] (*)
chipset_resources v0.0.0 (/home/ruize/openvmm-restore-v1/vm/devices/chipset_resources) features=[] (*)
floppy v0.0.0 (/home/ruize/openvmm-restore-v1/vm/devices/storage/floppy) features=[]
arrayvec v0.7.6 features=[std]
bitfield-struct v0.11.0 (proc-macro) features=[] (*)
chipset_device v0.0.0 (/home/ruize/openvmm-restore-v1/vm/chipset_device) features=[] (*)
disk_backend v0.0.0 (/home/ruize/openvmm-restore-v1/vm/devices/storage/disk_backend) features=[]
async-trait v0.1.89 (proc-macro) features=[] (*)
futures v0.3.31 features=[alloc,async-await,default,executor,futures-executor,std] (*)
guestmem v0.0.0 (/home/ruize/openvmm-restore-v1/vm/vmcore/guestmem) features=[] (*)
inspect v0.0.0 (/home/ruize/openvmm-restore-v1/support/inspect) features=[defer,derive,inspect_derive,std] (*)
scsi_buffers v0.0.0 (/home/ruize/openvmm-restore-v1/vm/devices/storage/scsi_buffers) features=[]
event-listener v5.4.1 features=[default,parking,std] (*)
guestmem v0.0.0 (/home/ruize/openvmm-restore-v1/vm/vmcore/guestmem) features=[] (*)
safeatomic v0.0.0 (/home/ruize/openvmm-restore-v1/support/safeatomic) features=[]
zerocopy v0.8.27 features=[alloc,derive,zerocopy-derive] (*)
smallvec v1.15.1 features=[]
zerocopy v0.8.27 features=[alloc,derive,zerocopy-derive] (*)
stackfuture v0.3.0 features=[alloc,default]
thiserror v2.0.16 features=[default,std] (*)
vm_resource v0.0.0 (/home/ruize/openvmm-restore-v1/vm/vmcore/vm_resource) features=[] (*)
vmcore v0.0.0 (/home/ruize/openvmm-restore-v1/vm/vmcore) features=[] (*)
guestmem v0.0.0 (/home/ruize/openvmm-restore-v1/vm/vmcore/guestmem) features=[] (*)
inspect v0.0.0 (/home/ruize/openvmm-restore-v1/support/inspect) features=[defer,derive,inspect_derive,std] (*)
mesh v0.0.0 (/home/ruize/openvmm-restore-v1/support/mesh) features=[default] (*)
open_enum v0.0.0 (/home/ruize/openvmm-restore-v1/support/open_enum) features=[]
scsi_buffers v0.0.0 (/home/ruize/openvmm-restore-v1/vm/devices/storage/scsi_buffers) features=[] (*)
thiserror v2.0.16 features=[default,std] (*)
tracelimit v0.0.0 (/home/ruize/openvmm-restore-v1/support/tracelimit) features=[] (*)
tracing v0.1.43 features=[attributes,default,std,tracing-attributes] (*)
vmcore v0.0.0 (/home/ruize/openvmm-restore-v1/vm/vmcore) features=[] (*)
floppy_pcat_stub v0.0.0 (/home/ruize/openvmm-restore-v1/vm/devices/storage/floppy_pcat_stub) features=[]
arrayvec v0.7.6 features=[std]
bitfield-struct v0.11.0 (proc-macro) features=[] (*)
chipset_device v0.0.0 (/home/ruize/openvmm-restore-v1/vm/chipset_device) features=[] (*)
inspect v0.0.0 (/home/ruize/openvmm-restore-v1/support/inspect) features=[defer,derive,inspect_derive,std] (*)
mesh v0.0.0 (/home/ruize/openvmm-restore-v1/support/mesh) features=[default] (*)
open_enum v0.0.0 (/home/ruize/openvmm-restore-v1/support/open_enum) features=[]
tracelimit v0.0.0 (/home/ruize/openvmm-restore-v1/support/tracelimit) features=[] (*)
tracing v0.1.43 features=[attributes,default,std,tracing-attributes] (*)
vmcore v0.0.0 (/home/ruize/openvmm-restore-v1/vm/vmcore) features=[] (*)
guestmem v0.0.0 (/home/ruize/openvmm-restore-v1/vm/vmcore/guestmem) features=[] (*)
inspect v0.0.0 (/home/ruize/openvmm-restore-v1/support/inspect) features=[defer,derive,inspect_derive,std] (*)
local_clock v0.0.0 (/home/ruize/openvmm-restore-v1/support/local_clock) features=[default,inspect,jiff_exts] (*)
memory_range v0.0.0 (/home/ruize/openvmm-restore-v1/vm/vmcore/memory_range) features=[inspect,mesh] (*)
mesh v0.0.0 (/home/ruize/openvmm-restore-v1/support/mesh) features=[default] (*)
open_enum v0.0.0 (/home/ruize/openvmm-restore-v1/support/open_enum) features=[]
pci_bus v0.0.0 (/home/ruize/openvmm-restore-v1/vm/devices/pci/pci_bus) features=[]
bitfield-struct v0.11.0 (proc-macro) features=[] (*)
chipset_device v0.0.0 (/home/ruize/openvmm-restore-v1/vm/chipset_device) features=[] (*)
inspect v0.0.0 (/home/ruize/openvmm-restore-v1/support/inspect) features=[defer,derive,inspect_derive,std] (*)
mesh v0.0.0 (/home/ruize/openvmm-restore-v1/support/mesh) features=[default] (*)
pci_core v0.0.0 (/home/ruize/openvmm-restore-v1/vm/devices/pci/pci_core) features=[] (*)
thiserror v2.0.16 features=[default,std] (*)
tracelimit v0.0.0 (/home/ruize/openvmm-restore-v1/support/tracelimit) features=[] (*)
tracing v0.1.43 features=[attributes,default,std,tracing-attributes] (*)
vmcore v0.0.0 (/home/ruize/openvmm-restore-v1/vm/vmcore) features=[] (*)
zerocopy v0.8.27 features=[alloc,derive,zerocopy-derive] (*)
pci_core v0.0.0 (/home/ruize/openvmm-restore-v1/vm/devices/pci/pci_core) features=[] (*)
power_resources v0.0.0 (/home/ruize/openvmm-restore-v1/vm/power_resources) features=[] (*)
thiserror v2.0.16 features=[default,std] (*)
tracelimit v0.0.0 (/home/ruize/openvmm-restore-v1/support/tracelimit) features=[] (*)
tracing v0.1.43 features=[attributes,default,std,tracing-attributes] (*)
vm_resource v0.0.0 (/home/ruize/openvmm-restore-v1/vm/vmcore/vm_resource) features=[] (*)
vmcore v0.0.0 (/home/ruize/openvmm-restore-v1/vm/vmcore) features=[] (*)
chipset_resources v0.0.0 (/home/ruize/openvmm-restore-v1/vm/devices/chipset_resources) features=[] (*)
closeable_mutex v0.0.0 (/home/ruize/openvmm-restore-v1/support/closeable_mutex) features=[]
parking_lot v0.12.4 features=[default] (*)
crc32fast v1.5.0 features=[]
cfg-if v1.0.3 features=[]
cxl_spec v0.0.0 (/home/ruize/openvmm-restore-v1/vm/devices/cxl) features=[] (*)
debug_ptr v0.0.0 (/home/ruize/openvmm-restore-v1/support/debug_ptr) features=[]
disk_backend v0.0.0 (/home/ruize/openvmm-restore-v1/vm/devices/storage/disk_backend) features=[] (*)
fdt v0.0.0 (/home/ruize/openvmm-restore-v1/support/fdt) features=[]
thiserror v2.0.16 features=[default,std] (*)
zerocopy v0.8.27 features=[alloc,derive,zerocopy-derive] (*)
firmware_pcat v0.0.0 (/home/ruize/openvmm-restore-v1/vm/devices/firmware/firmware_pcat) features=[]
chipset_device v0.0.0 (/home/ruize/openvmm-restore-v1/vm/chipset_device) features=[] (*)
generation_id v0.0.0 (/home/ruize/openvmm-restore-v1/vm/devices/firmware/generation_id) features=[]
getrandom v0.4.2 features=[] (*)
guestmem v0.0.0 (/home/ruize/openvmm-restore-v1/vm/vmcore/guestmem) features=[] (*)
inspect v0.0.0 (/home/ruize/openvmm-restore-v1/support/inspect) features=[defer,derive,inspect_derive,std] (*)
mesh v0.0.0 (/home/ruize/openvmm-restore-v1/support/mesh) features=[default] (*)
tracelimit v0.0.0 (/home/ruize/openvmm-restore-v1/support/tracelimit) features=[] (*)
tracing v0.1.43 features=[attributes,default,std,tracing-attributes] (*)
vmcore v0.0.0 (/home/ruize/openvmm-restore-v1/vm/vmcore) features=[] (*)
getrandom v0.4.2 features=[] (*)
guestmem v0.0.0 (/home/ruize/openvmm-restore-v1/vm/vmcore/guestmem) features=[] (*)
guid v0.0.0 (/home/ruize/openvmm-restore-v1/support/guid) features=[default,inspect,mesh,mesh_protobuf] (*)
inspect v0.0.0 (/home/ruize/openvmm-restore-v1/support/inspect) features=[defer,derive,inspect_derive,std] (*)
memory_range v0.0.0 (/home/ruize/openvmm-restore-v1/vm/vmcore/memory_range) features=[inspect,mesh] (*)
mesh v0.0.0 (/home/ruize/openvmm-restore-v1/support/mesh) features=[default] (*)
open_enum v0.0.0 (/home/ruize/openvmm-restore-v1/support/open_enum) features=[]
static_assertions v1.1.0 features=[]
thiserror v2.0.16 features=[default,std] (*)
tracelimit v0.0.0 (/home/ruize/openvmm-restore-v1/support/tracelimit) features=[] (*)
tracing v0.1.43 features=[attributes,default,std,tracing-attributes] (*)
vm_topology v0.0.0 (/home/ruize/openvmm-restore-v1/vm/vmcore/vm_topology) features=[default,inspect,mesh]
aarch64defs v0.0.0 (/home/ruize/openvmm-restore-v1/vm/aarch64/aarch64defs) features=[] (*)
cfg-if v1.0.3 features=[]
cxl_spec v0.0.0 (/home/ruize/openvmm-restore-v1/vm/devices/cxl) features=[] (*)
inspect v0.0.0 (/home/ruize/openvmm-restore-v1/support/inspect) features=[defer,derive,inspect_derive,std] (*)
memory_range v0.0.0 (/home/ruize/openvmm-restore-v1/vm/vmcore/memory_range) features=[inspect,mesh] (*)
mesh_protobuf v0.0.0 (/home/ruize/openvmm-restore-v1/support/mesh/mesh_protobuf) features=[default,std] (*)
safe_intrinsics v0.0.0 (/home/ruize/openvmm-restore-v1/support/safe_intrinsics) features=[]
cfg-if v1.0.3 features=[]
thiserror v2.0.16 features=[default,std] (*)
x86defs v0.0.0 (/home/ruize/openvmm-restore-v1/vm/x86/x86defs) features=[] (*)
build_rs_guest_arch v0.0.0 (/home/ruize/openvmm-restore-v1/vm/vmcore/build_rs_guest_arch) features=[]
vmcore v0.0.0 (/home/ruize/openvmm-restore-v1/vm/vmcore) features=[] (*)
zerocopy v0.8.27 features=[alloc,derive,zerocopy-derive] (*)
firmware_uefi_resources v0.0.0 (/home/ruize/openvmm-restore-v1/vm/devices/firmware/firmware_uefi_resources) features=[]
chipset_resources v0.0.0 (/home/ruize/openvmm-restore-v1/vm/devices/chipset_resources) features=[] (*)
firmware_uefi_custom_vars v0.0.0 (/home/ruize/openvmm-restore-v1/vm/devices/firmware/firmware_uefi_custom_vars) features=[]
guid v0.0.0 (/home/ruize/openvmm-restore-v1/support/guid) features=[default,inspect,mesh,mesh_protobuf] (*)
mesh_protobuf v0.0.0 (/home/ruize/openvmm-restore-v1/support/mesh/mesh_protobuf) features=[default,std] (*)
thiserror v2.0.16 features=[default,std] (*)
uefi_specs v0.0.0 (/home/ruize/openvmm-restore-v1/vm/devices/firmware/uefi_specs) features=[default]
bitfield-struct v0.11.0 (proc-macro) features=[] (*)
guid v0.0.0 (/home/ruize/openvmm-restore-v1/support/guid) features=[default,inspect,mesh,mesh_protobuf] (*)
open_enum v0.0.0 (/home/ruize/openvmm-restore-v1/support/open_enum) features=[]
static_assertions v1.1.0 features=[]
ucs2 v0.0.0 (/home/ruize/openvmm-restore-v1/support/ucs2) features=[]
thiserror v2.0.16 features=[default,std] (*)
wchar v0.11.1 features=[default]
wchar-impl v0.11.0 (proc-macro) features=[default]
proc-macro2 v1.0.107 features=[default,proc-macro,span-locations] (*)
quote v1.0.40 features=[default,proc-macro] (*)
syn v1.0.109 features=[clone-impls,default,derive,extra-traits,full,parsing,printing,proc-macro,quote] (*)
zerocopy v0.8.27 features=[alloc,derive,zerocopy-derive] (*)
hcl_compat_uefi_nvram_resources v0.0.0 (/home/ruize/openvmm-restore-v1/vm/devices/firmware/hcl_compat_uefi_nvram_resources) features=[]
inspect v0.0.0 (/home/ruize/openvmm-restore-v1/support/inspect) features=[defer,derive,inspect_derive,std] (*)
mesh_protobuf v0.0.0 (/home/ruize/openvmm-restore-v1/support/mesh/mesh_protobuf) features=[default,std] (*)
hyperv_secure_boot_templates v0.0.0 (/home/ruize/openvmm-restore-v1/vm/devices/firmware/hyperv_secure_boot_templates) features=[]
firmware_uefi_custom_vars v0.0.0 (/home/ruize/openvmm-restore-v1/vm/devices/firmware/firmware_uefi_custom_vars) features=[] (*)
serde_json v1.0.143 features=[std]
itoa v1.0.15 features=[]
memchr v2.7.5 features=[alloc,std]
ryu v1.0.20 features=[]
serde v1.0.228 features=[std]
serde_core v1.0.228 features=[result,std]
inspect v0.0.0 (/home/ruize/openvmm-restore-v1/support/inspect) features=[defer,derive,inspect_derive,std] (*)
mesh v0.0.0 (/home/ruize/openvmm-restore-v1/support/mesh) features=[default] (*)
mesh_protobuf v0.0.0 (/home/ruize/openvmm-restore-v1/support/mesh/mesh_protobuf) features=[default,std] (*)
uefi_specs v0.0.0 (/home/ruize/openvmm-restore-v1/vm/devices/firmware/uefi_specs) features=[default] (*)
vm_resource v0.0.0 (/home/ruize/openvmm-restore-v1/vm/vmcore/vm_resource) features=[] (*)
watchdog_core v0.0.0 (/home/ruize/openvmm-restore-v1/vm/devices/watchdog/watchdog_core) features=[]
async-trait v0.1.89 (proc-macro) features=[] (*)
bitfield-struct v0.11.0 (proc-macro) features=[] (*)
cvm_tracing v0.0.0 (/home/ruize/openvmm-restore-v1/vm/cvm_tracing) features=[]
tracing v0.1.43 features=[attributes,default,std,tracing-attributes] (*)
tracing-subscriber v0.3.22 features=[alloc,ansi,default,fmt,nu-ansi-term,registry,sharded-slab,smallvec,std,thread_local,tracing-log]
nu-ansi-term v0.50.1 features=[]
sharded-slab v0.1.7 features=[]
lazy_static v1.5.0 features=[]
smallvec v1.15.1 features=[]
thread_local v1.1.9 features=[]
cfg-if v1.0.3 features=[]
tracing-core v0.1.35 features=[default,once_cell,std] (*)
tracing-log v0.2.0 features=[log-tracer,std]
log v0.4.27 features=[std]
once_cell v1.21.3 features=[alloc,default,race,std]
tracing-core v0.1.35 features=[default,once_cell,std] (*)
inspect v0.0.0 (/home/ruize/openvmm-restore-v1/support/inspect) features=[defer,derive,inspect_derive,std] (*)
mesh v0.0.0 (/home/ruize/openvmm-restore-v1/support/mesh) features=[default] (*)
pal_async v0.0.0 (/home/ruize/openvmm-restore-v1/support/pal/pal_async) features=[] (*)
parking_lot v0.12.4 features=[default] (*)
thiserror v2.0.16 features=[default,std] (*)
tracing v0.1.43 features=[attributes,default,std,tracing-attributes] (*)
vm_resource v0.0.0 (/home/ruize/openvmm-restore-v1/vm/vmcore/vm_resource) features=[] (*)
vmcore v0.0.0 (/home/ruize/openvmm-restore-v1/vm/vmcore) features=[] (*)
watchdog_vmgs_format v0.0.0 (/home/ruize/openvmm-restore-v1/vm/devices/watchdog/watchdog_vmgs_format) features=[]
thiserror v2.0.16 features=[default,std] (*)
vmcore v0.0.0 (/home/ruize/openvmm-restore-v1/vm/vmcore) features=[] (*)
floppy v0.0.0 (/home/ruize/openvmm-restore-v1/vm/devices/storage/floppy) features=[] (*)
floppy_resources v0.0.0 (/home/ruize/openvmm-restore-v1/vm/devices/storage/floppy_resources) features=[]
mesh v0.0.0 (/home/ruize/openvmm-restore-v1/support/mesh) features=[default] (*)
vm_resource v0.0.0 (/home/ruize/openvmm-restore-v1/vm/vmcore/vm_resource) features=[] (*)
framebuffer v0.0.0 (/home/ruize/openvmm-restore-v1/vm/devices/framebuffer) features=[]
anyhow v1.0.99 features=[default,std]
async-trait v0.1.89 (proc-macro) features=[] (*)
chipset_device v0.0.0 (/home/ruize/openvmm-restore-v1/vm/chipset_device) features=[] (*)
guestmem v0.0.0 (/home/ruize/openvmm-restore-v1/vm/vmcore/guestmem) features=[] (*)
inspect v0.0.0 (/home/ruize/openvmm-restore-v1/support/inspect) features=[defer,derive,inspect_derive,std] (*)
memory_range v0.0.0 (/home/ruize/openvmm-restore-v1/vm/vmcore/memory_range) features=[inspect,mesh] (*)
mesh v0.0.0 (/home/ruize/openvmm-restore-v1/support/mesh) features=[default] (*)
parking_lot v0.12.4 features=[default] (*)
sparse_mmap v0.0.0 (/home/ruize/openvmm-restore-v1/support/sparse_mmap) features=[] (*)
tracing v0.1.43 features=[attributes,default,std,tracing-attributes] (*)
video_core v0.0.0 (/home/ruize/openvmm-restore-v1/vm/devices/video_core) features=[]
async-trait v0.1.89 (proc-macro) features=[] (*)
inspect v0.0.0 (/home/ruize/openvmm-restore-v1/support/inspect) features=[defer,derive,inspect_derive,std] (*)
mesh v0.0.0 (/home/ruize/openvmm-restore-v1/support/mesh) features=[default] (*)
vm_resource v0.0.0 (/home/ruize/openvmm-restore-v1/vm/vmcore/vm_resource) features=[] (*)
vm_resource v0.0.0 (/home/ruize/openvmm-restore-v1/vm/vmcore/vm_resource) features=[] (*)
vmcore v0.0.0 (/home/ruize/openvmm-restore-v1/vm/vmcore) features=[] (*)
futures v0.3.31 features=[alloc,async-await,default,executor,futures-executor,std] (*)
futures-concurrency v7.6.3 features=[alloc,default,std] (*)
get_resources v0.0.0 (/home/ruize/openvmm-restore-v1/vm/devices/get/get_resources) features=[]
inspect v0.0.0 (/home/ruize/openvmm-restore-v1/support/inspect) features=[defer,derive,inspect_derive,std] (*)
mesh v0.0.0 (/home/ruize/openvmm-restore-v1/support/mesh) features=[default] (*)
thiserror v2.0.16 features=[default,std] (*)
vm_resource v0.0.0 (/home/ruize/openvmm-restore-v1/vm/vmcore/vm_resource) features=[] (*)
vmgs_resources v0.0.0 (/home/ruize/openvmm-restore-v1/vm/vmgs/vmgs_resources) features=[]
mesh v0.0.0 (/home/ruize/openvmm-restore-v1/support/mesh) features=[default] (*)
vm_resource v0.0.0 (/home/ruize/openvmm-restore-v1/vm/vmcore/vm_resource) features=[] (*)
vmgs_format v0.0.0 (/home/ruize/openvmm-restore-v1/vm/vmgs/vmgs_format) features=[inspect]
bitfield-struct v0.11.0 (proc-macro) features=[] (*)
inspect v0.0.0 (/home/ruize/openvmm-restore-v1/support/inspect) features=[defer,derive,inspect_derive,std] (*)
open_enum v0.0.0 (/home/ruize/openvmm-restore-v1/support/open_enum) features=[]
serde v1.0.228 features=[alloc,derive,serde_derive,std]
serde_core v1.0.228 features=[alloc,result,std]
serde_derive v1.0.228 (proc-macro) features=[default]
proc-macro2 v1.0.107 features=[default,proc-macro,span-locations] (*)
quote v1.0.40 features=[default,proc-macro] (*)
syn v2.0.106 features=[clone-impls,default,derive,extra-traits,full,parsing,printing,proc-macro,visit,visit-mut] (*)
static_assertions v1.1.0 features=[]
zerocopy v0.8.27 features=[alloc,derive,zerocopy-derive] (*)
getrandom v0.4.2 features=[] (*)
guestmem v0.0.0 (/home/ruize/openvmm-restore-v1/vm/vmcore/guestmem) features=[] (*)
guid v0.0.0 (/home/ruize/openvmm-restore-v1/support/guid) features=[default,inspect,mesh,mesh_protobuf] (*)
hvdef v0.0.0 (/home/ruize/openvmm-restore-v1/vm/hv1/hvdef) features=[] (*)
hyperv_dump v0.0.0 (/home/ruize/openvmm-restore-v1/vmm_core/hyperv_dump) features=[]
hvdef v0.0.0 (/home/ruize/openvmm-restore-v1/vm/hv1/hvdef) features=[] (*)
hvs_file v0.0.0 (/home/ruize/openvmm-restore-v1/support/hvs_file) features=[]
crc32fast v1.5.0 features=[] (*)
open_enum v0.0.0 (/home/ruize/openvmm-restore-v1/support/open_enum) features=[]
static_assertions v1.1.0 features=[]
thiserror v2.0.16 features=[default,std] (*)
zerocopy v0.8.27 features=[alloc,derive,zerocopy-derive] (*)
memory_range v0.0.0 (/home/ruize/openvmm-restore-v1/vm/vmcore/memory_range) features=[inspect,mesh] (*)
static_assertions v1.1.0 features=[]
virt v0.0.0 (/home/ruize/openvmm-restore-v1/vmm_core/virt) features=[]
aarch64defs v0.0.0 (/home/ruize/openvmm-restore-v1/vm/aarch64/aarch64defs) features=[] (*)
anyhow v1.0.99 features=[default,std]
guestmem v0.0.0 (/home/ruize/openvmm-restore-v1/vm/vmcore/guestmem) features=[] (*)
hvdef v0.0.0 (/home/ruize/openvmm-restore-v1/vm/hv1/hvdef) features=[] (*)
inspect v0.0.0 (/home/ruize/openvmm-restore-v1/support/inspect) features=[defer,derive,inspect_derive,std] (*)
memory_range v0.0.0 (/home/ruize/openvmm-restore-v1/vm/vmcore/memory_range) features=[inspect,mesh] (*)
mesh_protobuf v0.0.0 (/home/ruize/openvmm-restore-v1/support/mesh/mesh_protobuf) features=[default,std] (*)
pal_event v0.0.0 (/home/ruize/openvmm-restore-v1/support/pal/pal_event) features=[mesh] (*)
parking_lot v0.12.4 features=[default] (*)
pci_core v0.0.0 (/home/ruize/openvmm-restore-v1/vm/devices/pci/pci_core) features=[] (*)
slab v0.4.11 features=[default,std]
thiserror v2.0.16 features=[default,std] (*)
tracelimit v0.0.0 (/home/ruize/openvmm-restore-v1/support/tracelimit) features=[] (*)
tracing v0.1.43 features=[attributes,default,std,tracing-attributes] (*)
vm_topology v0.0.0 (/home/ruize/openvmm-restore-v1/vm/vmcore/vm_topology) features=[default,inspect,mesh] (*)
vmcore v0.0.0 (/home/ruize/openvmm-restore-v1/vm/vmcore) features=[] (*)
x86defs v0.0.0 (/home/ruize/openvmm-restore-v1/vm/x86/x86defs) features=[] (*)
zerocopy v0.8.27 features=[alloc,derive,zerocopy-derive] (*)
build_rs_guest_arch v0.0.0 (/home/ruize/openvmm-restore-v1/vm/vmcore/build_rs_guest_arch) features=[]
zerocopy v0.8.27 features=[alloc,derive,zerocopy-derive] (*)
hypervisor_resources v0.0.0 (/home/ruize/openvmm-restore-v1/openvmm/hypervisor_resources) features=[]
anyhow v1.0.99 features=[default,std]
linkme v0.3.33 features=[] (*)
mesh v0.0.0 (/home/ruize/openvmm-restore-v1/support/mesh) features=[default] (*)
vm_resource v0.0.0 (/home/ruize/openvmm-restore-v1/vm/vmcore/vm_resource) features=[] (*)
ide v0.0.0 (/home/ruize/openvmm-restore-v1/vm/devices/storage/ide) features=[]
bitfield-struct v0.11.0 (proc-macro) features=[] (*)
chipset_device v0.0.0 (/home/ruize/openvmm-restore-v1/vm/chipset_device) features=[] (*)
disk_backend v0.0.0 (/home/ruize/openvmm-restore-v1/vm/devices/storage/disk_backend) features=[] (*)
guestmem v0.0.0 (/home/ruize/openvmm-restore-v1/vm/vmcore/guestmem) features=[] (*)
ide_resources v0.0.0 (/home/ruize/openvmm-restore-v1/vm/devices/storage/ide_resources) features=[]
inspect v0.0.0 (/home/ruize/openvmm-restore-v1/support/inspect) features=[defer,derive,inspect_derive,std] (*)
mesh v0.0.0 (/home/ruize/openvmm-restore-v1/support/mesh) features=[default] (*)
vm_resource v0.0.0 (/home/ruize/openvmm-restore-v1/vm/vmcore/vm_resource) features=[] (*)
inspect v0.0.0 (/home/ruize/openvmm-restore-v1/support/inspect) features=[defer,derive,inspect_derive,std] (*)
mesh v0.0.0 (/home/ruize/openvmm-restore-v1/support/mesh) features=[default] (*)
open_enum v0.0.0 (/home/ruize/openvmm-restore-v1/support/open_enum) features=[]
pci_core v0.0.0 (/home/ruize/openvmm-restore-v1/vm/devices/pci/pci_core) features=[] (*)
safeatomic v0.0.0 (/home/ruize/openvmm-restore-v1/support/safeatomic) features=[] (*)
scsi_buffers v0.0.0 (/home/ruize/openvmm-restore-v1/vm/devices/storage/scsi_buffers) features=[] (*)
scsi_core v0.0.0 (/home/ruize/openvmm-restore-v1/vm/devices/storage/scsi_core) features=[]
inspect v0.0.0 (/home/ruize/openvmm-restore-v1/support/inspect) features=[defer,derive,inspect_derive,std] (*)
mesh v0.0.0 (/home/ruize/openvmm-restore-v1/support/mesh) features=[default] (*)
scsi_buffers v0.0.0 (/home/ruize/openvmm-restore-v1/vm/devices/storage/scsi_buffers) features=[] (*)
scsi_defs v0.0.0 (/home/ruize/openvmm-restore-v1/vm/devices/storage/scsi_defs) features=[]
bitfield-struct v0.11.0 (proc-macro) features=[] (*)
open_enum v0.0.0 (/home/ruize/openvmm-restore-v1/support/open_enum) features=[]
zerocopy v0.8.27 features=[alloc,derive,zerocopy-derive] (*)
stackfuture v0.3.0 features=[alloc,default]
vm_resource v0.0.0 (/home/ruize/openvmm-restore-v1/vm/vmcore/vm_resource) features=[] (*)
vmcore v0.0.0 (/home/ruize/openvmm-restore-v1/vm/vmcore) features=[] (*)
scsi_defs v0.0.0 (/home/ruize/openvmm-restore-v1/vm/devices/storage/scsi_defs) features=[] (*)
static_assertions v1.1.0 features=[]
thiserror v2.0.16 features=[default,std] (*)
tracelimit v0.0.0 (/home/ruize/openvmm-restore-v1/support/tracelimit) features=[] (*)
tracing v0.1.43 features=[attributes,default,std,tracing-attributes] (*)
tracing_helpers v0.0.0 (/home/ruize/openvmm-restore-v1/support/tracing_helpers) features=[]
anyhow v1.0.99 features=[default,std]
tracing v0.1.43 features=[attributes,default,std,tracing-attributes] (*)
tracing-subscriber v0.3.22 features=[alloc,ansi,default,fmt,nu-ansi-term,registry,sharded-slab,smallvec,std,thread_local,tracing-log] (*)
vmcore v0.0.0 (/home/ruize/openvmm-restore-v1/vm/vmcore) features=[] (*)
zerocopy v0.8.27 features=[alloc,derive,zerocopy-derive] (*)
ide_resources v0.0.0 (/home/ruize/openvmm-restore-v1/vm/devices/storage/ide_resources) features=[] (*)
igvm v0.4.0 (https://github.com/microsoft/igvm?rev=7184dce1086956342c1bf561f82ff268d06d2c73#7184dce1) features=[corim,default]
bitfield-struct v0.12.1 (proc-macro) features=[]
proc-macro2 v1.0.107 features=[default,proc-macro,span-locations] (*)
quote v1.0.40 features=[default,proc-macro] (*)
syn v2.0.106 features=[clone-impls,default,derive,extra-traits,full,parsing,printing,proc-macro,visit,visit-mut] (*)
corim v0.1.3 features=[]
corim-macros v0.1.3 (proc-macro) features=[]
proc-macro2 v1.0.107 features=[default,proc-macro,span-locations] (*)
quote v1.0.40 features=[default,proc-macro] (*)
syn v2.0.106 features=[clone-impls,default,derive,extra-traits,full,parsing,printing,proc-macro,visit,visit-mut] (*)
serde v1.0.228 features=[alloc,derive,serde_derive,std] (*)
thiserror v2.0.16 features=[default,std] (*)
crc32fast v1.5.0 features=[] (*)
hex v0.4.3 features=[alloc]
igvm_defs v0.4.0 (https://github.com/microsoft/igvm?rev=7184dce1086956342c1bf561f82ff268d06d2c73#7184dce1) features=[corim,default,unstable]
bitfield-struct v0.12.1 (proc-macro) features=[] (*)
open-enum v0.5.2 features=[]
open-enum-derive v0.5.2 (proc-macro) features=[]
proc-macro2 v1.0.107 features=[default,proc-macro,span-locations] (*)
quote v1.0.40 features=[default,proc-macro] (*)
syn v2.0.106 features=[clone-impls,default,derive,extra-traits,full,parsing,printing,proc-macro,visit,visit-mut] (*)
static_assertions v1.1.0 features=[]
zerocopy v0.8.27 features=[alloc,derive,zerocopy-derive] (*)
open-enum v0.5.2 features=[] (*)
range_map_vec v0.2.0 features=[]
sha2 v0.11.0 features=[]
cfg-if v1.0.3 features=[]
cpufeatures v0.3.0 features=[]
digest v0.11.2 features=[block-api,default]
block-buffer v0.12.0 features=[]
hybrid-array v0.4.10 features=[]
typenum v1.18.0 features=[const-generics]
crypto-common v0.2.1 features=[]
hybrid-array v0.4.10 features=[] (*)
static_assertions v1.1.0 features=[]
thiserror v2.0.16 features=[default,std] (*)
tracing v0.1.43 features=[attributes,default,std,tracing-attributes] (*)
uuid v1.23.3 features=[]
zerocopy v0.8.27 features=[alloc,derive,zerocopy-derive] (*)
igvm_defs v0.4.0 (https://github.com/microsoft/igvm?rev=7184dce1086956342c1bf561f82ff268d06d2c73#7184dce1) features=[corim,default,unstable] (*)
input_core v0.0.0 (/home/ruize/openvmm-restore-v1/vm/devices/input_core) features=[] (*)
inspect v0.0.0 (/home/ruize/openvmm-restore-v1/support/inspect) features=[defer,derive,inspect_derive,std] (*)
intel_vtd v0.0.0 (/home/ruize/openvmm-restore-v1/vm/devices/iommu/intel_vtd) features=[]
bitfield-struct v0.11.0 (proc-macro) features=[] (*)
chipset_device v0.0.0 (/home/ruize/openvmm-restore-v1/vm/chipset_device) features=[] (*)
guestmem v0.0.0 (/home/ruize/openvmm-restore-v1/vm/vmcore/guestmem) features=[] (*)
inspect v0.0.0 (/home/ruize/openvmm-restore-v1/support/inspect) features=[defer,derive,inspect_derive,std] (*)
iommu_common v0.0.0 (/home/ruize/openvmm-restore-v1/vm/devices/iommu/iommu_common) features=[] (*)
open_enum v0.0.0 (/home/ruize/openvmm-restore-v1/support/open_enum) features=[]
parking_lot v0.12.4 features=[default] (*)
pci_core v0.0.0 (/home/ruize/openvmm-restore-v1/vm/devices/pci/pci_core) features=[] (*)
thiserror v2.0.16 features=[default,std] (*)
tracelimit v0.0.0 (/home/ruize/openvmm-restore-v1/support/tracelimit) features=[] (*)
tracing v0.1.43 features=[attributes,default,std,tracing-attributes] (*)
vmcore v0.0.0 (/home/ruize/openvmm-restore-v1/vm/vmcore) features=[] (*)
x86defs v0.0.0 (/home/ruize/openvmm-restore-v1/vm/x86/x86defs) features=[] (*)
zerocopy v0.8.27 features=[alloc,derive,zerocopy-derive] (*)
iommu_common v0.0.0 (/home/ruize/openvmm-restore-v1/vm/devices/iommu/iommu_common) features=[] (*)
loader v0.0.0 (/home/ruize/openvmm-restore-v1/vm/loader) features=[]
aarch64defs v0.0.0 (/home/ruize/openvmm-restore-v1/vm/aarch64/aarch64defs) features=[] (*)
anyhow v1.0.99 features=[default,std]
bitfield-struct v0.11.0 (proc-macro) features=[] (*)
crc32fast v1.5.0 features=[] (*)
guid v0.0.0 (/home/ruize/openvmm-restore-v1/support/guid) features=[default,inspect,mesh,mesh_protobuf] (*)
hvdef v0.0.0 (/home/ruize/openvmm-restore-v1/vm/hv1/hvdef) features=[] (*)
igvm v0.4.0 (https://github.com/microsoft/igvm?rev=7184dce1086956342c1bf561f82ff268d06d2c73#7184dce1) features=[corim,default] (*)
loader_defs v0.0.0 (/home/ruize/openvmm-restore-v1/vm/loader/loader_defs) features=[]
bitfield-struct v0.11.0 (proc-macro) features=[] (*)
hvdef v0.0.0 (/home/ruize/openvmm-restore-v1/vm/hv1/hvdef) features=[] (*)
igvm_defs v0.4.0 (https://github.com/microsoft/igvm?rev=7184dce1086956342c1bf561f82ff268d06d2c73#7184dce1) features=[corim,default,unstable] (*)
memory_range v0.0.0 (/home/ruize/openvmm-restore-v1/vm/vmcore/memory_range) features=[inspect,mesh] (*)
mesh_protobuf v0.0.0 (/home/ruize/openvmm-restore-v1/support/mesh/mesh_protobuf) features=[default,std] (*)
open_enum v0.0.0 (/home/ruize/openvmm-restore-v1/support/open_enum) features=[]
static_assertions v1.1.0 features=[]
zerocopy v0.8.27 features=[alloc,derive,zerocopy-derive] (*)
memory_range v0.0.0 (/home/ruize/openvmm-restore-v1/vm/vmcore/memory_range) features=[inspect,mesh] (*)
object v0.37.3 features=[coff,elf,pe,read_core,std]
memchr v2.7.5 features=[alloc,default,std]
open_enum v0.0.0 (/home/ruize/openvmm-restore-v1/support/open_enum) features=[]
page_table v0.0.0 (/home/ruize/openvmm-restore-v1/vm/loader/page_table) features=[std,tracing]
bitfield-struct v0.11.0 (proc-macro) features=[] (*)
static_assertions v1.1.0 features=[]
thiserror v2.0.16 features=[default,std] (*)
tracing v0.1.43 features=[attributes,default,std,tracing-attributes] (*)
zerocopy v0.8.27 features=[alloc,derive,zerocopy-derive] (*)
product_policy v0.0.0 (/home/ruize/openvmm-restore-v1/openhcl/product_policy) features=[]
anyhow v1.0.99 features=[default,std]
mesh_protobuf v0.0.0 (/home/ruize/openvmm-restore-v1/support/mesh/mesh_protobuf) features=[default,std] (*)
paste v1.0.15 (proc-macro) features=[]
static_assertions v1.1.0 features=[]
thiserror v2.0.16 features=[default,std] (*)
tracing v0.1.43 features=[attributes,default,std,tracing-attributes] (*)
vm_topology v0.0.0 (/home/ruize/openvmm-restore-v1/vm/vmcore/vm_topology) features=[default,inspect,mesh] (*)
x86defs v0.0.0 (/home/ruize/openvmm-restore-v1/vm/x86/x86defs) features=[] (*)
zerocopy v0.8.27 features=[alloc,derive,zerocopy-derive] (*)
build_rs_guest_arch v0.0.0 (/home/ruize/openvmm-restore-v1/vm/vmcore/build_rs_guest_arch) features=[]
membacking v0.0.0 (/home/ruize/openvmm-restore-v1/openvmm/membacking) features=[]
anyhow v1.0.99 features=[default,std]
futures v0.3.31 features=[alloc,async-await,default,executor,futures-executor,std] (*)
getrandom v0.4.2 features=[] (*)
guestmem v0.0.0 (/home/ruize/openvmm-restore-v1/vm/vmcore/guestmem) features=[] (*)
hvdef v0.0.0 (/home/ruize/openvmm-restore-v1/vm/hv1/hvdef) features=[] (*)
inspect v0.0.0 (/home/ruize/openvmm-restore-v1/support/inspect) features=[defer,derive,inspect_derive,std] (*)
inspect_counters v0.0.0 (/home/ruize/openvmm-restore-v1/support/inspect_counters) features=[] (*)
memory_range v0.0.0 (/home/ruize/openvmm-restore-v1/vm/vmcore/memory_range) features=[inspect,mesh] (*)
mesh v0.0.0 (/home/ruize/openvmm-restore-v1/support/mesh) features=[default] (*)
pal_async v0.0.0 (/home/ruize/openvmm-restore-v1/support/pal/pal_async) features=[] (*)
parking_lot v0.12.4 features=[default] (*)
range_map_vec v0.2.0 features=[]
slab v0.4.11 features=[default,std]
sparse_mmap v0.0.0 (/home/ruize/openvmm-restore-v1/support/sparse_mmap) features=[] (*)
thiserror v2.0.16 features=[default,std] (*)
tracing v0.1.43 features=[attributes,default,std,tracing-attributes] (*)
virt v0.0.0 (/home/ruize/openvmm-restore-v1/vmm_core/virt) features=[] (*)
vmcore v0.0.0 (/home/ruize/openvmm-restore-v1/vm/vmcore) features=[] (*)
memory_range v0.0.0 (/home/ruize/openvmm-restore-v1/vm/vmcore/memory_range) features=[inspect,mesh] (*)
mesh v0.0.0 (/home/ruize/openvmm-restore-v1/support/mesh) features=[default] (*)
mesh_worker v0.0.0 (/home/ruize/openvmm-restore-v1/support/mesh/mesh_worker) features=[] (*)
missing_dev v0.0.0 (/home/ruize/openvmm-restore-v1/vm/devices/missing_dev) features=[]
chipset_device v0.0.0 (/home/ruize/openvmm-restore-v1/vm/chipset_device) features=[] (*)
chipset_device_resources v0.0.0 (/home/ruize/openvmm-restore-v1/vm/chipset_device_resources) features=[] (*)
inspect v0.0.0 (/home/ruize/openvmm-restore-v1/support/inspect) features=[defer,derive,inspect_derive,std] (*)
missing_dev_resources v0.0.0 (/home/ruize/openvmm-restore-v1/vm/devices/missing_dev_resources) features=[]
mesh v0.0.0 (/home/ruize/openvmm-restore-v1/support/mesh) features=[default] (*)
vm_resource v0.0.0 (/home/ruize/openvmm-restore-v1/vm/vmcore/vm_resource) features=[] (*)
pci_core v0.0.0 (/home/ruize/openvmm-restore-v1/vm/devices/pci/pci_core) features=[] (*)
vm_resource v0.0.0 (/home/ruize/openvmm-restore-v1/vm/vmcore/vm_resource) features=[] (*)
vmcore v0.0.0 (/home/ruize/openvmm-restore-v1/vm/vmcore) features=[] (*)
openvmm_defs v0.0.0 (/home/ruize/openvmm-restore-v1/openvmm/openvmm_defs) features=[]
anyhow v1.0.99 features=[default,std]
chipset_resources v0.0.0 (/home/ruize/openvmm-restore-v1/vm/devices/chipset_resources) features=[] (*)
floppy_resources v0.0.0 (/home/ruize/openvmm-restore-v1/vm/devices/storage/floppy_resources) features=[] (*)
framebuffer v0.0.0 (/home/ruize/openvmm-restore-v1/vm/devices/framebuffer) features=[] (*)
get_resources v0.0.0 (/home/ruize/openvmm-restore-v1/vm/devices/get/get_resources) features=[] (*)
guid v0.0.0 (/home/ruize/openvmm-restore-v1/support/guid) features=[default,inspect,mesh,mesh_protobuf] (*)
hypervisor_resources v0.0.0 (/home/ruize/openvmm-restore-v1/openvmm/hypervisor_resources) features=[] (*)
ide_resources v0.0.0 (/home/ruize/openvmm-restore-v1/vm/devices/storage/ide_resources) features=[] (*)
input_core v0.0.0 (/home/ruize/openvmm-restore-v1/vm/devices/input_core) features=[] (*)
memory_range v0.0.0 (/home/ruize/openvmm-restore-v1/vm/vmcore/memory_range) features=[inspect,mesh] (*)
mesh v0.0.0 (/home/ruize/openvmm-restore-v1/support/mesh) features=[default] (*)
mesh_worker v0.0.0 (/home/ruize/openvmm-restore-v1/support/mesh/mesh_worker) features=[] (*)
net_backend_resources v0.0.0 (/home/ruize/openvmm-restore-v1/vm/devices/net/net_backend_resources) features=[]
guid v0.0.0 (/home/ruize/openvmm-restore-v1/support/guid) features=[default,inspect,mesh,mesh_protobuf] (*)
inspect v0.0.0 (/home/ruize/openvmm-restore-v1/support/inspect) features=[defer,derive,inspect_derive,std] (*)
mesh v0.0.0 (/home/ruize/openvmm-restore-v1/support/mesh) features=[default] (*)
thiserror v2.0.16 features=[default,std] (*)
vm_resource v0.0.0 (/home/ruize/openvmm-restore-v1/vm/vmcore/vm_resource) features=[] (*)
openvmm_pcat_locator v0.0.0 (/home/ruize/openvmm-restore-v1/openvmm/openvmm_pcat_locator) features=[]
anyhow v1.0.99 features=[default,std]
fs-err v3.1.1 features=[] (*)
mesh v0.0.0 (/home/ruize/openvmm-restore-v1/support/mesh) features=[default] (*)
resource_dll_parser v0.0.0 (/home/ruize/openvmm-restore-v1/support/resource_dll_parser) features=[]
anyhow v1.0.99 features=[default,std]
fs-err v3.1.1 features=[] (*)
object v0.37.3 features=[coff,elf,pe,read_core,std] (*)
tracing v0.1.43 features=[attributes,default,std,tracing-attributes] (*)
state_unit v0.0.0 (/home/ruize/openvmm-restore-v1/vmm_core/state_unit) features=[]
anyhow v1.0.99 features=[default,std]
event-listener v5.4.1 features=[default,parking,std] (*)
futures v0.3.31 features=[alloc,async-await,default,executor,futures-executor,std] (*)
futures-concurrency v7.6.3 features=[alloc,default,std] (*)
inspect v0.0.0 (/home/ruize/openvmm-restore-v1/support/inspect) features=[defer,derive,inspect_derive,std] (*)
mesh v0.0.0 (/home/ruize/openvmm-restore-v1/support/mesh) features=[default] (*)
pal_async v0.0.0 (/home/ruize/openvmm-restore-v1/support/pal/pal_async) features=[] (*)
parking_lot v0.12.4 features=[default] (*)
thiserror v2.0.16 features=[default,std] (*)
tracing v0.1.43 features=[attributes,default,std,tracing-attributes] (*)
vmcore v0.0.0 (/home/ruize/openvmm-restore-v1/vm/vmcore) features=[] (*)
thiserror v2.0.16 features=[default,std] (*)
unix_socket v0.0.0 (/home/ruize/openvmm-restore-v1/support/unix_socket) features=[mesh] (*)
virt v0.0.0 (/home/ruize/openvmm-restore-v1/vmm_core/virt) features=[] (*)
vm_resource v0.0.0 (/home/ruize/openvmm-restore-v1/vm/vmcore/vm_resource) features=[] (*)
vmcore v0.0.0 (/home/ruize/openvmm-restore-v1/vm/vmcore) features=[] (*)
vmgs_resources v0.0.0 (/home/ruize/openvmm-restore-v1/vm/vmgs/vmgs_resources) features=[] (*)
vmm_core_defs v0.0.0 (/home/ruize/openvmm-restore-v1/vmm_core/vmm_core_defs) features=[]
inspect v0.0.0 (/home/ruize/openvmm-restore-v1/support/inspect) features=[defer,derive,inspect_derive,std] (*)
mesh v0.0.0 (/home/ruize/openvmm-restore-v1/support/mesh) features=[default] (*)
virt v0.0.0 (/home/ruize/openvmm-restore-v1/vmm_core/virt) features=[] (*)
vmotherboard v0.0.0 (/home/ruize/openvmm-restore-v1/vmm_core/vmotherboard) features=[dev_generic_isa_floppy,dev_hyperv_vga,dev_winbond_super_io_and_floppy_full]
address_filter v0.0.0 (/home/ruize/openvmm-restore-v1/support/address_filter) features=[]
inspect v0.0.0 (/home/ruize/openvmm-restore-v1/support/inspect) features=[defer,derive,inspect_derive,std] (*)
thiserror v2.0.16 features=[default,std] (*)
anyhow v1.0.99 features=[default,std]
arc_cyclic_builder v0.0.0 (/home/ruize/openvmm-restore-v1/support/arc_cyclic_builder) features=[]
async-trait v0.1.89 (proc-macro) features=[] (*)
chipset v0.0.0 (/home/ruize/openvmm-restore-v1/vm/devices/chipset) features=[] (*)
chipset_device v0.0.0 (/home/ruize/openvmm-restore-v1/vm/chipset_device) features=[] (*)
chipset_device_resources v0.0.0 (/home/ruize/openvmm-restore-v1/vm/chipset_device_resources) features=[] (*)
chipset_legacy v0.0.0 (/home/ruize/openvmm-restore-v1/vm/devices/chipset_legacy) features=[] (*)
chipset_resources v0.0.0 (/home/ruize/openvmm-restore-v1/vm/devices/chipset_resources) features=[] (*)
closeable_mutex v0.0.0 (/home/ruize/openvmm-restore-v1/support/closeable_mutex) features=[] (*)
cvm_tracing v0.0.0 (/home/ruize/openvmm-restore-v1/vm/cvm_tracing) features=[] (*)
firmware_pcat v0.0.0 (/home/ruize/openvmm-restore-v1/vm/devices/firmware/firmware_pcat) features=[] (*)
floppy v0.0.0 (/home/ruize/openvmm-restore-v1/vm/devices/storage/floppy) features=[] (*)
framebuffer v0.0.0 (/home/ruize/openvmm-restore-v1/vm/devices/framebuffer) features=[] (*)
futures v0.3.31 features=[alloc,async-await,default,executor,futures-executor,std] (*)
generation_id v0.0.0 (/home/ruize/openvmm-restore-v1/vm/devices/firmware/generation_id) features=[] (*)
guestmem v0.0.0 (/home/ruize/openvmm-restore-v1/vm/vmcore/guestmem) features=[] (*)
ide v0.0.0 (/home/ruize/openvmm-restore-v1/vm/devices/storage/ide) features=[] (*)
inspect v0.0.0 (/home/ruize/openvmm-restore-v1/support/inspect) features=[defer,derive,inspect_derive,std] (*)
inspect_counters v0.0.0 (/home/ruize/openvmm-restore-v1/support/inspect_counters) features=[] (*)
mesh v0.0.0 (/home/ruize/openvmm-restore-v1/support/mesh) features=[default] (*)
missing_dev v0.0.0 (/home/ruize/openvmm-restore-v1/vm/devices/missing_dev) features=[] (*)
pal_async v0.0.0 (/home/ruize/openvmm-restore-v1/support/pal/pal_async) features=[] (*)
parking_lot v0.12.4 features=[default] (*)
paste v1.0.15 (proc-macro) features=[]
pci_bus v0.0.0 (/home/ruize/openvmm-restore-v1/vm/devices/pci/pci_bus) features=[] (*)
pcie v0.0.0 (/home/ruize/openvmm-restore-v1/vm/devices/pci/pcie) features=[]
anyhow v1.0.99 features=[default,std]
chipset_device v0.0.0 (/home/ruize/openvmm-restore-v1/vm/chipset_device) features=[] (*)
cxl_spec v0.0.0 (/home/ruize/openvmm-restore-v1/vm/devices/cxl) features=[] (*)
inspect v0.0.0 (/home/ruize/openvmm-restore-v1/support/inspect) features=[defer,derive,inspect_derive,std] (*)
memory_range v0.0.0 (/home/ruize/openvmm-restore-v1/vm/vmcore/memory_range) features=[inspect,mesh] (*)
mesh v0.0.0 (/home/ruize/openvmm-restore-v1/support/mesh) features=[default] (*)
pal_async v0.0.0 (/home/ruize/openvmm-restore-v1/support/pal/pal_async) features=[] (*)
pal_event v0.0.0 (/home/ruize/openvmm-restore-v1/support/pal/pal_event) features=[mesh] (*)
pci_bus v0.0.0 (/home/ruize/openvmm-restore-v1/vm/devices/pci/pci_bus) features=[] (*)
pci_core v0.0.0 (/home/ruize/openvmm-restore-v1/vm/devices/pci/pci_core) features=[] (*)
thiserror v2.0.16 features=[default,std] (*)
tracelimit v0.0.0 (/home/ruize/openvmm-restore-v1/support/tracelimit) features=[] (*)
tracing v0.1.43 features=[attributes,default,std,tracing-attributes] (*)
vmcore v0.0.0 (/home/ruize/openvmm-restore-v1/vm/vmcore) features=[] (*)
zerocopy v0.8.27 features=[alloc,derive,zerocopy-derive] (*)
range_map_vec v0.2.0 features=[]
state_unit v0.0.0 (/home/ruize/openvmm-restore-v1/vmm_core/state_unit) features=[] (*)
thiserror v2.0.16 features=[default,std] (*)
tracelimit v0.0.0 (/home/ruize/openvmm-restore-v1/support/tracelimit) features=[] (*)
tracing v0.1.43 features=[attributes,default,std,tracing-attributes] (*)
vga v0.0.0 (/home/ruize/openvmm-restore-v1/vm/devices/vga) features=[]
chipset_device v0.0.0 (/home/ruize/openvmm-restore-v1/vm/chipset_device) features=[] (*)
framebuffer v0.0.0 (/home/ruize/openvmm-restore-v1/vm/devices/framebuffer) features=[] (*)
guestmem v0.0.0 (/home/ruize/openvmm-restore-v1/vm/vmcore/guestmem) features=[] (*)
inspect v0.0.0 (/home/ruize/openvmm-restore-v1/support/inspect) features=[defer,derive,inspect_derive,std] (*)
memory_range v0.0.0 (/home/ruize/openvmm-restore-v1/vm/vmcore/memory_range) features=[inspect,mesh] (*)
open_enum v0.0.0 (/home/ruize/openvmm-restore-v1/support/open_enum) features=[]
pal_async v0.0.0 (/home/ruize/openvmm-restore-v1/support/pal/pal_async) features=[] (*)
parking_lot v0.12.4 features=[default] (*)
pci_core v0.0.0 (/home/ruize/openvmm-restore-v1/vm/devices/pci/pci_core) features=[] (*)
task_control v0.0.0 (/home/ruize/openvmm-restore-v1/support/task_control) features=[]
fast_select v0.0.0 (/home/ruize/openvmm-restore-v1/support/fast_select) features=[]
parking_lot v0.12.4 features=[default] (*)
inspect v0.0.0 (/home/ruize/openvmm-restore-v1/support/inspect) features=[defer,derive,inspect_derive,std] (*)
pal_async v0.0.0 (/home/ruize/openvmm-restore-v1/support/pal/pal_async) features=[] (*)
parking_lot v0.12.4 features=[default] (*)
thiserror v2.0.16 features=[default,std] (*)
tracing v0.1.43 features=[attributes,default,std,tracing-attributes] (*)
video_core v0.0.0 (/home/ruize/openvmm-restore-v1/vm/devices/video_core) features=[] (*)
vmcore v0.0.0 (/home/ruize/openvmm-restore-v1/vm/vmcore) features=[] (*)
zerocopy v0.8.27 features=[alloc,derive,zerocopy-derive] (*)
vm_resource v0.0.0 (/home/ruize/openvmm-restore-v1/vm/vmcore/vm_resource) features=[] (*)
vmcore v0.0.0 (/home/ruize/openvmm-restore-v1/vm/vmcore) features=[] (*)
openvmm_pcat_locator v0.0.0 (/home/ruize/openvmm-restore-v1/openvmm/openvmm_pcat_locator) features=[] (*)
pal_async v0.0.0 (/home/ruize/openvmm-restore-v1/support/pal/pal_async) features=[] (*)
parking_lot v0.12.4 features=[default] (*)
pci_bus v0.0.0 (/home/ruize/openvmm-restore-v1/vm/devices/pci/pci_bus) features=[] (*)
pci_core v0.0.0 (/home/ruize/openvmm-restore-v1/vm/devices/pci/pci_core) features=[] (*)
pci_resource_assignment v0.0.0 (/home/ruize/openvmm-restore-v1/vm/devices/pci/pci_resource_assignment) features=[]
memory_range v0.0.0 (/home/ruize/openvmm-restore-v1/vm/vmcore/memory_range) features=[inspect,mesh] (*)
pci_core v0.0.0 (/home/ruize/openvmm-restore-v1/vm/devices/pci/pci_core) features=[] (*)
thiserror v2.0.16 features=[default,std] (*)
tracing v0.1.43 features=[attributes,default,std,tracing-attributes] (*)
pci_resources v0.0.0 (/home/ruize/openvmm-restore-v1/vm/devices/pci/pci_resources) features=[] (*)
pcie v0.0.0 (/home/ruize/openvmm-restore-v1/vm/devices/pci/pcie) features=[] (*)
range_map_vec v0.2.0 features=[]
scsi_core v0.0.0 (/home/ruize/openvmm-restore-v1/vm/devices/storage/scsi_core) features=[] (*)
scsidisk v0.0.0 (/home/ruize/openvmm-restore-v1/vm/devices/storage/scsidisk) features=[]
anyhow v1.0.99 features=[default,std]
async-trait v0.1.89 (proc-macro) features=[] (*)
disk_backend v0.0.0 (/home/ruize/openvmm-restore-v1/vm/devices/storage/disk_backend) features=[] (*)
futures v0.3.31 features=[alloc,async-await,default,executor,futures-executor,std] (*)
guestmem v0.0.0 (/home/ruize/openvmm-restore-v1/vm/vmcore/guestmem) features=[] (*)
guid v0.0.0 (/home/ruize/openvmm-restore-v1/support/guid) features=[default,inspect,mesh,mesh_protobuf] (*)
inspect v0.0.0 (/home/ruize/openvmm-restore-v1/support/inspect) features=[defer,derive,inspect_derive,std] (*)
mesh v0.0.0 (/home/ruize/openvmm-restore-v1/support/mesh) features=[default] (*)
pal_async v0.0.0 (/home/ruize/openvmm-restore-v1/support/pal/pal_async) features=[] (*)
parking_lot v0.12.4 features=[default] (*)
scsi_buffers v0.0.0 (/home/ruize/openvmm-restore-v1/vm/devices/storage/scsi_buffers) features=[] (*)
scsi_core v0.0.0 (/home/ruize/openvmm-restore-v1/vm/devices/storage/scsi_core) features=[] (*)
scsi_defs v0.0.0 (/home/ruize/openvmm-restore-v1/vm/devices/storage/scsi_defs) features=[] (*)
scsidisk_resources v0.0.0 (/home/ruize/openvmm-restore-v1/vm/devices/storage/scsidisk_resources) features=[]
inspect v0.0.0 (/home/ruize/openvmm-restore-v1/support/inspect) features=[defer,derive,inspect_derive,std] (*)
mesh v0.0.0 (/home/ruize/openvmm-restore-v1/support/mesh) features=[default] (*)
storage_string v0.0.0 (/home/ruize/openvmm-restore-v1/vm/devices/storage/storage_string) features=[]
inspect v0.0.0 (/home/ruize/openvmm-restore-v1/support/inspect) features=[defer,derive,inspect_derive,std] (*)
mesh_protobuf v0.0.0 (/home/ruize/openvmm-restore-v1/support/mesh/mesh_protobuf) features=[default,std] (*)
thiserror v2.0.16 features=[default,std] (*)
zerocopy v0.8.27 features=[alloc,derive,zerocopy-derive] (*)
vm_resource v0.0.0 (/home/ruize/openvmm-restore-v1/vm/vmcore/vm_resource) features=[] (*)
stackfuture v0.3.0 features=[alloc,default]
thiserror v2.0.16 features=[default,std] (*)
tracelimit v0.0.0 (/home/ruize/openvmm-restore-v1/support/tracelimit) features=[] (*)
tracing v0.1.43 features=[attributes,default,std,tracing-attributes] (*)
tracing_helpers v0.0.0 (/home/ruize/openvmm-restore-v1/support/tracing_helpers) features=[] (*)
vm_resource v0.0.0 (/home/ruize/openvmm-restore-v1/vm/vmcore/vm_resource) features=[] (*)
vmcore v0.0.0 (/home/ruize/openvmm-restore-v1/vm/vmcore) features=[] (*)
zerocopy v0.8.27 features=[alloc,derive,zerocopy-derive] (*)
serial_16550_resources v0.0.0 (/home/ruize/openvmm-restore-v1/vm/devices/serial/serial_16550_resources) features=[]
mesh v0.0.0 (/home/ruize/openvmm-restore-v1/support/mesh) features=[default] (*)
vm_resource v0.0.0 (/home/ruize/openvmm-restore-v1/vm/vmcore/vm_resource) features=[] (*)
smmu v0.0.0 (/home/ruize/openvmm-restore-v1/vm/devices/iommu/smmu) features=[]
anyhow v1.0.99 features=[default,std]
bitfield-struct v0.11.0 (proc-macro) features=[] (*)
chipset_device v0.0.0 (/home/ruize/openvmm-restore-v1/vm/chipset_device) features=[] (*)
guestmem v0.0.0 (/home/ruize/openvmm-restore-v1/vm/vmcore/guestmem) features=[] (*)
inspect v0.0.0 (/home/ruize/openvmm-restore-v1/support/inspect) features=[defer,derive,inspect_derive,std] (*)
iommu_common v0.0.0 (/home/ruize/openvmm-restore-v1/vm/devices/iommu/iommu_common) features=[] (*)
mesh v0.0.0 (/home/ruize/openvmm-restore-v1/support/mesh) features=[default] (*)
open_enum v0.0.0 (/home/ruize/openvmm-restore-v1/support/open_enum) features=[]
pal_event v0.0.0 (/home/ruize/openvmm-restore-v1/support/pal/pal_event) features=[mesh] (*)
parking_lot v0.12.4 features=[default] (*)
pci_core v0.0.0 (/home/ruize/openvmm-restore-v1/vm/devices/pci/pci_core) features=[] (*)
thiserror v2.0.16 features=[default,std] (*)
tracelimit v0.0.0 (/home/ruize/openvmm-restore-v1/support/tracelimit) features=[] (*)
vmcore v0.0.0 (/home/ruize/openvmm-restore-v1/vm/vmcore) features=[] (*)
zerocopy v0.8.27 features=[alloc,derive,zerocopy-derive] (*)
sparse_mmap v0.0.0 (/home/ruize/openvmm-restore-v1/support/sparse_mmap) features=[] (*)
state_unit v0.0.0 (/home/ruize/openvmm-restore-v1/vmm_core/state_unit) features=[] (*)
thiserror v2.0.16 features=[default,std] (*)
tracelimit v0.0.0 (/home/ruize/openvmm-restore-v1/support/tracelimit) features=[] (*)
tracing v0.1.43 features=[attributes,default,std,tracing-attributes] (*)
uefi_specs v0.0.0 (/home/ruize/openvmm-restore-v1/vm/devices/firmware/uefi_specs) features=[default] (*)
vfio_assigned_device v0.0.0 (/home/ruize/openvmm-restore-v1/vm/devices/pci/vfio_assigned_device) features=[]
anyhow v1.0.99 features=[default,std]
async-trait v0.1.89 (proc-macro) features=[] (*)
chipset_device v0.0.0 (/home/ruize/openvmm-restore-v1/vm/chipset_device) features=[] (*)
guestmem v0.0.0 (/home/ruize/openvmm-restore-v1/vm/vmcore/guestmem) features=[] (*)
inspect v0.0.0 (/home/ruize/openvmm-restore-v1/support/inspect) features=[defer,derive,inspect_derive,std] (*)
membacking v0.0.0 (/home/ruize/openvmm-restore-v1/openvmm/membacking) features=[] (*)
memory_range v0.0.0 (/home/ruize/openvmm-restore-v1/vm/vmcore/memory_range) features=[inspect,mesh] (*)
mesh v0.0.0 (/home/ruize/openvmm-restore-v1/support/mesh) features=[default] (*)
pal_async v0.0.0 (/home/ruize/openvmm-restore-v1/support/pal/pal_async) features=[] (*)
parking_lot v0.12.4 features=[default] (*)
pci_core v0.0.0 (/home/ruize/openvmm-restore-v1/vm/devices/pci/pci_core) features=[] (*)
pci_resources v0.0.0 (/home/ruize/openvmm-restore-v1/vm/devices/pci/pci_resources) features=[] (*)
tracelimit v0.0.0 (/home/ruize/openvmm-restore-v1/support/tracelimit) features=[] (*)
tracing v0.1.43 features=[attributes,default,std,tracing-attributes] (*)
vfio-bindings v0.4.0 features=[]
vfio_assigned_device_resources v0.0.0 (/home/ruize/openvmm-restore-v1/vm/devices/pci/vfio_assigned_device_resources) features=[]
mesh v0.0.0 (/home/ruize/openvmm-restore-v1/support/mesh) features=[default] (*)
vm_resource v0.0.0 (/home/ruize/openvmm-restore-v1/vm/vmcore/vm_resource) features=[] (*)
vfio_sys v0.0.0 (/home/ruize/openvmm-restore-v1/vm/devices/user_driver/vfio_sys) features=[]
anyhow v1.0.99 features=[default,std]
bitfield-struct v0.11.0 (proc-macro) features=[] (*)
headervec v0.0.0 (/home/ruize/openvmm-restore-v1/support/headervec) features=[]
libc v0.2.184 features=[default,extra_traits,std]
memory_range v0.0.0 (/home/ruize/openvmm-restore-v1/vm/vmcore/memory_range) features=[inspect,mesh] (*)
nix v0.30.1 features=[ioctl]
bitflags v2.9.3 features=[]
cfg-if v1.0.3 features=[]
libc v0.2.184 features=[default,extra_traits,std]
cfg_aliases v0.2.1 features=[]
pal_async v0.0.0 (/home/ruize/openvmm-restore-v1/support/pal/pal_async) features=[] (*)
thiserror v2.0.16 features=[default,std] (*)
tracelimit v0.0.0 (/home/ruize/openvmm-restore-v1/support/tracelimit) features=[] (*)
tracing v0.1.43 features=[attributes,default,std,tracing-attributes] (*)
vfio-bindings v0.4.0 features=[]
vm_resource v0.0.0 (/home/ruize/openvmm-restore-v1/vm/vmcore/vm_resource) features=[] (*)
vmcore v0.0.0 (/home/ruize/openvmm-restore-v1/vm/vmcore) features=[] (*)
vfio_assigned_device_resources v0.0.0 (/home/ruize/openvmm-restore-v1/vm/devices/pci/vfio_assigned_device_resources) features=[] (*)
virt v0.0.0 (/home/ruize/openvmm-restore-v1/vmm_core/virt) features=[] (*)
virtio v0.0.0 (/home/ruize/openvmm-restore-v1/vm/devices/virtio/virtio) features=[]
anyhow v1.0.99 features=[default,std]
async-trait v0.1.89 (proc-macro) features=[] (*)
chipset_device v0.0.0 (/home/ruize/openvmm-restore-v1/vm/chipset_device) features=[] (*)
device_emulators v0.0.0 (/home/ruize/openvmm-restore-v1/vm/devices/support/device_emulators) features=[]
futures v0.3.31 features=[alloc,async-await,default,executor,futures-executor,std] (*)
guestmem v0.0.0 (/home/ruize/openvmm-restore-v1/vm/vmcore/guestmem) features=[] (*)
inspect v0.0.0 (/home/ruize/openvmm-restore-v1/support/inspect) features=[defer,derive,inspect_derive,std] (*)
mesh v0.0.0 (/home/ruize/openvmm-restore-v1/support/mesh) features=[default] (*)
pal_async v0.0.0 (/home/ruize/openvmm-restore-v1/support/pal/pal_async) features=[] (*)
pal_event v0.0.0 (/home/ruize/openvmm-restore-v1/support/pal/pal_event) features=[mesh] (*)
parking_lot v0.12.4 features=[default] (*)
pci_core v0.0.0 (/home/ruize/openvmm-restore-v1/vm/devices/pci/pci_core) features=[] (*)
pci_resources v0.0.0 (/home/ruize/openvmm-restore-v1/vm/devices/pci/pci_resources) features=[] (*)
thiserror v2.0.16 features=[default,std] (*)
tracelimit v0.0.0 (/home/ruize/openvmm-restore-v1/support/tracelimit) features=[] (*)
tracing v0.1.43 features=[attributes,default,std,tracing-attributes] (*)
virtio_resources v0.0.0 (/home/ruize/openvmm-restore-v1/vm/devices/virtio/virtio_resources) features=[]
mesh v0.0.0 (/home/ruize/openvmm-restore-v1/support/mesh) features=[default] (*)
net_backend_resources v0.0.0 (/home/ruize/openvmm-restore-v1/vm/devices/net/net_backend_resources) features=[] (*)
unix_socket v0.0.0 (/home/ruize/openvmm-restore-v1/support/unix_socket) features=[mesh] (*)
vm_resource v0.0.0 (/home/ruize/openvmm-restore-v1/vm/vmcore/vm_resource) features=[] (*)
virtio_spec v0.0.0 (/home/ruize/openvmm-restore-v1/vm/devices/virtio/virtio_spec) features=[]
bitfield-struct v0.11.0 (proc-macro) features=[] (*)
inspect v0.0.0 (/home/ruize/openvmm-restore-v1/support/inspect) features=[defer,derive,inspect_derive,std] (*)
open_enum v0.0.0 (/home/ruize/openvmm-restore-v1/support/open_enum) features=[]
zerocopy v0.8.27 features=[alloc,derive,zerocopy-derive] (*)
vm_resource v0.0.0 (/home/ruize/openvmm-restore-v1/vm/vmcore/vm_resource) features=[] (*)
vmcore v0.0.0 (/home/ruize/openvmm-restore-v1/vm/vmcore) features=[] (*)
zerocopy v0.8.27 features=[alloc,derive,zerocopy-derive] (*)
vm_loader v0.0.0 (/home/ruize/openvmm-restore-v1/vmm_core/vm_loader) features=[]
anyhow v1.0.99 features=[default,std]
guestmem v0.0.0 (/home/ruize/openvmm-restore-v1/vm/vmcore/guestmem) features=[] (*)
hvdef v0.0.0 (/home/ruize/openvmm-restore-v1/vm/hv1/hvdef) features=[] (*)
loader v0.0.0 (/home/ruize/openvmm-restore-v1/vm/loader) features=[] (*)
memory_range v0.0.0 (/home/ruize/openvmm-restore-v1/vm/vmcore/memory_range) features=[inspect,mesh] (*)
range_map_vec v0.2.0 features=[]
tracing v0.1.43 features=[attributes,default,std,tracing-attributes] (*)
virt v0.0.0 (/home/ruize/openvmm-restore-v1/vmm_core/virt) features=[] (*)
vm_topology v0.0.0 (/home/ruize/openvmm-restore-v1/vm/vmcore/vm_topology) features=[default,inspect,mesh] (*)
build_rs_guest_arch v0.0.0 (/home/ruize/openvmm-restore-v1/vm/vmcore/build_rs_guest_arch) features=[]
vm_resource v0.0.0 (/home/ruize/openvmm-restore-v1/vm/vmcore/vm_resource) features=[] (*)
vm_topology v0.0.0 (/home/ruize/openvmm-restore-v1/vm/vmcore/vm_topology) features=[default,inspect,mesh] (*)
vmbus_channel v0.0.0 (/home/ruize/openvmm-restore-v1/vm/devices/vmbus/vmbus_channel) features=[]
anyhow v1.0.99 features=[default,std]
async-trait v0.1.89 (proc-macro) features=[] (*)
futures v0.3.31 features=[alloc,async-await,default,executor,futures-executor,std] (*)
guestmem v0.0.0 (/home/ruize/openvmm-restore-v1/vm/vmcore/guestmem) features=[] (*)
guid v0.0.0 (/home/ruize/openvmm-restore-v1/support/guid) features=[default,inspect,mesh,mesh_protobuf] (*)
inspect v0.0.0 (/home/ruize/openvmm-restore-v1/support/inspect) features=[defer,derive,inspect_derive,std] (*)
mesh v0.0.0 (/home/ruize/openvmm-restore-v1/support/mesh) features=[default] (*)
pal_async v0.0.0 (/home/ruize/openvmm-restore-v1/support/pal/pal_async) features=[] (*)
pal_event v0.0.0 (/home/ruize/openvmm-restore-v1/support/pal/pal_event) features=[mesh] (*)
parking_lot v0.12.4 features=[default] (*)
task_control v0.0.0 (/home/ruize/openvmm-restore-v1/support/task_control) features=[] (*)
thiserror v2.0.16 features=[default,std] (*)
tracelimit v0.0.0 (/home/ruize/openvmm-restore-v1/support/tracelimit) features=[] (*)
tracing v0.1.43 features=[attributes,default,std,tracing-attributes] (*)
vm_resource v0.0.0 (/home/ruize/openvmm-restore-v1/vm/vmcore/vm_resource) features=[] (*)
vmbus_core v0.0.0 (/home/ruize/openvmm-restore-v1/vm/devices/vmbus/vmbus_core) features=[]
bitfield-struct v0.11.0 (proc-macro) features=[] (*)
futures v0.3.31 features=[alloc,async-await,default,executor,futures-executor,std] (*)
guid v0.0.0 (/home/ruize/openvmm-restore-v1/support/guid) features=[default,inspect,mesh,mesh_protobuf] (*)
hvdef v0.0.0 (/home/ruize/openvmm-restore-v1/vm/hv1/hvdef) features=[] (*)
inspect v0.0.0 (/home/ruize/openvmm-restore-v1/support/inspect) features=[defer,derive,inspect_derive,std] (*)
mesh v0.0.0 (/home/ruize/openvmm-restore-v1/support/mesh) features=[default] (*)
open_enum v0.0.0 (/home/ruize/openvmm-restore-v1/support/open_enum) features=[]
static_assertions v1.1.0 features=[]
thiserror v2.0.16 features=[default,std] (*)
zerocopy v0.8.27 features=[alloc,derive,zerocopy-derive] (*)
vmbus_ring v0.0.0 (/home/ruize/openvmm-restore-v1/vm/devices/vmbus/vmbus_ring) features=[]
guestmem v0.0.0 (/home/ruize/openvmm-restore-v1/vm/vmcore/guestmem) features=[] (*)
inspect v0.0.0 (/home/ruize/openvmm-restore-v1/support/inspect) features=[defer,derive,inspect_derive,std] (*)
safeatomic v0.0.0 (/home/ruize/openvmm-restore-v1/support/safeatomic) features=[] (*)
thiserror v2.0.16 features=[default,std] (*)
zerocopy v0.8.27 features=[alloc,derive,zerocopy-derive] (*)
vmcore v0.0.0 (/home/ruize/openvmm-restore-v1/vm/vmcore) features=[] (*)
vmbus_core v0.0.0 (/home/ruize/openvmm-restore-v1/vm/devices/vmbus/vmbus_core) features=[] (*)
vmbus_server v0.0.0 (/home/ruize/openvmm-restore-v1/vm/devices/vmbus/vmbus_server) features=[]
anyhow v1.0.99 features=[default,std]
async-trait v0.1.89 (proc-macro) features=[] (*)
futures v0.3.31 features=[alloc,async-await,default,executor,futures-executor,std] (*)
futures-concurrency v7.6.3 features=[alloc,default,std] (*)
guestmem v0.0.0 (/home/ruize/openvmm-restore-v1/vm/vmcore/guestmem) features=[] (*)
guid v0.0.0 (/home/ruize/openvmm-restore-v1/support/guid) features=[default,inspect,mesh,mesh_protobuf] (*)
hvdef v0.0.0 (/home/ruize/openvmm-restore-v1/vm/hv1/hvdef) features=[] (*)
hybrid_vsock v0.0.0 (/home/ruize/openvmm-restore-v1/support/hybrid_vsock) features=[]
fs-err v3.1.1 features=[] (*)
guid v0.0.0 (/home/ruize/openvmm-restore-v1/support/guid) features=[default,inspect,mesh,mesh_protobuf] (*)
thiserror v2.0.16 features=[default,std] (*)
inspect v0.0.0 (/home/ruize/openvmm-restore-v1/support/inspect) features=[defer,derive,inspect_derive,std] (*)
mesh v0.0.0 (/home/ruize/openvmm-restore-v1/support/mesh) features=[default] (*)
pal_async v0.0.0 (/home/ruize/openvmm-restore-v1/support/pal/pal_async) features=[] (*)
pal_event v0.0.0 (/home/ruize/openvmm-restore-v1/support/pal/pal_event) features=[mesh] (*)
parking_lot v0.12.4 features=[default] (*)
safeatomic v0.0.0 (/home/ruize/openvmm-restore-v1/support/safeatomic) features=[] (*)
slab v0.4.11 features=[default,std]
thiserror v2.0.16 features=[default,std] (*)
tracelimit v0.0.0 (/home/ruize/openvmm-restore-v1/support/tracelimit) features=[] (*)
tracing v0.1.43 features=[attributes,default,std,tracing-attributes] (*)
unicycle v0.10.2 features=[default,futures-core,futures-rs,lock_api,parking-lot,parking_lot] (*)
unix_socket v0.0.0 (/home/ruize/openvmm-restore-v1/support/unix_socket) features=[mesh] (*)
vmbus_async v0.0.0 (/home/ruize/openvmm-restore-v1/vm/devices/vmbus/vmbus_async) features=[]
futures v0.3.31 features=[alloc,async-await,default,executor,futures-executor,std] (*)
guestmem v0.0.0 (/home/ruize/openvmm-restore-v1/vm/vmcore/guestmem) features=[] (*)
inspect v0.0.0 (/home/ruize/openvmm-restore-v1/support/inspect) features=[defer,derive,inspect_derive,std] (*)
inspect_counters v0.0.0 (/home/ruize/openvmm-restore-v1/support/inspect_counters) features=[] (*)
pal_async v0.0.0 (/home/ruize/openvmm-restore-v1/support/pal/pal_async) features=[] (*)
thiserror v2.0.16 features=[default,std] (*)
vmbus_channel v0.0.0 (/home/ruize/openvmm-restore-v1/vm/devices/vmbus/vmbus_channel) features=[] (*)
vmbus_ring v0.0.0 (/home/ruize/openvmm-restore-v1/vm/devices/vmbus/vmbus_ring) features=[] (*)
zerocopy v0.8.27 features=[alloc,derive,zerocopy-derive] (*)
vmbus_channel v0.0.0 (/home/ruize/openvmm-restore-v1/vm/devices/vmbus/vmbus_channel) features=[] (*)
vmbus_core v0.0.0 (/home/ruize/openvmm-restore-v1/vm/devices/vmbus/vmbus_core) features=[] (*)
vmbus_ring v0.0.0 (/home/ruize/openvmm-restore-v1/vm/devices/vmbus/vmbus_ring) features=[] (*)
vmcore v0.0.0 (/home/ruize/openvmm-restore-v1/vm/vmcore) features=[] (*)
zerocopy v0.8.27 features=[alloc,derive,zerocopy-derive] (*)
vmcore v0.0.0 (/home/ruize/openvmm-restore-v1/vm/vmcore) features=[] (*)
vmgs v0.0.0 (/home/ruize/openvmm-restore-v1/vm/vmgs/vmgs) features=[default,encryption,inspect,mesh,save_restore]
async-trait v0.1.89 (proc-macro) features=[] (*)
crc32fast v1.5.0 features=[] (*)
crypto v0.0.0 (/home/ruize/openvmm-restore-v1/support/crypto) features=[]
anyhow v1.0.99 features=[default,std]
openssl v0.10.80 features=[default]
bitflags v2.9.3 features=[]
cfg-if v1.0.3 features=[]
foreign-types v0.3.2 features=[]
foreign-types-shared v0.1.1 features=[]
libc v0.2.184 features=[default,extra_traits,std]
openssl-macros v0.1.1 (proc-macro) features=[]
proc-macro2 v1.0.107 features=[default,proc-macro,span-locations] (*)
quote v1.0.40 features=[default,proc-macro] (*)
syn v2.0.106 features=[clone-impls,default,derive,extra-traits,full,parsing,printing,proc-macro,visit,visit-mut] (*)
openssl-sys v0.9.116 features=[]
libc v0.2.184 features=[default,extra_traits,std]
cc v1.2.34 features=[]
shlex v1.3.0 features=[default,std]
pkg-config v0.3.32 features=[]
vcpkg v0.2.15 features=[]
openssl_kdf v0.0.0 (/home/ruize/openvmm-restore-v1/support/openssl_kdf) features=[]
libc v0.2.184 features=[default,extra_traits,std]
openssl v0.10.80 features=[default] (*)
openssl-sys v0.9.116 features=[] (*)
thiserror v2.0.16 features=[default,std] (*)
thiserror v2.0.16 features=[default,std] (*)
cvm_tracing v0.0.0 (/home/ruize/openvmm-restore-v1/vm/cvm_tracing) features=[] (*)
disk_backend v0.0.0 (/home/ruize/openvmm-restore-v1/vm/devices/storage/disk_backend) features=[] (*)
getrandom v0.4.2 features=[] (*)
guestmem v0.0.0 (/home/ruize/openvmm-restore-v1/vm/vmcore/guestmem) features=[] (*)
inspect v0.0.0 (/home/ruize/openvmm-restore-v1/support/inspect) features=[defer,derive,inspect_derive,std] (*)
inspect_counters v0.0.0 (/home/ruize/openvmm-restore-v1/support/inspect_counters) features=[] (*)
mesh_protobuf v0.0.0 (/home/ruize/openvmm-restore-v1/support/mesh/mesh_protobuf) features=[default,std] (*)
scsi_buffers v0.0.0 (/home/ruize/openvmm-restore-v1/vm/devices/storage/scsi_buffers) features=[] (*)
serde_json v1.0.143 features=[std] (*)
thiserror v2.0.16 features=[default,std] (*)
tracing v0.1.43 features=[attributes,default,std,tracing-attributes] (*)
vmgs_format v0.0.0 (/home/ruize/openvmm-restore-v1/vm/vmgs/vmgs_format) features=[inspect] (*)
zerocopy v0.8.27 features=[alloc,derive,zerocopy-derive] (*)
vmgs_broker v0.0.0 (/home/ruize/openvmm-restore-v1/vm/vmgs/vmgs_broker) features=[default,encryption]
async-trait v0.1.89 (proc-macro) features=[] (*)
inspect v0.0.0 (/home/ruize/openvmm-restore-v1/support/inspect) features=[defer,derive,inspect_derive,std] (*)
mesh v0.0.0 (/home/ruize/openvmm-restore-v1/support/mesh) features=[default] (*)
pal_async v0.0.0 (/home/ruize/openvmm-restore-v1/support/pal/pal_async) features=[] (*)
thiserror v2.0.16 features=[default,std] (*)
tracing v0.1.43 features=[attributes,default,std,tracing-attributes] (*)
vm_resource v0.0.0 (/home/ruize/openvmm-restore-v1/vm/vmcore/vm_resource) features=[] (*)
vmcore v0.0.0 (/home/ruize/openvmm-restore-v1/vm/vmcore) features=[] (*)
vmgs v0.0.0 (/home/ruize/openvmm-restore-v1/vm/vmgs/vmgs) features=[default,encryption,inspect,mesh,save_restore] (*)
vmgs_format v0.0.0 (/home/ruize/openvmm-restore-v1/vm/vmgs/vmgs_format) features=[inspect] (*)
vmgs_resources v0.0.0 (/home/ruize/openvmm-restore-v1/vm/vmgs/vmgs_resources) features=[] (*)
vmgs_resources v0.0.0 (/home/ruize/openvmm-restore-v1/vm/vmgs/vmgs_resources) features=[] (*)
vmm_core v0.0.0 (/home/ruize/openvmm-restore-v1/vmm_core) features=[dump,hyperv_dump]
aarch64defs v0.0.0 (/home/ruize/openvmm-restore-v1/vm/aarch64/aarch64defs) features=[] (*)
acpi v0.0.0 (/home/ruize/openvmm-restore-v1/vm/acpi) features=[] (*)
acpi_spec v0.0.0 (/home/ruize/openvmm-restore-v1/vm/acpi_spec) features=[alloc,default,std] (*)
anyhow v1.0.99 features=[default,std]
async-trait v0.1.89 (proc-macro) features=[] (*)
cache_topology v0.0.0 (/home/ruize/openvmm-restore-v1/support/cache_topology) features=[] (*)
chipset v0.0.0 (/home/ruize/openvmm-restore-v1/vm/devices/chipset) features=[] (*)
chipset_device_resources v0.0.0 (/home/ruize/openvmm-restore-v1/vm/chipset_device_resources) features=[] (*)
chipset_resources v0.0.0 (/home/ruize/openvmm-restore-v1/vm/devices/chipset_resources) features=[] (*)
closeable_mutex v0.0.0 (/home/ruize/openvmm-restore-v1/support/closeable_mutex) features=[] (*)
cvm_tracing v0.0.0 (/home/ruize/openvmm-restore-v1/vm/cvm_tracing) features=[] (*)
futures v0.3.31 features=[alloc,async-await,default,executor,futures-executor,std] (*)
futures-concurrency v7.6.3 features=[alloc,default,std] (*)
guestmem v0.0.0 (/home/ruize/openvmm-restore-v1/vm/vmcore/guestmem) features=[] (*)
hcl_compat_uefi_nvram_storage v0.0.0 (/home/ruize/openvmm-restore-v1/vm/devices/firmware/hcl_compat_uefi_nvram_storage) features=[default]
anyhow v1.0.99 features=[default,std]
async-trait v0.1.89 (proc-macro) features=[] (*)
cvm_tracing v0.0.0 (/home/ruize/openvmm-restore-v1/vm/cvm_tracing) features=[] (*)
guid v0.0.0 (/home/ruize/openvmm-restore-v1/support/guid) features=[default,inspect,mesh,mesh_protobuf] (*)
hcl_compat_uefi_nvram_resources v0.0.0 (/home/ruize/openvmm-restore-v1/vm/devices/firmware/hcl_compat_uefi_nvram_resources) features=[] (*)
open_enum v0.0.0 (/home/ruize/openvmm-restore-v1/support/open_enum) features=[]
static_assertions v1.1.0 features=[]
thiserror v2.0.16 features=[default,std] (*)
tracing v0.1.43 features=[attributes,default,std,tracing-attributes] (*)
ucs2 v0.0.0 (/home/ruize/openvmm-restore-v1/support/ucs2) features=[] (*)
uefi_nvram_storage v0.0.0 (/home/ruize/openvmm-restore-v1/vm/devices/firmware/uefi_nvram_storage) features=[default]
async-trait v0.1.89 (proc-macro) features=[] (*)
guid v0.0.0 (/home/ruize/openvmm-restore-v1/support/guid) features=[default,inspect,mesh,mesh_protobuf] (*)
thiserror v2.0.16 features=[default,std] (*)
ucs2 v0.0.0 (/home/ruize/openvmm-restore-v1/support/ucs2) features=[] (*)
uefi_specs v0.0.0 (/home/ruize/openvmm-restore-v1/vm/devices/firmware/uefi_specs) features=[default] (*)
wchar v0.11.1 features=[default] (*)
zerocopy v0.8.27 features=[alloc,derive,zerocopy-derive] (*)
zerocopy v0.8.27 features=[alloc,derive,zerocopy-derive] (*)
hvdef v0.0.0 (/home/ruize/openvmm-restore-v1/vm/hv1/hvdef) features=[] (*)
hyperv_dump v0.0.0 (/home/ruize/openvmm-restore-v1/vmm_core/hyperv_dump) features=[] (*)
input_core v0.0.0 (/home/ruize/openvmm-restore-v1/vm/devices/input_core) features=[] (*)
inspect v0.0.0 (/home/ruize/openvmm-restore-v1/support/inspect) features=[defer,derive,inspect_derive,std] (*)
memory_range v0.0.0 (/home/ruize/openvmm-restore-v1/vm/vmcore/memory_range) features=[inspect,mesh] (*)
mesh v0.0.0 (/home/ruize/openvmm-restore-v1/support/mesh) features=[default] (*)
pal_async v0.0.0 (/home/ruize/openvmm-restore-v1/support/pal/pal_async) features=[] (*)
parking_lot v0.12.4 features=[default] (*)
pci_core v0.0.0 (/home/ruize/openvmm-restore-v1/vm/devices/pci/pci_core) features=[] (*)
pci_resources v0.0.0 (/home/ruize/openvmm-restore-v1/vm/devices/pci/pci_resources) features=[] (*)
power_resources v0.0.0 (/home/ruize/openvmm-restore-v1/vm/power_resources) features=[] (*)
slab v0.4.11 features=[default,std]
state_unit v0.0.0 (/home/ruize/openvmm-restore-v1/vmm_core/state_unit) features=[] (*)
thiserror v2.0.16 features=[default,std] (*)
tracing v0.1.43 features=[attributes,default,std,tracing-attributes] (*)
virt v0.0.0 (/home/ruize/openvmm-restore-v1/vmm_core/virt) features=[] (*)
vm_resource v0.0.0 (/home/ruize/openvmm-restore-v1/vm/vmcore/vm_resource) features=[] (*)
vm_topology v0.0.0 (/home/ruize/openvmm-restore-v1/vm/vmcore/vm_topology) features=[default,inspect,mesh] (*)
vmbus_channel v0.0.0 (/home/ruize/openvmm-restore-v1/vm/devices/vmbus/vmbus_channel) features=[] (*)
vmbus_server v0.0.0 (/home/ruize/openvmm-restore-v1/vm/devices/vmbus/vmbus_server) features=[] (*)
vmcore v0.0.0 (/home/ruize/openvmm-restore-v1/vm/vmcore) features=[] (*)
vmm_core_defs v0.0.0 (/home/ruize/openvmm-restore-v1/vmm_core/vmm_core_defs) features=[] (*)
vmotherboard v0.0.0 (/home/ruize/openvmm-restore-v1/vmm_core/vmotherboard) features=[dev_generic_isa_floppy,dev_hyperv_vga,dev_winbond_super_io_and_floppy_full] (*)
vpci v0.0.0 (/home/ruize/openvmm-restore-v1/vm/devices/pci/vpci) features=[]
anyhow v1.0.99 features=[default,std]
async-trait v0.1.89 (proc-macro) features=[] (*)
chipset_device v0.0.0 (/home/ruize/openvmm-restore-v1/vm/chipset_device) features=[] (*)
closeable_mutex v0.0.0 (/home/ruize/openvmm-restore-v1/support/closeable_mutex) features=[] (*)
device_emulators v0.0.0 (/home/ruize/openvmm-restore-v1/vm/devices/support/device_emulators) features=[]
guestmem v0.0.0 (/home/ruize/openvmm-restore-v1/vm/vmcore/guestmem) features=[] (*)
guid v0.0.0 (/home/ruize/openvmm-restore-v1/support/guid) features=[default,inspect,mesh,mesh_protobuf] (*)
hvdef v0.0.0 (/home/ruize/openvmm-restore-v1/vm/hv1/hvdef) features=[] (*)
inspect v0.0.0 (/home/ruize/openvmm-restore-v1/support/inspect) features=[defer,derive,inspect_derive,std] (*)
mesh v0.0.0 (/home/ruize/openvmm-restore-v1/support/mesh) features=[default] (*)
parking_lot v0.12.4 features=[default] (*)
pci_core v0.0.0 (/home/ruize/openvmm-restore-v1/vm/devices/pci/pci_core) features=[] (*)
task_control v0.0.0 (/home/ruize/openvmm-restore-v1/support/task_control) features=[] (*)
tdisp v0.0.0 (/home/ruize/openvmm-restore-v1/vm/devices/tdisp) features=[] (*)
thiserror v2.0.16 features=[default,std] (*)
tracelimit v0.0.0 (/home/ruize/openvmm-restore-v1/support/tracelimit) features=[] (*)
tracing v0.1.43 features=[attributes,default,std,tracing-attributes] (*)
vmbus_async v0.0.0 (/home/ruize/openvmm-restore-v1/vm/devices/vmbus/vmbus_async) features=[] (*)
vmbus_channel v0.0.0 (/home/ruize/openvmm-restore-v1/vm/devices/vmbus/vmbus_channel) features=[] (*)
vmbus_ring v0.0.0 (/home/ruize/openvmm-restore-v1/vm/devices/vmbus/vmbus_ring) features=[] (*)
vmcore v0.0.0 (/home/ruize/openvmm-restore-v1/vm/vmcore) features=[] (*)
vpci_protocol v0.0.0 (/home/ruize/openvmm-restore-v1/vm/devices/pci/vpci_protocol) features=[]
bitfield-struct v0.11.0 (proc-macro) features=[] (*)
guid v0.0.0 (/home/ruize/openvmm-restore-v1/support/guid) features=[default,inspect,mesh,mesh_protobuf] (*)
open_enum v0.0.0 (/home/ruize/openvmm-restore-v1/support/open_enum) features=[]
zerocopy v0.8.27 features=[alloc,derive,zerocopy-derive] (*)
zerocopy v0.8.27 features=[alloc,derive,zerocopy-derive] (*)
x86defs v0.0.0 (/home/ruize/openvmm-restore-v1/vm/x86/x86defs) features=[] (*)
zerocopy v0.8.27 features=[alloc,derive,zerocopy-derive] (*)
build_rs_guest_arch v0.0.0 (/home/ruize/openvmm-restore-v1/vm/vmcore/build_rs_guest_arch) features=[]
vmm_core_defs v0.0.0 (/home/ruize/openvmm-restore-v1/vmm_core/vmm_core_defs) features=[] (*)
vmotherboard v0.0.0 (/home/ruize/openvmm-restore-v1/vmm_core/vmotherboard) features=[dev_generic_isa_floppy,dev_hyperv_vga,dev_winbond_super_io_and_floppy_full] (*)
vstd v0.0.0-2026-09-16-0054 (/home/ruize/openvmm-restore-v1/toolchain/verus-src/source/vstd) features=[alloc]
verus_builtin v0.0.0-2026-09-16-0054 (/home/ruize/openvmm-restore-v1/toolchain/verus-src/source/builtin) features=[]
verus_builtin_macros v0.0.0-2026-09-06-0133 (proc-macro) (/home/ruize/openvmm-restore-v1/toolchain/verus-src/source/builtin_macros) features=[]
convert_case v0.4.0 features=[]
proc-macro2 v1.0.107 features=[default,proc-macro,span-locations] (*)
quote v1.0.40 features=[default,proc-macro] (*)
syn v2.0.106 features=[clone-impls,default,derive,extra-traits,full,parsing,printing,proc-macro,visit,visit-mut] (*)
synstructure v0.13.2 features=[default,proc-macro]
proc-macro2 v1.0.107 features=[default,proc-macro,span-locations] (*)
quote v1.0.40 features=[default,proc-macro] (*)
syn v2.0.106 features=[clone-impls,default,derive,extra-traits,full,parsing,printing,proc-macro,visit,visit-mut] (*)
verus_prettyplease v0.0.0-2026-09-06-0133 (/home/ruize/openvmm-restore-v1/toolchain/verus-src/dependencies/prettyplease) features=[]
proc-macro2 v1.0.107 features=[default,proc-macro,span-locations] (*)
verus_syn v0.0.0-2026-09-06-0133 (/home/ruize/openvmm-restore-v1/toolchain/verus-src/dependencies/syn) features=[clone-impls,default,derive,extra-traits,full,parsing,printing,proc-macro,visit,visit-mut]
proc-macro2 v1.0.107 features=[default,proc-macro,span-locations] (*)
quote v1.0.40 features=[default,proc-macro] (*)
unicode-ident v1.0.18 features=[]
verus_syn v0.0.0-2026-09-06-0133 (/home/ruize/openvmm-restore-v1/toolchain/verus-src/dependencies/syn) features=[clone-impls,default,derive,extra-traits,full,parsing,printing,proc-macro,visit,visit-mut] (*)
verus_state_machines_macros v0.0.0-2026-09-06-0133 (proc-macro) (/home/ruize/openvmm-restore-v1/toolchain/verus-src/source/state_machines_macros) features=[]
indexmap v2.11.0 features=[default,std] (*)
proc-macro2 v1.0.107 features=[default,proc-macro,span-locations] (*)
quote v1.0.40 features=[default,proc-macro] (*)
verus_syn v0.0.0-2026-09-06-0133 (/home/ruize/openvmm-restore-v1/toolchain/verus-src/dependencies/syn) features=[clone-impls,default,derive,extra-traits,full,parsing,printing,proc-macro,visit,visit-mut] (*)
watchdog_core v0.0.0 (/home/ruize/openvmm-restore-v1/vm/devices/watchdog/watchdog_core) features=[] (*)
zerocopy v0.8.27 features=[alloc,derive,zerocopy-derive] (*)
build_rs_guest_arch v0.0.0 (/home/ruize/openvmm-restore-v1/vm/vmcore/build_rs_guest_arch) features=[]
elapsed_s=0.38 exit=0
