verbosity level = 2; forwarding 1 `-v` arg(s) to Cargo
verbosity level = 2; forwarding 1 `-v` arg(s) to Cargo
verbosity level >= 2; forwarding 1 `-v` to Verus
forwarding Verus args to crates: <roots>
running cargo command:
cd "/home/ruize/openvmm-restore-v1" &&  __VERUS_DRIVER_ARGS_FOR_mesh_channel-0.0.0-354e9bcb8413="__VERUS_DRIVER_ARGS_SEP__--no-verify__VERUS_DRIVER_ARGS_SEP__--VIA-CARGO__VERUS_DRIVER_ARGS_SEP__import-dep-if-present=mesh_channel_core__VERUS_DRIVER_ARGS_SEP__--VIA-CARGO__VERUS_DRIVER_ARGS_SEP__import-dep-if-present=mesh_protobuf__VERUS_DRIVER_ARGS_SEP__--VIA-CARGO__VERUS_DRIVER_ARGS_SEP__import-dep-if-present=pal_async__VERUS_DRIVER_ARGS_SEP__--VIA-CARGO__VERUS_DRIVER_ARGS_SEP__import-dep-if-present=vstd__VERUS_DRIVER_ARGS_SEP__--VIA-CARGO__VERUS_DRIVER_ARGS_SEP__import-dep-if-present=mesh_channel"  __VERUS_DRIVER_ARGS_FOR_mesh_channel_core-0.0.0-268fb5d46958="__VERUS_DRIVER_ARGS_SEP__--no-verify__VERUS_DRIVER_ARGS_SEP__--VIA-CARGO__VERUS_DRIVER_ARGS_SEP__import-dep-if-present=mesh_protobuf__VERUS_DRIVER_ARGS_SEP__--VIA-CARGO__VERUS_DRIVER_ARGS_SEP__import-dep-if-present=vstd__VERUS_DRIVER_ARGS_SEP__--VIA-CARGO__VERUS_DRIVER_ARGS_SEP__import-dep-if-present=pal_async"  __VERUS_DRIVER_ARGS_FOR_mesh_protobuf-0.0.0-b7284b63c0a5="__VERUS_DRIVER_ARGS_SEP__--no-verify__VERUS_DRIVER_ARGS_SEP__--VIA-CARGO__VERUS_DRIVER_ARGS_SEP__import-dep-if-present=vstd__VERUS_DRIVER_ARGS_SEP__--VIA-CARGO__VERUS_DRIVER_ARGS_SEP__import-dep-if-present=mesh_protobuf"  __VERUS_DRIVER_ARGS_FOR_pal_async-0.0.0-fb265dcddc43="__VERUS_DRIVER_ARGS_SEP__--no-verify__VERUS_DRIVER_ARGS_SEP__--VIA-CARGO__VERUS_DRIVER_ARGS_SEP__import-dep-if-present=vstd__VERUS_DRIVER_ARGS_SEP__--VIA-CARGO__VERUS_DRIVER_ARGS_SEP__import-dep-if-present=mesh_protobuf"  __VERUS_DRIVER_ARGS_FOR_virt-0.0.0-968be197f10a="__VERUS_DRIVER_ARGS_SEP__--VIA-CARGO__VERUS_DRIVER_ARGS_SEP__import-dep-if-present=mesh_protobuf__VERUS_DRIVER_ARGS_SEP__--VIA-CARGO__VERUS_DRIVER_ARGS_SEP__import-dep-if-present=vstd__VERUS_DRIVER_ARGS_SEP__--VIA-CARGO__VERUS_DRIVER_ARGS_SEP__import-dep-if-present=pal_async__VERUS_DRIVER_ARGS_SEP__--VIA-CARGO__VERUS_DRIVER_ARGS_SEP__import-dep-if-present=mesh_channel__VERUS_DRIVER_ARGS_SEP__--VIA-CARGO__VERUS_DRIVER_ARGS_SEP__import-dep-if-present=mesh_channel_core__VERUS_DRIVER_ARGS_SEP__--VIA-CARGO__VERUS_DRIVER_ARGS_SEP__import-dep-if-present=virt__VERUS_DRIVER_ARGS_SEP__--verify-only-module__VERUS_DRIVER_ARGS_SEP__x86__VERUS_DRIVER_ARGS_SEP__--no-lifetime__VERUS_DRIVER_ARGS_SEP__--multiple-errors__VERUS_DRIVER_ARGS_SEP__20__VERUS_DRIVER_ARGS_SEP__--num-threads__VERUS_DRIVER_ARGS_SEP__1__VERUS_DRIVER_ARGS_SEP__--triggers-mode__VERUS_DRIVER_ARGS_SEP__silent"  __VERUS_DRIVER_ARGS_FOR_vstd-0.0.0-2026-09-16-0054-9a268c610fa8="__VERUS_DRIVER_ARGS_SEP__--is-vstd__VERUS_DRIVER_ARGS_SEP__--no-verify__VERUS_DRIVER_ARGS_SEP__--VIA-CARGO__VERUS_DRIVER_ARGS_SEP__import-dep-if-present=vstd"  __VERUS_DRIVER_ARGS__="__VERUS_DRIVER_ARGS_SEP__--VIA-CARGO__VERUS_DRIVER_ARGS_SEP__compile-when-not-primary-package__VERUS_DRIVER_ARGS_SEP__-v"  __VERUS_DRIVER_IS_BUILTIN_MACROS_verus_builtin_macros-0.0.0-2026-09-06-0133-94884b16541d="1"  __VERUS_DRIVER_IS_BUILTIN_verus_builtin-0.0.0-2026-09-16-0054-efe0d11dd23e="1" CARGO_UNSTABLE_CHECKSUM_FRESHNESS="true" RUSTC_BOOTSTRAP="1" RUSTC_WRAPPER="/home/ruize/openvmm-restore-v1/toolchain/verus-src/source/target-verus/release/verus" __CARGO_DEFAULT_LIB_METADATA="verus" __VERUS_DRIVER_VERIFY_mesh_channel-0.0.0-354e9bcb8413="1" __VERUS_DRIVER_VERIFY_mesh_channel_core-0.0.0-268fb5d46958="1" __VERUS_DRIVER_VERIFY_mesh_protobuf-0.0.0-b7284b63c0a5="1" __VERUS_DRIVER_VERIFY_pal_async-0.0.0-fb265dcddc43="1" __VERUS_DRIVER_VERIFY_virt-0.0.0-968be197f10a="1" __VERUS_DRIVER_VERIFY_vstd-0.0.0-2026-09-16-0054-9a268c610fa8="1" __VERUS_DRIVER_VIA_CARGO__="1" "/home/ruize/.rustup/toolchains/1.94.0-x86_64-unknown-linux-gnu/bin/cargo" "check" "-v" "--features" "mesh_protobuf/std" "--target-dir" "/home/ruize/openvmm-restore-v1/target/verus-partial" "--package" "virt"
       Fresh unicode-ident v1.0.18
       Fresh pin-project-lite v0.2.16
       Fresh autocfg v1.5.0
       Fresh hashbrown v0.15.5
       Fresh equivalent v1.0.2
       Fresh futures-core v0.3.31
       Fresh futures-io v0.3.31
       Fresh slab v0.4.11
       Fresh convert_case v0.4.0
       Fresh futures-sink v0.3.31
       Fresh smallvec v1.15.1
       Fresh pin-utils v0.1.0
       Fresh verus_builtin v0.0.0-2026-09-16-0054 (/home/ruize/openvmm-restore-v1/toolchain/verus-src/source/builtin)
       Fresh memchr v2.7.5
       Fresh futures-task v0.3.31
       Fresh scopeguard v1.2.0
       Fresh open_enum v0.0.0 (/home/ruize/openvmm-restore-v1/support/open_enum)
       Fresh heck v0.5.0
       Fresh either v1.15.0
       Fresh parking v2.2.1
       Fresh regex-syntax v0.8.6
       Fresh linux-raw-sys v0.4.15
       Fresh cfg-if v1.0.3
       Fresh linux-raw-sys v0.9.4
       Fresh home v0.5.11
       Fresh fixedbitset v0.4.2
       Fresh once_cell v1.21.3
       Fresh log v0.4.27
       Fresh heck v0.4.1
       Fresh multimap v0.8.3
       Fresh lazy_static v1.5.0
       Fresh static_assertions v1.1.0
       Fresh bitflags v2.9.3
       Fresh fastrand v2.3.0
       Fresh bytes v1.11.1
       Fresh spin v0.10.0
       Fresh diatomic-waker v0.2.3
       Fresh cordyceps v0.3.4
       Fresh async-task v4.7.1
       Fresh loan_cell v0.0.0 (/home/ruize/openvmm-restore-v1/support/loan_cell)
       Fresh fixedbitset v0.5.7
       Fresh jiff v0.2.15
       Fresh build_rs_guest_arch v0.0.0 (/home/ruize/openvmm-restore-v1/vm/vmcore/build_rs_guest_arch)
       Fresh proc-macro2 v1.0.107
       Fresh indexmap v2.11.0
       Fresh tracing-core v0.1.35
       Fresh futures-channel v0.3.31
       Fresh itertools v0.10.5
       Fresh regex-automata v0.4.14
    Checking futures-lite v2.6.1
    Checking futures-buffered v0.2.12
       Fresh safe_intrinsics v0.0.0 (/home/ruize/openvmm-restore-v1/support/safe_intrinsics)
       Fresh quote v1.0.40
       Fresh libc v0.2.184
       Fresh crossbeam-utils v0.8.21
       Fresh rustix v1.0.8
       Fresh rustix v0.38.44
       Fresh petgraph v0.6.5
       Fresh regex v1.12.3
       Fresh smallbox v0.8.8
       Fresh anyhow v1.0.99
     Running `/home/ruize/openvmm-restore-v1/toolchain/verus-src/source/target-verus/release/verus /home/ruize/.rustup/toolchains/1.94.0-x86_64-unknown-linux-gnu/bin/rustc --crate-name futures_buffered --edition=2021 /home/ruize/.cargo/registry/src/index.crates.io-1949cf8c6b5b557f/futures-buffered-0.2.12/src/lib.rs --error-format=json --json=diagnostic-rendered-ansi,artifacts,future-incompat --crate-type lib --emit=dep-info,metadata -C panic=abort -C embed-bitcode=no -C debuginfo=2 --check-cfg 'cfg(docsrs,test)' --check-cfg 'cfg(feature, values())' -C metadata=406af54d79aaee51 -C extra-filename=-43432dd9b450e3c3 --out-dir /home/ruize/openvmm-restore-v1/target/verus-partial/debug/deps -L dependency=/home/ruize/openvmm-restore-v1/target/verus-partial/debug/deps --extern cordyceps=/home/ruize/openvmm-restore-v1/target/verus-partial/debug/deps/libcordyceps-358789238bf3a314.rmeta --extern diatomic_waker=/home/ruize/openvmm-restore-v1/target/verus-partial/debug/deps/libdiatomic_waker-ebd7dfe29771d79d.rmeta --extern futures_core=/home/ruize/openvmm-restore-v1/target/verus-partial/debug/deps/libfutures_core-8b0de7dc2bb3787e.rmeta --extern pin_project_lite=/home/ruize/openvmm-restore-v1/target/verus-partial/debug/deps/libpin_project_lite-dad59b4efe40a5be.rmeta --extern spin=/home/ruize/openvmm-restore-v1/target/verus-partial/debug/deps/libspin-26ba52349ea418e9.rmeta --cap-lints allow -Cforce-frame-pointers=yes -Csymbol-mangling-version=v0 -Z checksum-hash-algorithm=blake3`
     Running `/home/ruize/openvmm-restore-v1/toolchain/verus-src/source/target-verus/release/verus /home/ruize/.rustup/toolchains/1.94.0-x86_64-unknown-linux-gnu/bin/rustc --crate-name futures_lite --edition=2021 /home/ruize/.cargo/registry/src/index.crates.io-1949cf8c6b5b557f/futures-lite-2.6.1/src/lib.rs --error-format=json --json=diagnostic-rendered-ansi,artifacts,future-incompat --crate-type lib --emit=dep-info,metadata -C panic=abort -C embed-bitcode=no -C debuginfo=2 --cfg 'feature="alloc"' --cfg 'feature="fastrand"' --cfg 'feature="futures-io"' --cfg 'feature="parking"' --cfg 'feature="std"' --check-cfg 'cfg(docsrs,test)' --check-cfg 'cfg(feature, values("alloc", "default", "fastrand", "futures-io", "memchr", "parking", "race", "std"))' -C metadata=8c5f29d0ca5a0f90 -C extra-filename=-6ef16a65a977eddc --out-dir /home/ruize/openvmm-restore-v1/target/verus-partial/debug/deps -L dependency=/home/ruize/openvmm-restore-v1/target/verus-partial/debug/deps --extern fastrand=/home/ruize/openvmm-restore-v1/target/verus-partial/debug/deps/libfastrand-06b918056e37a628.rmeta --extern futures_core=/home/ruize/openvmm-restore-v1/target/verus-partial/debug/deps/libfutures_core-8b0de7dc2bb3787e.rmeta --extern futures_io=/home/ruize/openvmm-restore-v1/target/verus-partial/debug/deps/libfutures_io-29ac3aedf70dd0e2.rmeta --extern parking=/home/ruize/openvmm-restore-v1/target/verus-partial/debug/deps/libparking-8a9b5b46b8554e8e.rmeta --extern pin_project_lite=/home/ruize/openvmm-restore-v1/target/verus-partial/debug/deps/libpin_project_lite-dad59b4efe40a5be.rmeta --cap-lints allow -Cforce-frame-pointers=yes -Csymbol-mangling-version=v0 -Z checksum-hash-algorithm=blake3`
       Fresh syn v2.0.106
       Fresh verus_syn v0.0.0-2026-09-06-0133 (/home/ruize/openvmm-restore-v1/toolchain/verus-src/dependencies/syn)
       Fresh fs-err v3.1.1
       Fresh lock_api v0.4.13
       Fresh parking_lot_core v0.9.11
       Fresh getrandom v0.4.2
       Fresh syn v1.0.109
       Fresh getrandom v0.3.3
       Fresh seccompiler v0.5.0
       Fresh concurrent-queue v2.5.0
       Fresh which v4.4.2
       Fresh socket2 v0.6.0
    Checking unix_socket v0.0.0 (/home/ruize/openvmm-restore-v1/support/unix_socket)
       Fresh io-uring v0.7.11
       Fresh thiserror-impl v2.0.16
       Fresh zerocopy-derive v0.8.27
       Fresh verus_prettyplease v0.0.0-2026-09-06-0133 (/home/ruize/openvmm-restore-v1/toolchain/verus-src/dependencies/prettyplease)
       Fresh synstructure v0.13.2
       Fresh tracing-attributes v0.1.31
       Fresh futures-macro v0.3.31
       Fresh verus_state_machines_macros v0.0.0-2026-09-06-0133 (/home/ruize/openvmm-restore-v1/toolchain/verus-src/source/state_machines_macros)
       Fresh bitfield-struct v0.11.0
       Fresh mesh_derive v0.0.0 (/home/ruize/openvmm-restore-v1/support/mesh/mesh_derive)
       Fresh parking_lot v0.12.4
       Fresh prost-derive v0.11.9
       Fresh enumflags2_derive v0.7.12
       Fresh thiserror-impl v1.0.69
       Fresh inspect_derive v0.0.0 (/home/ruize/openvmm-restore-v1/support/inspect_derive)
       Fresh prettyplease v0.1.25
       Fresh tempfile v3.21.0
    Checking event-listener v5.4.1
       Fresh pin-project-internal v1.1.10
       Fresh linkme-impl v0.3.33
       Fresh pal_async_test v0.0.0 (/home/ruize/openvmm-restore-v1/support/pal/pal_async_test)
       Fresh async-trait v0.1.89
       Fresh save_restore_derive v0.0.0 (/home/ruize/openvmm-restore-v1/vm/vmcore/save_restore_derive)
     Running `/home/ruize/openvmm-restore-v1/toolchain/verus-src/source/target-verus/release/verus /home/ruize/.rustup/toolchains/1.94.0-x86_64-unknown-linux-gnu/bin/rustc --crate-name unix_socket --edition=2024 support/unix_socket/src/lib.rs --error-format=json --json=diagnostic-rendered-ansi,artifacts,future-incompat --crate-type lib --emit=dep-info,metadata -C panic=abort -C embed-bitcode=no -C debuginfo=2 --warn=rust_2018_idioms --deny=future_incompatible --warn=unused_qualifications --forbid=unsafe_op_in_unsafe_fn --deny=unsafe_code '--warn=clippy::unnecessary_box_returns' '--allow=clippy::uninlined_format_args' --warn=unexpected_cfgs '--warn=clippy::undocumented_unsafe_blocks' '--allow=clippy::type_complexity' '--allow=clippy::too_many_arguments' '--warn=clippy::suboptimal_flops' '--allow=clippy::single_range_in_vec_init' '--warn=clippy::rest_pat_in_fully_bound_structs' '--warn=clippy::ref_option_ref' '--warn=clippy::ref_as_ptr' '--warn=clippy::ptr_cast_constness' '--warn=clippy::ptr_as_ptr' '--warn=clippy::option_option' '--allow=clippy::new_without_default' --warn=missing_docs '--allow=clippy::manual_flatten' '--warn=clippy::macro_use_imports' '--warn=clippy::lossy_float_literal' '--warn=clippy::linkedlist' '--allow=clippy::len_without_is_empty' '--warn=clippy::inefficient_to_string' '--warn=clippy::imprecise_flops' '--warn=clippy::implicit_clone' '--warn=clippy::fn_params_excessive_bools' '--warn=clippy::filter_map_next' '--warn=clippy::debug_assert_with_mut_call' '--warn=clippy::dbg_macro' '--allow=clippy::collapsible_match' '--allow=clippy::collapsible_if' '--allow=clippy::collapsible_else_if' '--allow=clippy::box_default' '--allow=clippy::bool_assert_comparison' '--warn=clippy::allow_attributes' --check-cfg 'cfg(trick_rust_analyzer_into_highlighting_interpolated_bits)' --check-cfg 'cfg(docsrs,test)' --check-cfg 'cfg(feature, values("mesh"))' -C metadata=cabd070801393672 -C extra-filename=-c2345ad6cf1f56ff --out-dir /home/ruize/openvmm-restore-v1/target/verus-partial/debug/deps -C incremental=/home/ruize/openvmm-restore-v1/target/verus-partial/debug/incremental -L dependency=/home/ruize/openvmm-restore-v1/target/verus-partial/debug/deps --extern libc=/home/ruize/openvmm-restore-v1/target/verus-partial/debug/deps/liblibc-94d8653e1a9f7efa.rmeta -Cforce-frame-pointers=yes -Csymbol-mangling-version=v0 -Z checksum-hash-algorithm=blake3`
     Running `/home/ruize/openvmm-restore-v1/toolchain/verus-src/source/target-verus/release/verus /home/ruize/.rustup/toolchains/1.94.0-x86_64-unknown-linux-gnu/bin/rustc --crate-name event_listener --edition=2021 /home/ruize/.cargo/registry/src/index.crates.io-1949cf8c6b5b557f/event-listener-5.4.1/src/lib.rs --error-format=json --json=diagnostic-rendered-ansi,artifacts,future-incompat --crate-type lib --emit=dep-info,metadata -C panic=abort -C embed-bitcode=no -C debuginfo=2 --warn=unexpected_cfgs --check-cfg 'cfg(loom)' --cfg 'feature="parking"' --cfg 'feature="std"' --check-cfg 'cfg(docsrs,test)' --check-cfg 'cfg(feature, values("critical-section", "default", "loom", "parking", "portable-atomic", "portable-atomic-util", "portable_atomic_crate", "std"))' -C metadata=ae1f2b2441ef5b61 -C extra-filename=-ad20878ef421a5e3 --out-dir /home/ruize/openvmm-restore-v1/target/verus-partial/debug/deps -L dependency=/home/ruize/openvmm-restore-v1/target/verus-partial/debug/deps --extern concurrent_queue=/home/ruize/openvmm-restore-v1/target/verus-partial/debug/deps/libconcurrent_queue-694d8961d8d03898.rmeta --extern parking=/home/ruize/openvmm-restore-v1/target/verus-partial/debug/deps/libparking-8a9b5b46b8554e8e.rmeta --extern pin_project_lite=/home/ruize/openvmm-restore-v1/target/verus-partial/debug/deps/libpin_project_lite-dad59b4efe40a5be.rmeta --cap-lints allow -Cforce-frame-pointers=yes -Csymbol-mangling-version=v0 -Z checksum-hash-algorithm=blake3`
       Fresh thiserror v2.0.16
       Fresh zerocopy v0.8.27
       Fresh verus_builtin_macros v0.0.0-2026-09-06-0133 (/home/ruize/openvmm-restore-v1/toolchain/verus-src/source/builtin_macros)
       Fresh tracing v0.1.43
    Checking futures-util v0.3.31
       Fresh enumflags2 v0.7.12
       Fresh thiserror v1.0.69
       Fresh pin-project v1.1.10
       Fresh prost v0.11.9
       Fresh linkme v0.3.33
     Running `/home/ruize/openvmm-restore-v1/toolchain/verus-src/source/target-verus/release/verus /home/ruize/.rustup/toolchains/1.94.0-x86_64-unknown-linux-gnu/bin/rustc --crate-name futures_util --edition=2018 /home/ruize/.cargo/registry/src/index.crates.io-1949cf8c6b5b557f/futures-util-0.3.31/src/lib.rs --error-format=json --json=diagnostic-rendered-ansi,artifacts,future-incompat --crate-type lib --emit=dep-info,metadata -C panic=abort -C embed-bitcode=no -C debuginfo=2 --warn=unreachable_pub --warn=unexpected_cfgs --warn=single_use_lifetimes --warn=rust_2018_idioms --warn=missing_debug_implementations --check-cfg 'cfg(futures_sanitizer)' --cfg 'feature="alloc"' --cfg 'feature="async-await"' --cfg 'feature="async-await-macro"' --cfg 'feature="channel"' --cfg 'feature="futures-channel"' --cfg 'feature="futures-io"' --cfg 'feature="futures-macro"' --cfg 'feature="futures-sink"' --cfg 'feature="io"' --cfg 'feature="memchr"' --cfg 'feature="sink"' --cfg 'feature="slab"' --cfg 'feature="std"' --check-cfg 'cfg(docsrs,test)' --check-cfg 'cfg(feature, values("alloc", "async-await", "async-await-macro", "bilock", "cfg-target-has-atomic", "channel", "compat", "default", "futures-channel", "futures-io", "futures-macro", "futures-sink", "futures_01", "io", "io-compat", "memchr", "portable-atomic", "sink", "slab", "std", "tokio-io", "unstable", "write-all-vectored"))' -C metadata=352b3b9e15af0c6d -C extra-filename=-39b60b92890ff302 --out-dir /home/ruize/openvmm-restore-v1/target/verus-partial/debug/deps -L dependency=/home/ruize/openvmm-restore-v1/target/verus-partial/debug/deps --extern futures_channel=/home/ruize/openvmm-restore-v1/target/verus-partial/debug/deps/libfutures_channel-238784a9369dbaeb.rmeta --extern futures_core=/home/ruize/openvmm-restore-v1/target/verus-partial/debug/deps/libfutures_core-8b0de7dc2bb3787e.rmeta --extern futures_io=/home/ruize/openvmm-restore-v1/target/verus-partial/debug/deps/libfutures_io-29ac3aedf70dd0e2.rmeta --extern futures_macro=/home/ruize/openvmm-restore-v1/target/verus-partial/debug/deps/libfutures_macro-c396ebbdf0065d65.so --extern futures_sink=/home/ruize/openvmm-restore-v1/target/verus-partial/debug/deps/libfutures_sink-8bf926a9c9f08ad1.rmeta --extern futures_task=/home/ruize/openvmm-restore-v1/target/verus-partial/debug/deps/libfutures_task-38d01df4f086fe6b.rmeta --extern memchr=/home/ruize/openvmm-restore-v1/target/verus-partial/debug/deps/libmemchr-99bfafb4bdcea225.rmeta --extern pin_project_lite=/home/ruize/openvmm-restore-v1/target/verus-partial/debug/deps/libpin_project_lite-dad59b4efe40a5be.rmeta --extern pin_utils=/home/ruize/openvmm-restore-v1/target/verus-partial/debug/deps/libpin_utils-1a26cd301e950116.rmeta --extern slab=/home/ruize/openvmm-restore-v1/target/verus-partial/debug/deps/libslab-9bfce0c6112d4e19.rmeta --cap-lints allow -Cforce-frame-pointers=yes -Csymbol-mangling-version=v0 -Z checksum-hash-algorithm=blake3`
       Fresh vstd v0.0.0-2026-09-16-0054 (/home/ruize/openvmm-restore-v1/toolchain/verus-src/source/vstd)
       Fresh prost-types v0.11.9
       Fresh landlock v0.4.2
       Fresh caps v0.5.5
    Checking tracelimit v0.0.0 (/home/ruize/openvmm-restore-v1/support/tracelimit)
       Fresh hvdef v0.0.0 (/home/ruize/openvmm-restore-v1/vm/hv1/hvdef)
       Fresh trycopy v0.0.0 (/home/ruize/openvmm-restore-v1/support/trycopy)
       Fresh x86defs v0.0.0 (/home/ruize/openvmm-restore-v1/vm/x86/x86defs)
       Fresh aarch64defs v0.0.0 (/home/ruize/openvmm-restore-v1/vm/aarch64/aarch64defs)
     Running `/home/ruize/openvmm-restore-v1/toolchain/verus-src/source/target-verus/release/verus /home/ruize/.rustup/toolchains/1.94.0-x86_64-unknown-linux-gnu/bin/rustc --crate-name tracelimit --edition=2024 support/tracelimit/src/lib.rs --error-format=json --json=diagnostic-rendered-ansi,artifacts,future-incompat --crate-type lib --emit=dep-info,metadata -C panic=abort -C embed-bitcode=no -C debuginfo=2 --warn=rust_2018_idioms --deny=future_incompatible --warn=unused_qualifications --forbid=unsafe_op_in_unsafe_fn --deny=unsafe_code '--warn=clippy::unnecessary_box_returns' '--allow=clippy::uninlined_format_args' --warn=unexpected_cfgs '--warn=clippy::undocumented_unsafe_blocks' '--allow=clippy::type_complexity' '--allow=clippy::too_many_arguments' '--warn=clippy::suboptimal_flops' '--allow=clippy::single_range_in_vec_init' '--warn=clippy::rest_pat_in_fully_bound_structs' '--warn=clippy::ref_option_ref' '--warn=clippy::ref_as_ptr' '--warn=clippy::ptr_cast_constness' '--warn=clippy::ptr_as_ptr' '--warn=clippy::option_option' '--allow=clippy::new_without_default' --warn=missing_docs '--allow=clippy::manual_flatten' '--warn=clippy::macro_use_imports' '--warn=clippy::lossy_float_literal' '--warn=clippy::linkedlist' '--allow=clippy::len_without_is_empty' '--warn=clippy::inefficient_to_string' '--warn=clippy::imprecise_flops' '--warn=clippy::implicit_clone' '--warn=clippy::fn_params_excessive_bools' '--warn=clippy::filter_map_next' '--warn=clippy::debug_assert_with_mut_call' '--warn=clippy::dbg_macro' '--allow=clippy::collapsible_match' '--allow=clippy::collapsible_if' '--allow=clippy::collapsible_else_if' '--allow=clippy::box_default' '--allow=clippy::bool_assert_comparison' '--warn=clippy::allow_attributes' --check-cfg 'cfg(trick_rust_analyzer_into_highlighting_interpolated_bits)' --check-cfg 'cfg(docsrs,test)' --check-cfg 'cfg(feature, values())' -C metadata=3bfd8ddf661d340e -C extra-filename=-0735eeb5c08421be --out-dir /home/ruize/openvmm-restore-v1/target/verus-partial/debug/deps -C incremental=/home/ruize/openvmm-restore-v1/target/verus-partial/debug/incremental -L dependency=/home/ruize/openvmm-restore-v1/target/verus-partial/debug/deps --extern parking_lot=/home/ruize/openvmm-restore-v1/target/verus-partial/debug/deps/libparking_lot-3957aa1b9559146d.rmeta --extern tracing=/home/ruize/openvmm-restore-v1/target/verus-partial/debug/deps/libtracing-0b8bb782b1e56374.rmeta -Cforce-frame-pointers=yes -Csymbol-mangling-version=v0 -Z checksum-hash-algorithm=blake3`
       Fresh mesh_protobuf v0.0.0 (/home/ruize/openvmm-restore-v1/support/mesh/mesh_protobuf)
       Fresh prost-build v0.11.9
    Checking pal v0.0.0 (/home/ruize/openvmm-restore-v1/support/pal)
       Fresh pal_event v0.0.0 (/home/ruize/openvmm-restore-v1/support/pal/pal_event)
     Running `/home/ruize/openvmm-restore-v1/toolchain/verus-src/source/target-verus/release/verus /home/ruize/.rustup/toolchains/1.94.0-x86_64-unknown-linux-gnu/bin/rustc --crate-name pal --edition=2024 support/pal/src/lib.rs --error-format=json --json=diagnostic-rendered-ansi,artifacts,future-incompat --crate-type lib --emit=dep-info,metadata -C panic=abort -C embed-bitcode=no -C debuginfo=2 --warn=rust_2018_idioms --deny=future_incompatible --warn=unused_qualifications --forbid=unsafe_op_in_unsafe_fn --deny=unsafe_code '--warn=clippy::unnecessary_box_returns' '--allow=clippy::uninlined_format_args' --warn=unexpected_cfgs '--warn=clippy::undocumented_unsafe_blocks' '--allow=clippy::type_complexity' '--allow=clippy::too_many_arguments' '--warn=clippy::suboptimal_flops' '--allow=clippy::single_range_in_vec_init' '--warn=clippy::rest_pat_in_fully_bound_structs' '--warn=clippy::ref_option_ref' '--warn=clippy::ref_as_ptr' '--warn=clippy::ptr_cast_constness' '--warn=clippy::ptr_as_ptr' '--warn=clippy::option_option' '--allow=clippy::new_without_default' --warn=missing_docs '--allow=clippy::manual_flatten' '--warn=clippy::macro_use_imports' '--warn=clippy::lossy_float_literal' '--warn=clippy::linkedlist' '--allow=clippy::len_without_is_empty' '--warn=clippy::inefficient_to_string' '--warn=clippy::imprecise_flops' '--warn=clippy::implicit_clone' '--warn=clippy::fn_params_excessive_bools' '--warn=clippy::filter_map_next' '--warn=clippy::debug_assert_with_mut_call' '--warn=clippy::dbg_macro' '--allow=clippy::collapsible_match' '--allow=clippy::collapsible_if' '--allow=clippy::collapsible_else_if' '--allow=clippy::box_default' '--allow=clippy::bool_assert_comparison' '--warn=clippy::allow_attributes' --check-cfg 'cfg(trick_rust_analyzer_into_highlighting_interpolated_bits)' --check-cfg 'cfg(docsrs,test)' --check-cfg 'cfg(feature, values("ci", "sandbox_tests"))' -C metadata=c2651d88270e893a -C extra-filename=-abce5188b22b8dfe --out-dir /home/ruize/openvmm-restore-v1/target/verus-partial/debug/deps -C incremental=/home/ruize/openvmm-restore-v1/target/verus-partial/debug/incremental -L dependency=/home/ruize/openvmm-restore-v1/target/verus-partial/debug/deps --extern caps=/home/ruize/openvmm-restore-v1/target/verus-partial/debug/deps/libcaps-51994575b1197dbb.rmeta --extern fs_err=/home/ruize/openvmm-restore-v1/target/verus-partial/debug/deps/libfs_err-f20dc713fe9ba4b8.rmeta --extern landlock=/home/ruize/openvmm-restore-v1/target/verus-partial/debug/deps/liblandlock-a89cecbaaa72a2e2.rmeta --extern libc=/home/ruize/openvmm-restore-v1/target/verus-partial/debug/deps/liblibc-94d8653e1a9f7efa.rmeta --extern seccompiler=/home/ruize/openvmm-restore-v1/target/verus-partial/debug/deps/libseccompiler-cae0d530e31ca50d.rmeta --extern thiserror=/home/ruize/openvmm-restore-v1/target/verus-partial/debug/deps/libthiserror-bb5470d7886e4e69.rmeta --extern tracing=/home/ruize/openvmm-restore-v1/target/verus-partial/debug/deps/libtracing-0b8bb782b1e56374.rmeta -Cforce-frame-pointers=yes -Csymbol-mangling-version=v0 -Z checksum-hash-algorithm=blake3`
    Checking event-listener-strategy v0.5.4
     Running `/home/ruize/openvmm-restore-v1/toolchain/verus-src/source/target-verus/release/verus /home/ruize/.rustup/toolchains/1.94.0-x86_64-unknown-linux-gnu/bin/rustc --crate-name event_listener_strategy --edition=2021 /home/ruize/.cargo/registry/src/index.crates.io-1949cf8c6b5b557f/event-listener-strategy-0.5.4/src/lib.rs --error-format=json --json=diagnostic-rendered-ansi,artifacts,future-incompat --crate-type lib --emit=dep-info,metadata -C panic=abort -C embed-bitcode=no -C debuginfo=2 --warn=unexpected_cfgs --check-cfg 'cfg(wasm_bindgen_unstable_test_coverage)' --cfg 'feature="std"' --check-cfg 'cfg(docsrs,test)' --check-cfg 'cfg(feature, values("default", "loom", "portable-atomic", "std"))' -C metadata=ef3bf8ef3ef8c80d -C extra-filename=-2dbe5a4946981109 --out-dir /home/ruize/openvmm-restore-v1/target/verus-partial/debug/deps -L dependency=/home/ruize/openvmm-restore-v1/target/verus-partial/debug/deps --extern event_listener=/home/ruize/openvmm-restore-v1/target/verus-partial/debug/deps/libevent_listener-ad20878ef421a5e3.rmeta --extern pin_project_lite=/home/ruize/openvmm-restore-v1/target/verus-partial/debug/deps/libpin_project_lite-dad59b4efe40a5be.rmeta --cap-lints allow -Cforce-frame-pointers=yes -Csymbol-mangling-version=v0 -Z checksum-hash-algorithm=blake3`
    Checking async-channel v2.5.0
     Running `/home/ruize/openvmm-restore-v1/toolchain/verus-src/source/target-verus/release/verus /home/ruize/.rustup/toolchains/1.94.0-x86_64-unknown-linux-gnu/bin/rustc --crate-name async_channel --edition=2021 /home/ruize/.cargo/registry/src/index.crates.io-1949cf8c6b5b557f/async-channel-2.5.0/src/lib.rs --error-format=json --json=diagnostic-rendered-ansi,artifacts,future-incompat --crate-type lib --emit=dep-info,metadata -C panic=abort -C embed-bitcode=no -C debuginfo=2 --cfg 'feature="default"' --cfg 'feature="std"' --check-cfg 'cfg(docsrs,test)' --check-cfg 'cfg(feature, values("default", "portable-atomic", "std"))' -C metadata=8f9f0e2378031107 -C extra-filename=-8b9777f9cd595f9b --out-dir /home/ruize/openvmm-restore-v1/target/verus-partial/debug/deps -L dependency=/home/ruize/openvmm-restore-v1/target/verus-partial/debug/deps --extern concurrent_queue=/home/ruize/openvmm-restore-v1/target/verus-partial/debug/deps/libconcurrent_queue-694d8961d8d03898.rmeta --extern event_listener_strategy=/home/ruize/openvmm-restore-v1/target/verus-partial/debug/deps/libevent_listener_strategy-2dbe5a4946981109.rmeta --extern futures_core=/home/ruize/openvmm-restore-v1/target/verus-partial/debug/deps/libfutures_core-8b0de7dc2bb3787e.rmeta --extern pin_project_lite=/home/ruize/openvmm-restore-v1/target/verus-partial/debug/deps/libpin_project_lite-dad59b4efe40a5be.rmeta --cap-lints allow -Cforce-frame-pointers=yes -Csymbol-mangling-version=v0 -Z checksum-hash-algorithm=blake3`
    Checking sparse_mmap v0.0.0 (/home/ruize/openvmm-restore-v1/support/sparse_mmap)
     Running `/home/ruize/openvmm-restore-v1/toolchain/verus-src/source/target-verus/release/verus /home/ruize/.rustup/toolchains/1.94.0-x86_64-unknown-linux-gnu/bin/rustc --crate-name sparse_mmap --edition=2024 support/sparse_mmap/src/lib.rs --error-format=json --json=diagnostic-rendered-ansi,artifacts,future-incompat --crate-type lib --emit=dep-info,metadata -C panic=abort -C embed-bitcode=no -C debuginfo=2 --warn=rust_2018_idioms --deny=future_incompatible --warn=unused_qualifications --forbid=unsafe_op_in_unsafe_fn --deny=unsafe_code '--warn=clippy::unnecessary_box_returns' '--allow=clippy::uninlined_format_args' --warn=unexpected_cfgs '--warn=clippy::undocumented_unsafe_blocks' '--allow=clippy::type_complexity' '--allow=clippy::too_many_arguments' '--warn=clippy::suboptimal_flops' '--allow=clippy::single_range_in_vec_init' '--warn=clippy::rest_pat_in_fully_bound_structs' '--warn=clippy::ref_option_ref' '--warn=clippy::ref_as_ptr' '--warn=clippy::ptr_cast_constness' '--warn=clippy::ptr_as_ptr' '--warn=clippy::option_option' '--allow=clippy::new_without_default' --warn=missing_docs '--allow=clippy::manual_flatten' '--warn=clippy::macro_use_imports' '--warn=clippy::lossy_float_literal' '--warn=clippy::linkedlist' '--allow=clippy::len_without_is_empty' '--warn=clippy::inefficient_to_string' '--warn=clippy::imprecise_flops' '--warn=clippy::implicit_clone' '--warn=clippy::fn_params_excessive_bools' '--warn=clippy::filter_map_next' '--warn=clippy::debug_assert_with_mut_call' '--warn=clippy::dbg_macro' '--allow=clippy::collapsible_match' '--allow=clippy::collapsible_if' '--allow=clippy::collapsible_else_if' '--allow=clippy::box_default' '--allow=clippy::bool_assert_comparison' '--warn=clippy::allow_attributes' --check-cfg 'cfg(trick_rust_analyzer_into_highlighting_interpolated_bits)' --check-cfg 'cfg(docsrs,test)' --check-cfg 'cfg(feature, values())' -C metadata=a302fe5f9e480894 -C extra-filename=-c469dc3897600ca4 --out-dir /home/ruize/openvmm-restore-v1/target/verus-partial/debug/deps -C incremental=/home/ruize/openvmm-restore-v1/target/verus-partial/debug/incremental -L dependency=/home/ruize/openvmm-restore-v1/target/verus-partial/debug/deps --extern libc=/home/ruize/openvmm-restore-v1/target/verus-partial/debug/deps/liblibc-94d8653e1a9f7efa.rmeta --extern pal=/home/ruize/openvmm-restore-v1/target/verus-partial/debug/deps/libpal-abce5188b22b8dfe.rmeta --extern thiserror=/home/ruize/openvmm-restore-v1/target/verus-partial/debug/deps/libthiserror-bb5470d7886e4e69.rmeta --extern trycopy=/home/ruize/openvmm-restore-v1/target/verus-partial/debug/deps/libtrycopy-70a899956c8db2b7.rmeta --extern zerocopy=/home/ruize/openvmm-restore-v1/target/verus-partial/debug/deps/libzerocopy-2fbbd02099a22f14.rmeta -Cforce-frame-pointers=yes -Csymbol-mangling-version=v0 -Z checksum-hash-algorithm=blake3`
    Checking futures-concurrency v7.6.3
     Running `/home/ruize/openvmm-restore-v1/toolchain/verus-src/source/target-verus/release/verus /home/ruize/.rustup/toolchains/1.94.0-x86_64-unknown-linux-gnu/bin/rustc --crate-name futures_concurrency --edition=2021 /home/ruize/.cargo/registry/src/index.crates.io-1949cf8c6b5b557f/futures-concurrency-7.6.3/src/lib.rs --error-format=json --json=diagnostic-rendered-ansi,artifacts,future-incompat --crate-type lib --emit=dep-info,metadata -C panic=abort -C embed-bitcode=no -C debuginfo=2 --cfg 'feature="alloc"' --cfg 'feature="default"' --cfg 'feature="std"' --check-cfg 'cfg(docsrs,test)' --check-cfg 'cfg(feature, values("alloc", "default", "std"))' -C metadata=6bfc16bbd3c387e2 -C extra-filename=-e25ef8ea94ceaf34 --out-dir /home/ruize/openvmm-restore-v1/target/verus-partial/debug/deps -L dependency=/home/ruize/openvmm-restore-v1/target/verus-partial/debug/deps --extern fixedbitset=/home/ruize/openvmm-restore-v1/target/verus-partial/debug/deps/libfixedbitset-6fe43d5e1b3046ca.rmeta --extern futures_buffered=/home/ruize/openvmm-restore-v1/target/verus-partial/debug/deps/libfutures_buffered-43432dd9b450e3c3.rmeta --extern futures_core=/home/ruize/openvmm-restore-v1/target/verus-partial/debug/deps/libfutures_core-8b0de7dc2bb3787e.rmeta --extern futures_lite=/home/ruize/openvmm-restore-v1/target/verus-partial/debug/deps/libfutures_lite-6ef16a65a977eddc.rmeta --extern pin_project=/home/ruize/openvmm-restore-v1/target/verus-partial/debug/deps/libpin_project-cb35cd8a7fd25520.rmeta --extern slab=/home/ruize/openvmm-restore-v1/target/verus-partial/debug/deps/libslab-9bfce0c6112d4e19.rmeta --extern smallvec=/home/ruize/openvmm-restore-v1/target/verus-partial/debug/deps/libsmallvec-93984935772e49f2.rmeta --cap-lints allow -Cforce-frame-pointers=yes -Csymbol-mangling-version=v0 -Z checksum-hash-algorithm=blake3`
    Checking futures-executor v0.3.31
     Running `/home/ruize/openvmm-restore-v1/toolchain/verus-src/source/target-verus/release/verus /home/ruize/.rustup/toolchains/1.94.0-x86_64-unknown-linux-gnu/bin/rustc --crate-name futures_executor --edition=2018 /home/ruize/.cargo/registry/src/index.crates.io-1949cf8c6b5b557f/futures-executor-0.3.31/src/lib.rs --error-format=json --json=diagnostic-rendered-ansi,artifacts,future-incompat --crate-type lib --emit=dep-info,metadata -C panic=abort -C embed-bitcode=no -C debuginfo=2 --warn=unreachable_pub --warn=unexpected_cfgs --warn=single_use_lifetimes --warn=rust_2018_idioms --warn=missing_debug_implementations --check-cfg 'cfg(futures_sanitizer)' --cfg 'feature="std"' --check-cfg 'cfg(docsrs,test)' --check-cfg 'cfg(feature, values("default", "num_cpus", "std", "thread-pool"))' -C metadata=88590bc082ab3413 -C extra-filename=-87318a2e235ee854 --out-dir /home/ruize/openvmm-restore-v1/target/verus-partial/debug/deps -L dependency=/home/ruize/openvmm-restore-v1/target/verus-partial/debug/deps --extern futures_core=/home/ruize/openvmm-restore-v1/target/verus-partial/debug/deps/libfutures_core-8b0de7dc2bb3787e.rmeta --extern futures_task=/home/ruize/openvmm-restore-v1/target/verus-partial/debug/deps/libfutures_task-38d01df4f086fe6b.rmeta --extern futures_util=/home/ruize/openvmm-restore-v1/target/verus-partial/debug/deps/libfutures_util-39b60b92890ff302.rmeta --cap-lints allow -Cforce-frame-pointers=yes -Csymbol-mangling-version=v0 -Z checksum-hash-algorithm=blake3`
    Checking futures v0.3.31
     Running `/home/ruize/openvmm-restore-v1/toolchain/verus-src/source/target-verus/release/verus /home/ruize/.rustup/toolchains/1.94.0-x86_64-unknown-linux-gnu/bin/rustc --crate-name futures --edition=2018 /home/ruize/.cargo/registry/src/index.crates.io-1949cf8c6b5b557f/futures-0.3.31/src/lib.rs --error-format=json --json=diagnostic-rendered-ansi,artifacts,future-incompat --crate-type lib --emit=dep-info,metadata -C panic=abort -C embed-bitcode=no -C debuginfo=2 --warn=unreachable_pub --warn=unexpected_cfgs --warn=single_use_lifetimes --warn=rust_2018_idioms --warn=missing_debug_implementations --check-cfg 'cfg(futures_sanitizer)' --cfg 'feature="alloc"' --cfg 'feature="async-await"' --cfg 'feature="default"' --cfg 'feature="executor"' --cfg 'feature="futures-executor"' --cfg 'feature="std"' --check-cfg 'cfg(docsrs,test)' --check-cfg 'cfg(feature, values("alloc", "async-await", "bilock", "cfg-target-has-atomic", "compat", "default", "executor", "futures-executor", "io-compat", "std", "thread-pool", "unstable", "write-all-vectored"))' -C metadata=6ccc5e25bcd60f9e -C extra-filename=-2f30c7968e98c8f7 --out-dir /home/ruize/openvmm-restore-v1/target/verus-partial/debug/deps -L dependency=/home/ruize/openvmm-restore-v1/target/verus-partial/debug/deps --extern futures_channel=/home/ruize/openvmm-restore-v1/target/verus-partial/debug/deps/libfutures_channel-238784a9369dbaeb.rmeta --extern futures_core=/home/ruize/openvmm-restore-v1/target/verus-partial/debug/deps/libfutures_core-8b0de7dc2bb3787e.rmeta --extern futures_executor=/home/ruize/openvmm-restore-v1/target/verus-partial/debug/deps/libfutures_executor-87318a2e235ee854.rmeta --extern futures_io=/home/ruize/openvmm-restore-v1/target/verus-partial/debug/deps/libfutures_io-29ac3aedf70dd0e2.rmeta --extern futures_sink=/home/ruize/openvmm-restore-v1/target/verus-partial/debug/deps/libfutures_sink-8bf926a9c9f08ad1.rmeta --extern futures_task=/home/ruize/openvmm-restore-v1/target/verus-partial/debug/deps/libfutures_task-38d01df4f086fe6b.rmeta --extern futures_util=/home/ruize/openvmm-restore-v1/target/verus-partial/debug/deps/libfutures_util-39b60b92890ff302.rmeta --cap-lints allow -Cforce-frame-pointers=yes -Csymbol-mangling-version=v0 -Z checksum-hash-algorithm=blake3`
    Checking mesh_node v0.0.0 (/home/ruize/openvmm-restore-v1/support/mesh/mesh_node)
    Checking pal_async v0.0.0 (/home/ruize/openvmm-restore-v1/support/pal/pal_async)
     Running `/home/ruize/openvmm-restore-v1/toolchain/verus-src/source/target-verus/release/verus /home/ruize/.rustup/toolchains/1.94.0-x86_64-unknown-linux-gnu/bin/rustc --crate-name mesh_node --edition=2024 support/mesh/mesh_node/src/lib.rs --error-format=json --json=diagnostic-rendered-ansi,artifacts,future-incompat --crate-type lib --emit=dep-info,metadata -C panic=abort -C embed-bitcode=no -C debuginfo=2 --warn=rust_2018_idioms --deny=future_incompatible --warn=unused_qualifications --forbid=unsafe_op_in_unsafe_fn --deny=unsafe_code '--warn=clippy::unnecessary_box_returns' '--allow=clippy::uninlined_format_args' --warn=unexpected_cfgs '--warn=clippy::undocumented_unsafe_blocks' '--allow=clippy::type_complexity' '--allow=clippy::too_many_arguments' '--warn=clippy::suboptimal_flops' '--allow=clippy::single_range_in_vec_init' '--warn=clippy::rest_pat_in_fully_bound_structs' '--warn=clippy::ref_option_ref' '--warn=clippy::ref_as_ptr' '--warn=clippy::ptr_cast_constness' '--warn=clippy::ptr_as_ptr' '--warn=clippy::option_option' '--allow=clippy::new_without_default' --warn=missing_docs '--allow=clippy::manual_flatten' '--warn=clippy::macro_use_imports' '--warn=clippy::lossy_float_literal' '--warn=clippy::linkedlist' '--allow=clippy::len_without_is_empty' '--warn=clippy::inefficient_to_string' '--warn=clippy::imprecise_flops' '--warn=clippy::implicit_clone' '--warn=clippy::fn_params_excessive_bools' '--warn=clippy::filter_map_next' '--warn=clippy::debug_assert_with_mut_call' '--warn=clippy::dbg_macro' '--allow=clippy::collapsible_match' '--allow=clippy::collapsible_if' '--allow=clippy::collapsible_else_if' '--allow=clippy::box_default' '--allow=clippy::bool_assert_comparison' '--warn=clippy::allow_attributes' --check-cfg 'cfg(trick_rust_analyzer_into_highlighting_interpolated_bits)' --check-cfg 'cfg(docsrs,test)' --check-cfg 'cfg(feature, values())' -C metadata=db941a129bc721be -C extra-filename=-425afc2b801ad25b --out-dir /home/ruize/openvmm-restore-v1/target/verus-partial/debug/deps -C incremental=/home/ruize/openvmm-restore-v1/target/verus-partial/debug/incremental -L dependency=/home/ruize/openvmm-restore-v1/target/verus-partial/debug/deps --extern bitfield_struct=/home/ruize/openvmm-restore-v1/target/verus-partial/debug/deps/libbitfield_struct-338153e689b05499.so --extern futures=/home/ruize/openvmm-restore-v1/target/verus-partial/debug/deps/libfutures-2f30c7968e98c8f7.rmeta --extern getrandom=/home/ruize/openvmm-restore-v1/target/verus-partial/debug/deps/libgetrandom-26d6fb37d469a72c.rmeta --extern mesh_derive=/home/ruize/openvmm-restore-v1/target/verus-partial/debug/deps/libmesh_derive-e9dcdcea9c6381f2.so --extern mesh_protobuf=/home/ruize/openvmm-restore-v1/target/verus-partial/debug/deps/libmesh_protobuf-5612e213728e73ed.rmeta --extern open_enum=/home/ruize/openvmm-restore-v1/target/verus-partial/debug/deps/libopen_enum-44a4a1432a2a3dff.rmeta --extern parking_lot=/home/ruize/openvmm-restore-v1/target/verus-partial/debug/deps/libparking_lot-3957aa1b9559146d.rmeta --extern thiserror=/home/ruize/openvmm-restore-v1/target/verus-partial/debug/deps/libthiserror-bb5470d7886e4e69.rmeta --extern tracing=/home/ruize/openvmm-restore-v1/target/verus-partial/debug/deps/libtracing-0b8bb782b1e56374.rmeta --extern zerocopy=/home/ruize/openvmm-restore-v1/target/verus-partial/debug/deps/libzerocopy-2fbbd02099a22f14.rmeta -Cforce-frame-pointers=yes -Csymbol-mangling-version=v0 -Z checksum-hash-algorithm=blake3`
     Running `/home/ruize/openvmm-restore-v1/toolchain/verus-src/source/target-verus/release/verus /home/ruize/.rustup/toolchains/1.94.0-x86_64-unknown-linux-gnu/bin/rustc --crate-name pal_async --edition=2024 support/pal/pal_async/src/lib.rs --error-format=json --json=diagnostic-rendered-ansi,artifacts,future-incompat --crate-type lib --emit=dep-info,metadata -C panic=abort -C embed-bitcode=no -C debuginfo=2 --warn=rust_2018_idioms --deny=future_incompatible --warn=unused_qualifications --forbid=unsafe_op_in_unsafe_fn --deny=unsafe_code '--warn=clippy::unnecessary_box_returns' '--allow=clippy::uninlined_format_args' --warn=unexpected_cfgs '--warn=clippy::undocumented_unsafe_blocks' '--allow=clippy::type_complexity' '--allow=clippy::too_many_arguments' '--warn=clippy::suboptimal_flops' '--allow=clippy::single_range_in_vec_init' '--warn=clippy::rest_pat_in_fully_bound_structs' '--warn=clippy::ref_option_ref' '--warn=clippy::ref_as_ptr' '--warn=clippy::ptr_cast_constness' '--warn=clippy::ptr_as_ptr' '--warn=clippy::option_option' '--allow=clippy::new_without_default' --warn=missing_docs '--allow=clippy::manual_flatten' '--warn=clippy::macro_use_imports' '--warn=clippy::lossy_float_literal' '--warn=clippy::linkedlist' '--allow=clippy::len_without_is_empty' '--warn=clippy::inefficient_to_string' '--warn=clippy::imprecise_flops' '--warn=clippy::implicit_clone' '--warn=clippy::fn_params_excessive_bools' '--warn=clippy::filter_map_next' '--warn=clippy::debug_assert_with_mut_call' '--warn=clippy::dbg_macro' '--allow=clippy::collapsible_match' '--allow=clippy::collapsible_if' '--allow=clippy::collapsible_else_if' '--allow=clippy::box_default' '--allow=clippy::bool_assert_comparison' '--warn=clippy::allow_attributes' --check-cfg 'cfg(trick_rust_analyzer_into_highlighting_interpolated_bits)' --check-cfg 'cfg(docsrs,test)' --check-cfg 'cfg(feature, values("tests"))' -C metadata=5f947b73eb497cb3 -C extra-filename=-a9b4b7c00aaf6eeb --out-dir /home/ruize/openvmm-restore-v1/target/verus-partial/debug/deps -C incremental=/home/ruize/openvmm-restore-v1/target/verus-partial/debug/incremental -L dependency=/home/ruize/openvmm-restore-v1/target/verus-partial/debug/deps --extern async_channel=/home/ruize/openvmm-restore-v1/target/verus-partial/debug/deps/libasync_channel-8b9777f9cd595f9b.rmeta --extern async_task=/home/ruize/openvmm-restore-v1/target/verus-partial/debug/deps/libasync_task-ac14c996757c8cd1.rmeta --extern cfg_if=/home/ruize/openvmm-restore-v1/target/verus-partial/debug/deps/libcfg_if-c9a8a9f3a3adcb02.rmeta --extern futures=/home/ruize/openvmm-restore-v1/target/verus-partial/debug/deps/libfutures-2f30c7968e98c8f7.rmeta --extern io_uring=/home/ruize/openvmm-restore-v1/target/verus-partial/debug/deps/libio_uring-ac6e8ab64cab1d98.rmeta --extern libc=/home/ruize/openvmm-restore-v1/target/verus-partial/debug/deps/liblibc-94d8653e1a9f7efa.rmeta --extern loan_cell=/home/ruize/openvmm-restore-v1/target/verus-partial/debug/deps/libloan_cell-c4f23d0b64506974.rmeta --extern once_cell=/home/ruize/openvmm-restore-v1/target/verus-partial/debug/deps/libonce_cell-e27c432f5fb3cabc.rmeta --extern pal=/home/ruize/openvmm-restore-v1/target/verus-partial/debug/deps/libpal-abce5188b22b8dfe.rmeta --extern pal_async_test=/home/ruize/openvmm-restore-v1/target/verus-partial/debug/deps/libpal_async_test-d876ccf823f52c48.so --extern pal_event=/home/ruize/openvmm-restore-v1/target/verus-partial/debug/deps/libpal_event-ad8314a85626886e.rmeta --extern parking_lot=/home/ruize/openvmm-restore-v1/target/verus-partial/debug/deps/libparking_lot-3957aa1b9559146d.rmeta --extern slab=/home/ruize/openvmm-restore-v1/target/verus-partial/debug/deps/libslab-9bfce0c6112d4e19.rmeta --extern smallbox=/home/ruize/openvmm-restore-v1/target/verus-partial/debug/deps/libsmallbox-90575f6c1a603770.rmeta --extern socket2=/home/ruize/openvmm-restore-v1/target/verus-partial/debug/deps/libsocket2-3aa55e0e73ee4a9d.rmeta --extern unix_socket=/home/ruize/openvmm-restore-v1/target/verus-partial/debug/deps/libunix_socket-c2345ad6cf1f56ff.rmeta --extern vstd=/home/ruize/openvmm-restore-v1/target/verus-partial/debug/deps/libvstd-0b932679964ce3b0.rmeta -Cforce-frame-pointers=yes -Csymbol-mangling-version=v0 -Z checksum-hash-algorithm=blake3`
    Checking mesh_channel_core v0.0.0 (/home/ruize/openvmm-restore-v1/support/mesh/mesh_channel_core)
     Running `/home/ruize/openvmm-restore-v1/toolchain/verus-src/source/target-verus/release/verus /home/ruize/.rustup/toolchains/1.94.0-x86_64-unknown-linux-gnu/bin/rustc --crate-name mesh_channel_core --edition=2024 support/mesh/mesh_channel_core/src/lib.rs --error-format=json --json=diagnostic-rendered-ansi,artifacts,future-incompat --crate-type lib --emit=dep-info,metadata -C panic=abort -C embed-bitcode=no -C debuginfo=2 --warn=rust_2018_idioms --deny=future_incompatible --warn=unused_qualifications --forbid=unsafe_op_in_unsafe_fn --deny=unsafe_code '--warn=clippy::unnecessary_box_returns' '--allow=clippy::uninlined_format_args' --warn=unexpected_cfgs '--warn=clippy::undocumented_unsafe_blocks' '--allow=clippy::type_complexity' '--allow=clippy::too_many_arguments' '--warn=clippy::suboptimal_flops' '--allow=clippy::single_range_in_vec_init' '--warn=clippy::rest_pat_in_fully_bound_structs' '--warn=clippy::ref_option_ref' '--warn=clippy::ref_as_ptr' '--warn=clippy::ptr_cast_constness' '--warn=clippy::ptr_as_ptr' '--warn=clippy::option_option' '--allow=clippy::new_without_default' --warn=missing_docs '--allow=clippy::manual_flatten' '--warn=clippy::macro_use_imports' '--warn=clippy::lossy_float_literal' '--warn=clippy::linkedlist' '--allow=clippy::len_without_is_empty' '--warn=clippy::inefficient_to_string' '--warn=clippy::imprecise_flops' '--warn=clippy::implicit_clone' '--warn=clippy::fn_params_excessive_bools' '--warn=clippy::filter_map_next' '--warn=clippy::debug_assert_with_mut_call' '--warn=clippy::dbg_macro' '--allow=clippy::collapsible_match' '--allow=clippy::collapsible_if' '--allow=clippy::collapsible_else_if' '--allow=clippy::box_default' '--allow=clippy::bool_assert_comparison' '--warn=clippy::allow_attributes' --check-cfg 'cfg(trick_rust_analyzer_into_highlighting_interpolated_bits)' --check-cfg 'cfg(docsrs,test)' --check-cfg 'cfg(feature, values())' -C metadata=8c5271e5747fa728 -C extra-filename=-918260039b7e6a51 --out-dir /home/ruize/openvmm-restore-v1/target/verus-partial/debug/deps -C incremental=/home/ruize/openvmm-restore-v1/target/verus-partial/debug/incremental -L dependency=/home/ruize/openvmm-restore-v1/target/verus-partial/debug/deps --extern futures=/home/ruize/openvmm-restore-v1/target/verus-partial/debug/deps/libfutures-2f30c7968e98c8f7.rmeta --extern mesh_node=/home/ruize/openvmm-restore-v1/target/verus-partial/debug/deps/libmesh_node-425afc2b801ad25b.rmeta --extern mesh_protobuf=/home/ruize/openvmm-restore-v1/target/verus-partial/debug/deps/libmesh_protobuf-5612e213728e73ed.rmeta --extern parking_lot=/home/ruize/openvmm-restore-v1/target/verus-partial/debug/deps/libparking_lot-3957aa1b9559146d.rmeta --extern thiserror=/home/ruize/openvmm-restore-v1/target/verus-partial/debug/deps/libthiserror-bb5470d7886e4e69.rmeta --extern tracing=/home/ruize/openvmm-restore-v1/target/verus-partial/debug/deps/libtracing-0b8bb782b1e56374.rmeta --extern vstd=/home/ruize/openvmm-restore-v1/target/verus-partial/debug/deps/libvstd-0b932679964ce3b0.rmeta -Cforce-frame-pointers=yes -Csymbol-mangling-version=v0 -Z checksum-hash-algorithm=blake3`
    Checking mesh_channel v0.0.0 (/home/ruize/openvmm-restore-v1/support/mesh/mesh_channel)
     Running `/home/ruize/openvmm-restore-v1/toolchain/verus-src/source/target-verus/release/verus /home/ruize/.rustup/toolchains/1.94.0-x86_64-unknown-linux-gnu/bin/rustc --crate-name mesh_channel --edition=2024 support/mesh/mesh_channel/src/lib.rs --error-format=json --json=diagnostic-rendered-ansi,artifacts,future-incompat --crate-type lib --emit=dep-info,metadata -C panic=abort -C embed-bitcode=no -C debuginfo=2 --warn=rust_2018_idioms --deny=future_incompatible --warn=unused_qualifications --forbid=unsafe_op_in_unsafe_fn --deny=unsafe_code '--warn=clippy::unnecessary_box_returns' '--allow=clippy::uninlined_format_args' --warn=unexpected_cfgs '--warn=clippy::undocumented_unsafe_blocks' '--allow=clippy::type_complexity' '--allow=clippy::too_many_arguments' '--warn=clippy::suboptimal_flops' '--allow=clippy::single_range_in_vec_init' '--warn=clippy::rest_pat_in_fully_bound_structs' '--warn=clippy::ref_option_ref' '--warn=clippy::ref_as_ptr' '--warn=clippy::ptr_cast_constness' '--warn=clippy::ptr_as_ptr' '--warn=clippy::option_option' '--allow=clippy::new_without_default' --warn=missing_docs '--allow=clippy::manual_flatten' '--warn=clippy::macro_use_imports' '--warn=clippy::lossy_float_literal' '--warn=clippy::linkedlist' '--allow=clippy::len_without_is_empty' '--warn=clippy::inefficient_to_string' '--warn=clippy::imprecise_flops' '--warn=clippy::implicit_clone' '--warn=clippy::fn_params_excessive_bools' '--warn=clippy::filter_map_next' '--warn=clippy::debug_assert_with_mut_call' '--warn=clippy::dbg_macro' '--allow=clippy::collapsible_match' '--allow=clippy::collapsible_if' '--allow=clippy::collapsible_else_if' '--allow=clippy::box_default' '--allow=clippy::bool_assert_comparison' '--warn=clippy::allow_attributes' --check-cfg 'cfg(trick_rust_analyzer_into_highlighting_interpolated_bits)' --check-cfg 'cfg(docsrs,test)' --check-cfg 'cfg(feature, values())' -C metadata=a1eb4033e81c37b5 -C extra-filename=-3b9aa6f056dc0b64 --out-dir /home/ruize/openvmm-restore-v1/target/verus-partial/debug/deps -C incremental=/home/ruize/openvmm-restore-v1/target/verus-partial/debug/incremental -L dependency=/home/ruize/openvmm-restore-v1/target/verus-partial/debug/deps --extern futures=/home/ruize/openvmm-restore-v1/target/verus-partial/debug/deps/libfutures-2f30c7968e98c8f7.rmeta --extern mesh_channel_core=/home/ruize/openvmm-restore-v1/target/verus-partial/debug/deps/libmesh_channel_core-918260039b7e6a51.rmeta --extern mesh_node=/home/ruize/openvmm-restore-v1/target/verus-partial/debug/deps/libmesh_node-425afc2b801ad25b.rmeta --extern mesh_protobuf=/home/ruize/openvmm-restore-v1/target/verus-partial/debug/deps/libmesh_protobuf-5612e213728e73ed.rmeta --extern parking_lot=/home/ruize/openvmm-restore-v1/target/verus-partial/debug/deps/libparking_lot-3957aa1b9559146d.rmeta --extern thiserror=/home/ruize/openvmm-restore-v1/target/verus-partial/debug/deps/libthiserror-bb5470d7886e4e69.rmeta --extern tracing=/home/ruize/openvmm-restore-v1/target/verus-partial/debug/deps/libtracing-0b8bb782b1e56374.rmeta --extern vstd=/home/ruize/openvmm-restore-v1/target/verus-partial/debug/deps/libvstd-0b932679964ce3b0.rmeta -Cforce-frame-pointers=yes -Csymbol-mangling-version=v0 -Z checksum-hash-algorithm=blake3`
    Checking mesh v0.0.0 (/home/ruize/openvmm-restore-v1/support/mesh)
     Running `/home/ruize/openvmm-restore-v1/toolchain/verus-src/source/target-verus/release/verus /home/ruize/.rustup/toolchains/1.94.0-x86_64-unknown-linux-gnu/bin/rustc --crate-name mesh --edition=2024 support/mesh/src/lib.rs --error-format=json --json=diagnostic-rendered-ansi,artifacts,future-incompat --crate-type lib --emit=dep-info,metadata -C panic=abort -C embed-bitcode=no -C debuginfo=2 --warn=rust_2018_idioms --deny=future_incompatible --warn=unused_qualifications --forbid=unsafe_op_in_unsafe_fn --deny=unsafe_code '--warn=clippy::unnecessary_box_returns' '--allow=clippy::uninlined_format_args' --warn=unexpected_cfgs '--warn=clippy::undocumented_unsafe_blocks' '--allow=clippy::type_complexity' '--allow=clippy::too_many_arguments' '--warn=clippy::suboptimal_flops' '--allow=clippy::single_range_in_vec_init' '--warn=clippy::rest_pat_in_fully_bound_structs' '--warn=clippy::ref_option_ref' '--warn=clippy::ref_as_ptr' '--warn=clippy::ptr_cast_constness' '--warn=clippy::ptr_as_ptr' '--warn=clippy::option_option' '--allow=clippy::new_without_default' --warn=missing_docs '--allow=clippy::manual_flatten' '--warn=clippy::macro_use_imports' '--warn=clippy::lossy_float_literal' '--warn=clippy::linkedlist' '--allow=clippy::len_without_is_empty' '--warn=clippy::inefficient_to_string' '--warn=clippy::imprecise_flops' '--warn=clippy::implicit_clone' '--warn=clippy::fn_params_excessive_bools' '--warn=clippy::filter_map_next' '--warn=clippy::debug_assert_with_mut_call' '--warn=clippy::dbg_macro' '--allow=clippy::collapsible_match' '--allow=clippy::collapsible_if' '--allow=clippy::collapsible_else_if' '--allow=clippy::box_default' '--allow=clippy::bool_assert_comparison' '--warn=clippy::allow_attributes' --check-cfg 'cfg(trick_rust_analyzer_into_highlighting_interpolated_bits)' --cfg 'feature="default"' --check-cfg 'cfg(docsrs,test)' --check-cfg 'cfg(feature, values("default", "prost", "socket2"))' -C metadata=aaab73fc8c79b817 -C extra-filename=-e4fcb3bc558b80b9 --out-dir /home/ruize/openvmm-restore-v1/target/verus-partial/debug/deps -C incremental=/home/ruize/openvmm-restore-v1/target/verus-partial/debug/incremental -L dependency=/home/ruize/openvmm-restore-v1/target/verus-partial/debug/deps --extern mesh_channel=/home/ruize/openvmm-restore-v1/target/verus-partial/debug/deps/libmesh_channel-3b9aa6f056dc0b64.rmeta --extern mesh_derive=/home/ruize/openvmm-restore-v1/target/verus-partial/debug/deps/libmesh_derive-e9dcdcea9c6381f2.so --extern mesh_node=/home/ruize/openvmm-restore-v1/target/verus-partial/debug/deps/libmesh_node-425afc2b801ad25b.rmeta --extern mesh_protobuf=/home/ruize/openvmm-restore-v1/target/verus-partial/debug/deps/libmesh_protobuf-5612e213728e73ed.rmeta -Cforce-frame-pointers=yes -Csymbol-mangling-version=v0 -Z checksum-hash-algorithm=blake3`
    Checking inspect v0.0.0 (/home/ruize/openvmm-restore-v1/support/inspect)
     Running `/home/ruize/openvmm-restore-v1/toolchain/verus-src/source/target-verus/release/verus /home/ruize/.rustup/toolchains/1.94.0-x86_64-unknown-linux-gnu/bin/rustc --crate-name inspect --edition=2024 support/inspect/src/lib.rs --error-format=json --json=diagnostic-rendered-ansi,artifacts,future-incompat --crate-type lib --emit=dep-info,metadata -C panic=abort -C embed-bitcode=no -C debuginfo=2 --warn=rust_2018_idioms --deny=future_incompatible --warn=unused_qualifications --forbid=unsafe_op_in_unsafe_fn --deny=unsafe_code '--warn=clippy::unnecessary_box_returns' '--allow=clippy::uninlined_format_args' --warn=unexpected_cfgs '--warn=clippy::undocumented_unsafe_blocks' '--allow=clippy::type_complexity' '--allow=clippy::too_many_arguments' '--warn=clippy::suboptimal_flops' '--allow=clippy::single_range_in_vec_init' '--warn=clippy::rest_pat_in_fully_bound_structs' '--warn=clippy::ref_option_ref' '--warn=clippy::ref_as_ptr' '--warn=clippy::ptr_cast_constness' '--warn=clippy::ptr_as_ptr' '--warn=clippy::option_option' '--allow=clippy::new_without_default' --warn=missing_docs '--allow=clippy::manual_flatten' '--warn=clippy::macro_use_imports' '--warn=clippy::lossy_float_literal' '--warn=clippy::linkedlist' '--allow=clippy::len_without_is_empty' '--warn=clippy::inefficient_to_string' '--warn=clippy::imprecise_flops' '--warn=clippy::implicit_clone' '--warn=clippy::fn_params_excessive_bools' '--warn=clippy::filter_map_next' '--warn=clippy::debug_assert_with_mut_call' '--warn=clippy::dbg_macro' '--allow=clippy::collapsible_match' '--allow=clippy::collapsible_if' '--allow=clippy::collapsible_else_if' '--allow=clippy::box_default' '--allow=clippy::bool_assert_comparison' '--warn=clippy::allow_attributes' --check-cfg 'cfg(trick_rust_analyzer_into_highlighting_interpolated_bits)' --cfg 'feature="defer"' --cfg 'feature="derive"' --cfg 'feature="inspect_derive"' --check-cfg 'cfg(docsrs,test)' --check-cfg 'cfg(feature, values("arbitrary", "default", "defer", "derive", "filepath", "initiate", "inspect_derive", "std"))' -C metadata=3920f70e0d589f7e -C extra-filename=-4b9083593d3cde8b --out-dir /home/ruize/openvmm-restore-v1/target/verus-partial/debug/deps -C incremental=/home/ruize/openvmm-restore-v1/target/verus-partial/debug/incremental -L dependency=/home/ruize/openvmm-restore-v1/target/verus-partial/debug/deps --extern bitfield_struct=/home/ruize/openvmm-restore-v1/target/verus-partial/debug/deps/libbitfield_struct-338153e689b05499.so --extern inspect_derive=/home/ruize/openvmm-restore-v1/target/verus-partial/debug/deps/libinspect_derive-f4ec8f9037f1c67a.so --extern mesh=/home/ruize/openvmm-restore-v1/target/verus-partial/debug/deps/libmesh-e4fcb3bc558b80b9.rmeta --extern parking_lot=/home/ruize/openvmm-restore-v1/target/verus-partial/debug/deps/libparking_lot-3957aa1b9559146d.rmeta -Cforce-frame-pointers=yes -Csymbol-mangling-version=v0 -Z checksum-hash-algorithm=blake3`
    Checking tdisp_proto v0.0.0 (/home/ruize/openvmm-restore-v1/vm/devices/tdisp_proto)
    Checking vm_resource v0.0.0 (/home/ruize/openvmm-restore-v1/vm/vmcore/vm_resource)
    Checking guestmem v0.0.0 (/home/ruize/openvmm-restore-v1/vm/vmcore/guestmem)
    Checking memory_range v0.0.0 (/home/ruize/openvmm-restore-v1/vm/vmcore/memory_range)
     Running `/home/ruize/openvmm-restore-v1/toolchain/verus-src/source/target-verus/release/verus /home/ruize/.rustup/toolchains/1.94.0-x86_64-unknown-linux-gnu/bin/rustc --crate-name tdisp_proto --edition=2024 vm/devices/tdisp_proto/src/lib.rs --error-format=json --json=diagnostic-rendered-ansi,artifacts,future-incompat --crate-type lib --emit=dep-info,metadata -C panic=abort -C embed-bitcode=no -C debuginfo=2 --warn=rust_2018_idioms --deny=future_incompatible --warn=unused_qualifications --forbid=unsafe_op_in_unsafe_fn --deny=unsafe_code '--warn=clippy::unnecessary_box_returns' '--allow=clippy::uninlined_format_args' --warn=unexpected_cfgs '--warn=clippy::undocumented_unsafe_blocks' '--allow=clippy::type_complexity' '--allow=clippy::too_many_arguments' '--warn=clippy::suboptimal_flops' '--allow=clippy::single_range_in_vec_init' '--warn=clippy::rest_pat_in_fully_bound_structs' '--warn=clippy::ref_option_ref' '--warn=clippy::ref_as_ptr' '--warn=clippy::ptr_cast_constness' '--warn=clippy::ptr_as_ptr' '--warn=clippy::option_option' '--allow=clippy::new_without_default' --warn=missing_docs '--allow=clippy::manual_flatten' '--warn=clippy::macro_use_imports' '--warn=clippy::lossy_float_literal' '--warn=clippy::linkedlist' '--allow=clippy::len_without_is_empty' '--warn=clippy::inefficient_to_string' '--warn=clippy::imprecise_flops' '--warn=clippy::implicit_clone' '--warn=clippy::fn_params_excessive_bools' '--warn=clippy::filter_map_next' '--warn=clippy::debug_assert_with_mut_call' '--warn=clippy::dbg_macro' '--allow=clippy::collapsible_match' '--allow=clippy::collapsible_if' '--allow=clippy::collapsible_else_if' '--allow=clippy::box_default' '--allow=clippy::bool_assert_comparison' '--warn=clippy::allow_attributes' --check-cfg 'cfg(trick_rust_analyzer_into_highlighting_interpolated_bits)' --check-cfg 'cfg(docsrs,test)' --check-cfg 'cfg(feature, values())' -C metadata=883652effdae8072 -C extra-filename=-01af8368f08fa03f --out-dir /home/ruize/openvmm-restore-v1/target/verus-partial/debug/deps -C incremental=/home/ruize/openvmm-restore-v1/target/verus-partial/debug/incremental -L dependency=/home/ruize/openvmm-restore-v1/target/verus-partial/debug/deps --extern inspect=/home/ruize/openvmm-restore-v1/target/verus-partial/debug/deps/libinspect-4b9083593d3cde8b.rmeta --extern prost=/home/ruize/openvmm-restore-v1/target/verus-partial/debug/deps/libprost-2ea7cd7b9ee3329b.rmeta --extern thiserror=/home/ruize/openvmm-restore-v1/target/verus-partial/debug/deps/libthiserror-bb5470d7886e4e69.rmeta -Cforce-frame-pointers=yes -Csymbol-mangling-version=v0 -Z checksum-hash-algorithm=blake3`
     Running `/home/ruize/openvmm-restore-v1/toolchain/verus-src/source/target-verus/release/verus /home/ruize/.rustup/toolchains/1.94.0-x86_64-unknown-linux-gnu/bin/rustc --crate-name guestmem --edition=2024 vm/vmcore/guestmem/src/lib.rs --error-format=json --json=diagnostic-rendered-ansi,artifacts,future-incompat --crate-type lib --emit=dep-info,metadata -C panic=abort -C embed-bitcode=no -C debuginfo=2 --warn=rust_2018_idioms --deny=future_incompatible --warn=unused_qualifications --forbid=unsafe_op_in_unsafe_fn --deny=unsafe_code '--warn=clippy::unnecessary_box_returns' '--allow=clippy::uninlined_format_args' --warn=unexpected_cfgs '--warn=clippy::undocumented_unsafe_blocks' '--allow=clippy::type_complexity' '--allow=clippy::too_many_arguments' '--warn=clippy::suboptimal_flops' '--allow=clippy::single_range_in_vec_init' '--warn=clippy::rest_pat_in_fully_bound_structs' '--warn=clippy::ref_option_ref' '--warn=clippy::ref_as_ptr' '--warn=clippy::ptr_cast_constness' '--warn=clippy::ptr_as_ptr' '--warn=clippy::option_option' '--allow=clippy::new_without_default' --warn=missing_docs '--allow=clippy::manual_flatten' '--warn=clippy::macro_use_imports' '--warn=clippy::lossy_float_literal' '--warn=clippy::linkedlist' '--allow=clippy::len_without_is_empty' '--warn=clippy::inefficient_to_string' '--warn=clippy::imprecise_flops' '--warn=clippy::implicit_clone' '--warn=clippy::fn_params_excessive_bools' '--warn=clippy::filter_map_next' '--warn=clippy::debug_assert_with_mut_call' '--warn=clippy::dbg_macro' '--allow=clippy::collapsible_match' '--allow=clippy::collapsible_if' '--allow=clippy::collapsible_else_if' '--allow=clippy::box_default' '--allow=clippy::bool_assert_comparison' '--warn=clippy::allow_attributes' --check-cfg 'cfg(trick_rust_analyzer_into_highlighting_interpolated_bits)' --check-cfg 'cfg(docsrs,test)' --check-cfg 'cfg(feature, values("bitmap"))' -C metadata=f4a18cdeadf5b928 -C extra-filename=-5de134ad414c3d9d --out-dir /home/ruize/openvmm-restore-v1/target/verus-partial/debug/deps -C incremental=/home/ruize/openvmm-restore-v1/target/verus-partial/debug/incremental -L dependency=/home/ruize/openvmm-restore-v1/target/verus-partial/debug/deps --extern inspect=/home/ruize/openvmm-restore-v1/target/verus-partial/debug/deps/libinspect-4b9083593d3cde8b.rmeta --extern pal_event=/home/ruize/openvmm-restore-v1/target/verus-partial/debug/deps/libpal_event-ad8314a85626886e.rmeta --extern sparse_mmap=/home/ruize/openvmm-restore-v1/target/verus-partial/debug/deps/libsparse_mmap-c469dc3897600ca4.rmeta --extern thiserror=/home/ruize/openvmm-restore-v1/target/verus-partial/debug/deps/libthiserror-bb5470d7886e4e69.rmeta --extern trycopy=/home/ruize/openvmm-restore-v1/target/verus-partial/debug/deps/libtrycopy-70a899956c8db2b7.rmeta --extern zerocopy=/home/ruize/openvmm-restore-v1/target/verus-partial/debug/deps/libzerocopy-2fbbd02099a22f14.rmeta -Cforce-frame-pointers=yes -Csymbol-mangling-version=v0 -Z checksum-hash-algorithm=blake3`
     Running `/home/ruize/openvmm-restore-v1/toolchain/verus-src/source/target-verus/release/verus /home/ruize/.rustup/toolchains/1.94.0-x86_64-unknown-linux-gnu/bin/rustc --crate-name vm_resource --edition=2024 vm/vmcore/vm_resource/src/lib.rs --error-format=json --json=diagnostic-rendered-ansi,artifacts,future-incompat --crate-type lib --emit=dep-info,metadata -C panic=abort -C embed-bitcode=no -C debuginfo=2 --warn=rust_2018_idioms --deny=future_incompatible --warn=unused_qualifications --forbid=unsafe_op_in_unsafe_fn --deny=unsafe_code '--warn=clippy::unnecessary_box_returns' '--allow=clippy::uninlined_format_args' --warn=unexpected_cfgs '--warn=clippy::undocumented_unsafe_blocks' '--allow=clippy::type_complexity' '--allow=clippy::too_many_arguments' '--warn=clippy::suboptimal_flops' '--allow=clippy::single_range_in_vec_init' '--warn=clippy::rest_pat_in_fully_bound_structs' '--warn=clippy::ref_option_ref' '--warn=clippy::ref_as_ptr' '--warn=clippy::ptr_cast_constness' '--warn=clippy::ptr_as_ptr' '--warn=clippy::option_option' '--allow=clippy::new_without_default' --warn=missing_docs '--allow=clippy::manual_flatten' '--warn=clippy::macro_use_imports' '--warn=clippy::lossy_float_literal' '--warn=clippy::linkedlist' '--allow=clippy::len_without_is_empty' '--warn=clippy::inefficient_to_string' '--warn=clippy::imprecise_flops' '--warn=clippy::implicit_clone' '--warn=clippy::fn_params_excessive_bools' '--warn=clippy::filter_map_next' '--warn=clippy::debug_assert_with_mut_call' '--warn=clippy::dbg_macro' '--allow=clippy::collapsible_match' '--allow=clippy::collapsible_if' '--allow=clippy::collapsible_else_if' '--allow=clippy::box_default' '--allow=clippy::bool_assert_comparison' '--warn=clippy::allow_attributes' --check-cfg 'cfg(trick_rust_analyzer_into_highlighting_interpolated_bits)' --check-cfg 'cfg(docsrs,test)' --check-cfg 'cfg(feature, values())' -C metadata=3d608911bf8055f7 -C extra-filename=-90ff6126af51805d --out-dir /home/ruize/openvmm-restore-v1/target/verus-partial/debug/deps -C incremental=/home/ruize/openvmm-restore-v1/target/verus-partial/debug/incremental -L dependency=/home/ruize/openvmm-restore-v1/target/verus-partial/debug/deps --extern async_trait=/home/ruize/openvmm-restore-v1/target/verus-partial/debug/deps/libasync_trait-c5f6c49640f81610.so --extern inspect=/home/ruize/openvmm-restore-v1/target/verus-partial/debug/deps/libinspect-4b9083593d3cde8b.rmeta --extern linkme=/home/ruize/openvmm-restore-v1/target/verus-partial/debug/deps/liblinkme-b30cbb555eeb2a20.rmeta --extern mesh=/home/ruize/openvmm-restore-v1/target/verus-partial/debug/deps/libmesh-e4fcb3bc558b80b9.rmeta --extern thiserror=/home/ruize/openvmm-restore-v1/target/verus-partial/debug/deps/libthiserror-bb5470d7886e4e69.rmeta -Cforce-frame-pointers=yes -Csymbol-mangling-version=v0 -Z checksum-hash-algorithm=blake3`
     Running `/home/ruize/openvmm-restore-v1/toolchain/verus-src/source/target-verus/release/verus /home/ruize/.rustup/toolchains/1.94.0-x86_64-unknown-linux-gnu/bin/rustc --crate-name memory_range --edition=2024 vm/vmcore/memory_range/src/lib.rs --error-format=json --json=diagnostic-rendered-ansi,artifacts,future-incompat --crate-type lib --emit=dep-info,metadata -C panic=abort -C embed-bitcode=no -C debuginfo=2 --warn=rust_2018_idioms --deny=future_incompatible --warn=unused_qualifications --forbid=unsafe_op_in_unsafe_fn --deny=unsafe_code '--warn=clippy::unnecessary_box_returns' '--allow=clippy::uninlined_format_args' --warn=unexpected_cfgs '--warn=clippy::undocumented_unsafe_blocks' '--allow=clippy::type_complexity' '--allow=clippy::too_many_arguments' '--warn=clippy::suboptimal_flops' '--allow=clippy::single_range_in_vec_init' '--warn=clippy::rest_pat_in_fully_bound_structs' '--warn=clippy::ref_option_ref' '--warn=clippy::ref_as_ptr' '--warn=clippy::ptr_cast_constness' '--warn=clippy::ptr_as_ptr' '--warn=clippy::option_option' '--allow=clippy::new_without_default' --warn=missing_docs '--allow=clippy::manual_flatten' '--warn=clippy::macro_use_imports' '--warn=clippy::lossy_float_literal' '--warn=clippy::linkedlist' '--allow=clippy::len_without_is_empty' '--warn=clippy::inefficient_to_string' '--warn=clippy::imprecise_flops' '--warn=clippy::implicit_clone' '--warn=clippy::fn_params_excessive_bools' '--warn=clippy::filter_map_next' '--warn=clippy::debug_assert_with_mut_call' '--warn=clippy::dbg_macro' '--allow=clippy::collapsible_match' '--allow=clippy::collapsible_if' '--allow=clippy::collapsible_else_if' '--allow=clippy::box_default' '--allow=clippy::bool_assert_comparison' '--warn=clippy::allow_attributes' --check-cfg 'cfg(trick_rust_analyzer_into_highlighting_interpolated_bits)' --cfg 'feature="inspect"' --check-cfg 'cfg(docsrs,test)' --check-cfg 'cfg(feature, values("inspect", "mesh"))' -C metadata=1223c2bfd6c3f953 -C extra-filename=-6c1264e63b5019fa --out-dir /home/ruize/openvmm-restore-v1/target/verus-partial/debug/deps -C incremental=/home/ruize/openvmm-restore-v1/target/verus-partial/debug/incremental -L dependency=/home/ruize/openvmm-restore-v1/target/verus-partial/debug/deps --extern inspect=/home/ruize/openvmm-restore-v1/target/verus-partial/debug/deps/libinspect-4b9083593d3cde8b.rmeta --extern thiserror=/home/ruize/openvmm-restore-v1/target/verus-partial/debug/deps/libthiserror-bb5470d7886e4e69.rmeta -Cforce-frame-pointers=yes -Csymbol-mangling-version=v0 -Z checksum-hash-algorithm=blake3`
    Checking tdisp v0.0.0 (/home/ruize/openvmm-restore-v1/vm/devices/tdisp)
     Running `/home/ruize/openvmm-restore-v1/toolchain/verus-src/source/target-verus/release/verus /home/ruize/.rustup/toolchains/1.94.0-x86_64-unknown-linux-gnu/bin/rustc --crate-name tdisp --edition=2024 vm/devices/tdisp/src/lib.rs --error-format=json --json=diagnostic-rendered-ansi,artifacts,future-incompat --crate-type lib --emit=dep-info,metadata -C panic=abort -C embed-bitcode=no -C debuginfo=2 --warn=rust_2018_idioms --deny=future_incompatible --warn=unused_qualifications --forbid=unsafe_op_in_unsafe_fn --deny=unsafe_code '--warn=clippy::unnecessary_box_returns' '--allow=clippy::uninlined_format_args' --warn=unexpected_cfgs '--warn=clippy::undocumented_unsafe_blocks' '--allow=clippy::type_complexity' '--allow=clippy::too_many_arguments' '--warn=clippy::suboptimal_flops' '--allow=clippy::single_range_in_vec_init' '--warn=clippy::rest_pat_in_fully_bound_structs' '--warn=clippy::ref_option_ref' '--warn=clippy::ref_as_ptr' '--warn=clippy::ptr_cast_constness' '--warn=clippy::ptr_as_ptr' '--warn=clippy::option_option' '--allow=clippy::new_without_default' --warn=missing_docs '--allow=clippy::manual_flatten' '--warn=clippy::macro_use_imports' '--warn=clippy::lossy_float_literal' '--warn=clippy::linkedlist' '--allow=clippy::len_without_is_empty' '--warn=clippy::inefficient_to_string' '--warn=clippy::imprecise_flops' '--warn=clippy::implicit_clone' '--warn=clippy::fn_params_excessive_bools' '--warn=clippy::filter_map_next' '--warn=clippy::debug_assert_with_mut_call' '--warn=clippy::dbg_macro' '--allow=clippy::collapsible_match' '--allow=clippy::collapsible_if' '--allow=clippy::collapsible_else_if' '--allow=clippy::box_default' '--allow=clippy::bool_assert_comparison' '--warn=clippy::allow_attributes' --check-cfg 'cfg(trick_rust_analyzer_into_highlighting_interpolated_bits)' --check-cfg 'cfg(docsrs,test)' --check-cfg 'cfg(feature, values())' -C metadata=071a2c884c7199cb -C extra-filename=-aba23aa1d2743072 --out-dir /home/ruize/openvmm-restore-v1/target/verus-partial/debug/deps -C incremental=/home/ruize/openvmm-restore-v1/target/verus-partial/debug/incremental -L dependency=/home/ruize/openvmm-restore-v1/target/verus-partial/debug/deps --extern anyhow=/home/ruize/openvmm-restore-v1/target/verus-partial/debug/deps/libanyhow-1a1dcdb279f90ff5.rmeta --extern bitfield_struct=/home/ruize/openvmm-restore-v1/target/verus-partial/debug/deps/libbitfield_struct-338153e689b05499.so --extern parking_lot=/home/ruize/openvmm-restore-v1/target/verus-partial/debug/deps/libparking_lot-3957aa1b9559146d.rmeta --extern prost=/home/ruize/openvmm-restore-v1/target/verus-partial/debug/deps/libprost-2ea7cd7b9ee3329b.rmeta --extern static_assertions=/home/ruize/openvmm-restore-v1/target/verus-partial/debug/deps/libstatic_assertions-ea2eb68e8147348e.rmeta --extern tdisp_proto=/home/ruize/openvmm-restore-v1/target/verus-partial/debug/deps/libtdisp_proto-01af8368f08fa03f.rmeta --extern tracing=/home/ruize/openvmm-restore-v1/target/verus-partial/debug/deps/libtracing-0b8bb782b1e56374.rmeta --extern zerocopy=/home/ruize/openvmm-restore-v1/target/verus-partial/debug/deps/libzerocopy-2fbbd02099a22f14.rmeta -Cforce-frame-pointers=yes -Csymbol-mangling-version=v0 -Z checksum-hash-algorithm=blake3`
    Checking vmcore v0.0.0 (/home/ruize/openvmm-restore-v1/vm/vmcore)
     Running `/home/ruize/openvmm-restore-v1/toolchain/verus-src/source/target-verus/release/verus /home/ruize/.rustup/toolchains/1.94.0-x86_64-unknown-linux-gnu/bin/rustc --crate-name vmcore --edition=2024 vm/vmcore/src/lib.rs --error-format=json --json=diagnostic-rendered-ansi,artifacts,future-incompat --crate-type lib --emit=dep-info,metadata -C panic=abort -C embed-bitcode=no -C debuginfo=2 --warn=rust_2018_idioms --deny=future_incompatible --warn=unused_qualifications --forbid=unsafe_op_in_unsafe_fn --deny=unsafe_code '--warn=clippy::unnecessary_box_returns' '--allow=clippy::uninlined_format_args' --warn=unexpected_cfgs '--warn=clippy::undocumented_unsafe_blocks' '--allow=clippy::type_complexity' '--allow=clippy::too_many_arguments' '--warn=clippy::suboptimal_flops' '--allow=clippy::single_range_in_vec_init' '--warn=clippy::rest_pat_in_fully_bound_structs' '--warn=clippy::ref_option_ref' '--warn=clippy::ref_as_ptr' '--warn=clippy::ptr_cast_constness' '--warn=clippy::ptr_as_ptr' '--warn=clippy::option_option' '--allow=clippy::new_without_default' --warn=missing_docs '--allow=clippy::manual_flatten' '--warn=clippy::macro_use_imports' '--warn=clippy::lossy_float_literal' '--warn=clippy::linkedlist' '--allow=clippy::len_without_is_empty' '--warn=clippy::inefficient_to_string' '--warn=clippy::imprecise_flops' '--warn=clippy::implicit_clone' '--warn=clippy::fn_params_excessive_bools' '--warn=clippy::filter_map_next' '--warn=clippy::debug_assert_with_mut_call' '--warn=clippy::dbg_macro' '--allow=clippy::collapsible_match' '--allow=clippy::collapsible_if' '--allow=clippy::collapsible_else_if' '--allow=clippy::box_default' '--allow=clippy::bool_assert_comparison' '--warn=clippy::allow_attributes' --check-cfg 'cfg(trick_rust_analyzer_into_highlighting_interpolated_bits)' --check-cfg 'cfg(docsrs,test)' --check-cfg 'cfg(feature, values())' -C metadata=cf9146c22fb175ae -C extra-filename=-e7b26ec16e18c6da --out-dir /home/ruize/openvmm-restore-v1/target/verus-partial/debug/deps -C incremental=/home/ruize/openvmm-restore-v1/target/verus-partial/debug/incremental -L dependency=/home/ruize/openvmm-restore-v1/target/verus-partial/debug/deps --extern anyhow=/home/ruize/openvmm-restore-v1/target/verus-partial/debug/deps/libanyhow-1a1dcdb279f90ff5.rmeta --extern async_trait=/home/ruize/openvmm-restore-v1/target/verus-partial/debug/deps/libasync_trait-c5f6c49640f81610.so --extern futures=/home/ruize/openvmm-restore-v1/target/verus-partial/debug/deps/libfutures-2f30c7968e98c8f7.rmeta --extern futures_concurrency=/home/ruize/openvmm-restore-v1/target/verus-partial/debug/deps/libfutures_concurrency-e25ef8ea94ceaf34.rmeta --extern hvdef=/home/ruize/openvmm-restore-v1/target/verus-partial/debug/deps/libhvdef-1817752b7aff5f9b.rmeta --extern inspect=/home/ruize/openvmm-restore-v1/target/verus-partial/debug/deps/libinspect-4b9083593d3cde8b.rmeta --extern jiff=/home/ruize/openvmm-restore-v1/target/verus-partial/debug/deps/libjiff-d1f1b3ec3aa4156b.rmeta --extern linkme=/home/ruize/openvmm-restore-v1/target/verus-partial/debug/deps/liblinkme-b30cbb555eeb2a20.rmeta --extern loan_cell=/home/ruize/openvmm-restore-v1/target/verus-partial/debug/deps/libloan_cell-c4f23d0b64506974.rmeta --extern mesh=/home/ruize/openvmm-restore-v1/target/verus-partial/debug/deps/libmesh-e4fcb3bc558b80b9.rmeta --extern pal_async=/home/ruize/openvmm-restore-v1/target/verus-partial/debug/deps/libpal_async-a9b4b7c00aaf6eeb.rmeta --extern pal_event=/home/ruize/openvmm-restore-v1/target/verus-partial/debug/deps/libpal_event-ad8314a85626886e.rmeta --extern parking_lot=/home/ruize/openvmm-restore-v1/target/verus-partial/debug/deps/libparking_lot-3957aa1b9559146d.rmeta --extern save_restore_derive=/home/ruize/openvmm-restore-v1/target/verus-partial/debug/deps/libsave_restore_derive-a709df6d1d2a5f1a.so --extern slab=/home/ruize/openvmm-restore-v1/target/verus-partial/debug/deps/libslab-9bfce0c6112d4e19.rmeta --extern thiserror=/home/ruize/openvmm-restore-v1/target/verus-partial/debug/deps/libthiserror-bb5470d7886e4e69.rmeta --extern tracelimit=/home/ruize/openvmm-restore-v1/target/verus-partial/debug/deps/libtracelimit-0735eeb5c08421be.rmeta --extern tracing=/home/ruize/openvmm-restore-v1/target/verus-partial/debug/deps/libtracing-0b8bb782b1e56374.rmeta --extern vm_resource=/home/ruize/openvmm-restore-v1/target/verus-partial/debug/deps/libvm_resource-90ff6126af51805d.rmeta --extern zerocopy=/home/ruize/openvmm-restore-v1/target/verus-partial/debug/deps/libzerocopy-2fbbd02099a22f14.rmeta -Cforce-frame-pointers=yes -Csymbol-mangling-version=v0 -Z checksum-hash-algorithm=blake3`
    Checking chipset_device v0.0.0 (/home/ruize/openvmm-restore-v1/vm/chipset_device)
     Running `/home/ruize/openvmm-restore-v1/toolchain/verus-src/source/target-verus/release/verus /home/ruize/.rustup/toolchains/1.94.0-x86_64-unknown-linux-gnu/bin/rustc --crate-name chipset_device --edition=2024 vm/chipset_device/src/lib.rs --error-format=json --json=diagnostic-rendered-ansi,artifacts,future-incompat --crate-type lib --emit=dep-info,metadata -C panic=abort -C embed-bitcode=no -C debuginfo=2 --warn=rust_2018_idioms --deny=future_incompatible --warn=unused_qualifications --forbid=unsafe_op_in_unsafe_fn --deny=unsafe_code '--warn=clippy::unnecessary_box_returns' '--allow=clippy::uninlined_format_args' --warn=unexpected_cfgs '--warn=clippy::undocumented_unsafe_blocks' '--allow=clippy::type_complexity' '--allow=clippy::too_many_arguments' '--warn=clippy::suboptimal_flops' '--allow=clippy::single_range_in_vec_init' '--warn=clippy::rest_pat_in_fully_bound_structs' '--warn=clippy::ref_option_ref' '--warn=clippy::ref_as_ptr' '--warn=clippy::ptr_cast_constness' '--warn=clippy::ptr_as_ptr' '--warn=clippy::option_option' '--allow=clippy::new_without_default' --warn=missing_docs '--allow=clippy::manual_flatten' '--warn=clippy::macro_use_imports' '--warn=clippy::lossy_float_literal' '--warn=clippy::linkedlist' '--allow=clippy::len_without_is_empty' '--warn=clippy::inefficient_to_string' '--warn=clippy::imprecise_flops' '--warn=clippy::implicit_clone' '--warn=clippy::fn_params_excessive_bools' '--warn=clippy::filter_map_next' '--warn=clippy::debug_assert_with_mut_call' '--warn=clippy::dbg_macro' '--allow=clippy::collapsible_match' '--allow=clippy::collapsible_if' '--allow=clippy::collapsible_else_if' '--allow=clippy::box_default' '--allow=clippy::bool_assert_comparison' '--warn=clippy::allow_attributes' --check-cfg 'cfg(trick_rust_analyzer_into_highlighting_interpolated_bits)' --check-cfg 'cfg(docsrs,test)' --check-cfg 'cfg(feature, values())' -C metadata=e8035d220499fa03 -C extra-filename=-905f017088c1c3c6 --out-dir /home/ruize/openvmm-restore-v1/target/verus-partial/debug/deps -C incremental=/home/ruize/openvmm-restore-v1/target/verus-partial/debug/incremental -L dependency=/home/ruize/openvmm-restore-v1/target/verus-partial/debug/deps --extern inspect=/home/ruize/openvmm-restore-v1/target/verus-partial/debug/deps/libinspect-4b9083593d3cde8b.rmeta --extern mesh=/home/ruize/openvmm-restore-v1/target/verus-partial/debug/deps/libmesh-e4fcb3bc558b80b9.rmeta --extern tdisp=/home/ruize/openvmm-restore-v1/target/verus-partial/debug/deps/libtdisp-aba23aa1d2743072.rmeta --extern vmcore=/home/ruize/openvmm-restore-v1/target/verus-partial/debug/deps/libvmcore-e7b26ec16e18c6da.rmeta --extern zerocopy=/home/ruize/openvmm-restore-v1/target/verus-partial/debug/deps/libzerocopy-2fbbd02099a22f14.rmeta -Cforce-frame-pointers=yes -Csymbol-mangling-version=v0 -Z checksum-hash-algorithm=blake3`
    Checking chipset_device_resources v0.0.0 (/home/ruize/openvmm-restore-v1/vm/chipset_device_resources)
    Checking pci_core v0.0.0 (/home/ruize/openvmm-restore-v1/vm/devices/pci/pci_core)
     Running `/home/ruize/openvmm-restore-v1/toolchain/verus-src/source/target-verus/release/verus /home/ruize/.rustup/toolchains/1.94.0-x86_64-unknown-linux-gnu/bin/rustc --crate-name pci_core --edition=2024 vm/devices/pci/pci_core/src/lib.rs --error-format=json --json=diagnostic-rendered-ansi,artifacts,future-incompat --crate-type lib --emit=dep-info,metadata -C panic=abort -C embed-bitcode=no -C debuginfo=2 --warn=rust_2018_idioms --deny=future_incompatible --warn=unused_qualifications --forbid=unsafe_op_in_unsafe_fn --deny=unsafe_code '--warn=clippy::unnecessary_box_returns' '--allow=clippy::uninlined_format_args' --warn=unexpected_cfgs '--warn=clippy::undocumented_unsafe_blocks' '--allow=clippy::type_complexity' '--allow=clippy::too_many_arguments' '--warn=clippy::suboptimal_flops' '--allow=clippy::single_range_in_vec_init' '--warn=clippy::rest_pat_in_fully_bound_structs' '--warn=clippy::ref_option_ref' '--warn=clippy::ref_as_ptr' '--warn=clippy::ptr_cast_constness' '--warn=clippy::ptr_as_ptr' '--warn=clippy::option_option' '--allow=clippy::new_without_default' --warn=missing_docs '--allow=clippy::manual_flatten' '--warn=clippy::macro_use_imports' '--warn=clippy::lossy_float_literal' '--warn=clippy::linkedlist' '--allow=clippy::len_without_is_empty' '--warn=clippy::inefficient_to_string' '--warn=clippy::imprecise_flops' '--warn=clippy::implicit_clone' '--warn=clippy::fn_params_excessive_bools' '--warn=clippy::filter_map_next' '--warn=clippy::debug_assert_with_mut_call' '--warn=clippy::dbg_macro' '--allow=clippy::collapsible_match' '--allow=clippy::collapsible_if' '--allow=clippy::collapsible_else_if' '--allow=clippy::box_default' '--allow=clippy::bool_assert_comparison' '--warn=clippy::allow_attributes' --check-cfg 'cfg(trick_rust_analyzer_into_highlighting_interpolated_bits)' --check-cfg 'cfg(docsrs,test)' --check-cfg 'cfg(feature, values())' -C metadata=70e3c6bef0ef1c56 -C extra-filename=-95847d390a1264af --out-dir /home/ruize/openvmm-restore-v1/target/verus-partial/debug/deps -C incremental=/home/ruize/openvmm-restore-v1/target/verus-partial/debug/incremental -L dependency=/home/ruize/openvmm-restore-v1/target/verus-partial/debug/deps --extern anyhow=/home/ruize/openvmm-restore-v1/target/verus-partial/debug/deps/libanyhow-1a1dcdb279f90ff5.rmeta --extern bitfield_struct=/home/ruize/openvmm-restore-v1/target/verus-partial/debug/deps/libbitfield_struct-338153e689b05499.so --extern chipset_device=/home/ruize/openvmm-restore-v1/target/verus-partial/debug/deps/libchipset_device-905f017088c1c3c6.rmeta --extern guestmem=/home/ruize/openvmm-restore-v1/target/verus-partial/debug/deps/libguestmem-5de134ad414c3d9d.rmeta --extern inspect=/home/ruize/openvmm-restore-v1/target/verus-partial/debug/deps/libinspect-4b9083593d3cde8b.rmeta --extern mesh=/home/ruize/openvmm-restore-v1/target/verus-partial/debug/deps/libmesh-e4fcb3bc558b80b9.rmeta --extern open_enum=/home/ruize/openvmm-restore-v1/target/verus-partial/debug/deps/libopen_enum-44a4a1432a2a3dff.rmeta --extern pal_event=/home/ruize/openvmm-restore-v1/target/verus-partial/debug/deps/libpal_event-ad8314a85626886e.rmeta --extern parking_lot=/home/ruize/openvmm-restore-v1/target/verus-partial/debug/deps/libparking_lot-3957aa1b9559146d.rmeta --extern thiserror=/home/ruize/openvmm-restore-v1/target/verus-partial/debug/deps/libthiserror-bb5470d7886e4e69.rmeta --extern tracelimit=/home/ruize/openvmm-restore-v1/target/verus-partial/debug/deps/libtracelimit-0735eeb5c08421be.rmeta --extern tracing=/home/ruize/openvmm-restore-v1/target/verus-partial/debug/deps/libtracing-0b8bb782b1e56374.rmeta --extern vmcore=/home/ruize/openvmm-restore-v1/target/verus-partial/debug/deps/libvmcore-e7b26ec16e18c6da.rmeta --extern zerocopy=/home/ruize/openvmm-restore-v1/target/verus-partial/debug/deps/libzerocopy-2fbbd02099a22f14.rmeta -Cforce-frame-pointers=yes -Csymbol-mangling-version=v0 -Z checksum-hash-algorithm=blake3`
     Running `/home/ruize/openvmm-restore-v1/toolchain/verus-src/source/target-verus/release/verus /home/ruize/.rustup/toolchains/1.94.0-x86_64-unknown-linux-gnu/bin/rustc --crate-name chipset_device_resources --edition=2024 vm/chipset_device_resources/src/lib.rs --error-format=json --json=diagnostic-rendered-ansi,artifacts,future-incompat --crate-type lib --emit=dep-info,metadata -C panic=abort -C embed-bitcode=no -C debuginfo=2 --warn=rust_2018_idioms --deny=future_incompatible --warn=unused_qualifications --forbid=unsafe_op_in_unsafe_fn --deny=unsafe_code '--warn=clippy::unnecessary_box_returns' '--allow=clippy::uninlined_format_args' --warn=unexpected_cfgs '--warn=clippy::undocumented_unsafe_blocks' '--allow=clippy::type_complexity' '--allow=clippy::too_many_arguments' '--warn=clippy::suboptimal_flops' '--allow=clippy::single_range_in_vec_init' '--warn=clippy::rest_pat_in_fully_bound_structs' '--warn=clippy::ref_option_ref' '--warn=clippy::ref_as_ptr' '--warn=clippy::ptr_cast_constness' '--warn=clippy::ptr_as_ptr' '--warn=clippy::option_option' '--allow=clippy::new_without_default' --warn=missing_docs '--allow=clippy::manual_flatten' '--warn=clippy::macro_use_imports' '--warn=clippy::lossy_float_literal' '--warn=clippy::linkedlist' '--allow=clippy::len_without_is_empty' '--warn=clippy::inefficient_to_string' '--warn=clippy::imprecise_flops' '--warn=clippy::implicit_clone' '--warn=clippy::fn_params_excessive_bools' '--warn=clippy::filter_map_next' '--warn=clippy::debug_assert_with_mut_call' '--warn=clippy::dbg_macro' '--allow=clippy::collapsible_match' '--allow=clippy::collapsible_if' '--allow=clippy::collapsible_else_if' '--allow=clippy::box_default' '--allow=clippy::bool_assert_comparison' '--warn=clippy::allow_attributes' --check-cfg 'cfg(trick_rust_analyzer_into_highlighting_interpolated_bits)' --check-cfg 'cfg(docsrs,test)' --check-cfg 'cfg(feature, values())' -C metadata=b3bf5b95aeae8246 -C extra-filename=-14216a8dac9c776a --out-dir /home/ruize/openvmm-restore-v1/target/verus-partial/debug/deps -C incremental=/home/ruize/openvmm-restore-v1/target/verus-partial/debug/incremental -L dependency=/home/ruize/openvmm-restore-v1/target/verus-partial/debug/deps --extern anyhow=/home/ruize/openvmm-restore-v1/target/verus-partial/debug/deps/libanyhow-1a1dcdb279f90ff5.rmeta --extern async_trait=/home/ruize/openvmm-restore-v1/target/verus-partial/debug/deps/libasync_trait-c5f6c49640f81610.so --extern chipset_device=/home/ruize/openvmm-restore-v1/target/verus-partial/debug/deps/libchipset_device-905f017088c1c3c6.rmeta --extern guestmem=/home/ruize/openvmm-restore-v1/target/verus-partial/debug/deps/libguestmem-5de134ad414c3d9d.rmeta --extern inspect=/home/ruize/openvmm-restore-v1/target/verus-partial/debug/deps/libinspect-4b9083593d3cde8b.rmeta --extern tdisp=/home/ruize/openvmm-restore-v1/target/verus-partial/debug/deps/libtdisp-aba23aa1d2743072.rmeta --extern vm_resource=/home/ruize/openvmm-restore-v1/target/verus-partial/debug/deps/libvm_resource-90ff6126af51805d.rmeta --extern vmcore=/home/ruize/openvmm-restore-v1/target/verus-partial/debug/deps/libvmcore-e7b26ec16e18c6da.rmeta -Cforce-frame-pointers=yes -Csymbol-mangling-version=v0 -Z checksum-hash-algorithm=blake3`
    Checking pci_resources v0.0.0 (/home/ruize/openvmm-restore-v1/vm/devices/pci/pci_resources)
     Running `/home/ruize/openvmm-restore-v1/toolchain/verus-src/source/target-verus/release/verus /home/ruize/.rustup/toolchains/1.94.0-x86_64-unknown-linux-gnu/bin/rustc --crate-name pci_resources --edition=2024 vm/devices/pci/pci_resources/src/lib.rs --error-format=json --json=diagnostic-rendered-ansi,artifacts,future-incompat --crate-type lib --emit=dep-info,metadata -C panic=abort -C embed-bitcode=no -C debuginfo=2 --warn=rust_2018_idioms --deny=future_incompatible --warn=unused_qualifications --forbid=unsafe_op_in_unsafe_fn --deny=unsafe_code '--warn=clippy::unnecessary_box_returns' '--allow=clippy::uninlined_format_args' --warn=unexpected_cfgs '--warn=clippy::undocumented_unsafe_blocks' '--allow=clippy::type_complexity' '--allow=clippy::too_many_arguments' '--warn=clippy::suboptimal_flops' '--allow=clippy::single_range_in_vec_init' '--warn=clippy::rest_pat_in_fully_bound_structs' '--warn=clippy::ref_option_ref' '--warn=clippy::ref_as_ptr' '--warn=clippy::ptr_cast_constness' '--warn=clippy::ptr_as_ptr' '--warn=clippy::option_option' '--allow=clippy::new_without_default' --warn=missing_docs '--allow=clippy::manual_flatten' '--warn=clippy::macro_use_imports' '--warn=clippy::lossy_float_literal' '--warn=clippy::linkedlist' '--allow=clippy::len_without_is_empty' '--warn=clippy::inefficient_to_string' '--warn=clippy::imprecise_flops' '--warn=clippy::implicit_clone' '--warn=clippy::fn_params_excessive_bools' '--warn=clippy::filter_map_next' '--warn=clippy::debug_assert_with_mut_call' '--warn=clippy::dbg_macro' '--allow=clippy::collapsible_match' '--allow=clippy::collapsible_if' '--allow=clippy::collapsible_else_if' '--allow=clippy::box_default' '--allow=clippy::bool_assert_comparison' '--warn=clippy::allow_attributes' --check-cfg 'cfg(trick_rust_analyzer_into_highlighting_interpolated_bits)' --check-cfg 'cfg(docsrs,test)' --check-cfg 'cfg(feature, values())' -C metadata=0a9032493743e22e -C extra-filename=-ba872842f473e833 --out-dir /home/ruize/openvmm-restore-v1/target/verus-partial/debug/deps -C incremental=/home/ruize/openvmm-restore-v1/target/verus-partial/debug/incremental -L dependency=/home/ruize/openvmm-restore-v1/target/verus-partial/debug/deps --extern chipset_device=/home/ruize/openvmm-restore-v1/target/verus-partial/debug/deps/libchipset_device-905f017088c1c3c6.rmeta --extern chipset_device_resources=/home/ruize/openvmm-restore-v1/target/verus-partial/debug/deps/libchipset_device_resources-14216a8dac9c776a.rmeta --extern guestmem=/home/ruize/openvmm-restore-v1/target/verus-partial/debug/deps/libguestmem-5de134ad414c3d9d.rmeta --extern pci_core=/home/ruize/openvmm-restore-v1/target/verus-partial/debug/deps/libpci_core-95847d390a1264af.rmeta --extern vm_resource=/home/ruize/openvmm-restore-v1/target/verus-partial/debug/deps/libvm_resource-90ff6126af51805d.rmeta --extern vmcore=/home/ruize/openvmm-restore-v1/target/verus-partial/debug/deps/libvmcore-e7b26ec16e18c6da.rmeta -Cforce-frame-pointers=yes -Csymbol-mangling-version=v0 -Z checksum-hash-algorithm=blake3`
    Checking cxl_spec v0.0.0 (/home/ruize/openvmm-restore-v1/vm/devices/cxl)
     Running `/home/ruize/openvmm-restore-v1/toolchain/verus-src/source/target-verus/release/verus /home/ruize/.rustup/toolchains/1.94.0-x86_64-unknown-linux-gnu/bin/rustc --crate-name cxl_spec --edition=2024 vm/devices/cxl/src/lib.rs --error-format=json --json=diagnostic-rendered-ansi,artifacts,future-incompat --crate-type lib --emit=dep-info,metadata -C panic=abort -C embed-bitcode=no -C debuginfo=2 --warn=rust_2018_idioms --deny=future_incompatible --warn=unused_qualifications --forbid=unsafe_op_in_unsafe_fn --deny=unsafe_code '--warn=clippy::unnecessary_box_returns' '--allow=clippy::uninlined_format_args' --warn=unexpected_cfgs '--warn=clippy::undocumented_unsafe_blocks' '--allow=clippy::type_complexity' '--allow=clippy::too_many_arguments' '--warn=clippy::suboptimal_flops' '--allow=clippy::single_range_in_vec_init' '--warn=clippy::rest_pat_in_fully_bound_structs' '--warn=clippy::ref_option_ref' '--warn=clippy::ref_as_ptr' '--warn=clippy::ptr_cast_constness' '--warn=clippy::ptr_as_ptr' '--warn=clippy::option_option' '--allow=clippy::new_without_default' --warn=missing_docs '--allow=clippy::manual_flatten' '--warn=clippy::macro_use_imports' '--warn=clippy::lossy_float_literal' '--warn=clippy::linkedlist' '--allow=clippy::len_without_is_empty' '--warn=clippy::inefficient_to_string' '--warn=clippy::imprecise_flops' '--warn=clippy::implicit_clone' '--warn=clippy::fn_params_excessive_bools' '--warn=clippy::filter_map_next' '--warn=clippy::debug_assert_with_mut_call' '--warn=clippy::dbg_macro' '--allow=clippy::collapsible_match' '--allow=clippy::collapsible_if' '--allow=clippy::collapsible_else_if' '--allow=clippy::box_default' '--allow=clippy::bool_assert_comparison' '--warn=clippy::allow_attributes' --check-cfg 'cfg(trick_rust_analyzer_into_highlighting_interpolated_bits)' --check-cfg 'cfg(docsrs,test)' --check-cfg 'cfg(feature, values())' -C metadata=ddb0641875bb484e -C extra-filename=-f110ddd26639c71c --out-dir /home/ruize/openvmm-restore-v1/target/verus-partial/debug/deps -C incremental=/home/ruize/openvmm-restore-v1/target/verus-partial/debug/incremental -L dependency=/home/ruize/openvmm-restore-v1/target/verus-partial/debug/deps --extern anyhow=/home/ruize/openvmm-restore-v1/target/verus-partial/debug/deps/libanyhow-1a1dcdb279f90ff5.rmeta --extern bitfield_struct=/home/ruize/openvmm-restore-v1/target/verus-partial/debug/deps/libbitfield_struct-338153e689b05499.so --extern chipset_device=/home/ruize/openvmm-restore-v1/target/verus-partial/debug/deps/libchipset_device-905f017088c1c3c6.rmeta --extern inspect=/home/ruize/openvmm-restore-v1/target/verus-partial/debug/deps/libinspect-4b9083593d3cde8b.rmeta --extern mesh=/home/ruize/openvmm-restore-v1/target/verus-partial/debug/deps/libmesh-e4fcb3bc558b80b9.rmeta --extern open_enum=/home/ruize/openvmm-restore-v1/target/verus-partial/debug/deps/libopen_enum-44a4a1432a2a3dff.rmeta --extern pci_core=/home/ruize/openvmm-restore-v1/target/verus-partial/debug/deps/libpci_core-95847d390a1264af.rmeta --extern pci_resources=/home/ruize/openvmm-restore-v1/target/verus-partial/debug/deps/libpci_resources-ba872842f473e833.rmeta --extern thiserror=/home/ruize/openvmm-restore-v1/target/verus-partial/debug/deps/libthiserror-bb5470d7886e4e69.rmeta --extern tracing=/home/ruize/openvmm-restore-v1/target/verus-partial/debug/deps/libtracing-0b8bb782b1e56374.rmeta --extern vm_resource=/home/ruize/openvmm-restore-v1/target/verus-partial/debug/deps/libvm_resource-90ff6126af51805d.rmeta --extern vmcore=/home/ruize/openvmm-restore-v1/target/verus-partial/debug/deps/libvmcore-e7b26ec16e18c6da.rmeta -Cforce-frame-pointers=yes -Csymbol-mangling-version=v0 -Z checksum-hash-algorithm=blake3`
    Checking vm_topology v0.0.0 (/home/ruize/openvmm-restore-v1/vm/vmcore/vm_topology)
     Running `/home/ruize/openvmm-restore-v1/toolchain/verus-src/source/target-verus/release/verus /home/ruize/.rustup/toolchains/1.94.0-x86_64-unknown-linux-gnu/bin/rustc --crate-name vm_topology --edition=2024 vm/vmcore/vm_topology/src/lib.rs --error-format=json --json=diagnostic-rendered-ansi,artifacts,future-incompat --crate-type lib --emit=dep-info,metadata -C panic=abort -C embed-bitcode=no -C debuginfo=2 --warn=rust_2018_idioms --deny=future_incompatible --warn=unused_qualifications --forbid=unsafe_op_in_unsafe_fn --deny=unsafe_code '--warn=clippy::unnecessary_box_returns' '--allow=clippy::uninlined_format_args' --warn=unexpected_cfgs '--warn=clippy::undocumented_unsafe_blocks' '--allow=clippy::type_complexity' '--allow=clippy::too_many_arguments' '--warn=clippy::suboptimal_flops' '--allow=clippy::single_range_in_vec_init' '--warn=clippy::rest_pat_in_fully_bound_structs' '--warn=clippy::ref_option_ref' '--warn=clippy::ref_as_ptr' '--warn=clippy::ptr_cast_constness' '--warn=clippy::ptr_as_ptr' '--warn=clippy::option_option' '--allow=clippy::new_without_default' --warn=missing_docs '--allow=clippy::manual_flatten' '--warn=clippy::macro_use_imports' '--warn=clippy::lossy_float_literal' '--warn=clippy::linkedlist' '--allow=clippy::len_without_is_empty' '--warn=clippy::inefficient_to_string' '--warn=clippy::imprecise_flops' '--warn=clippy::implicit_clone' '--warn=clippy::fn_params_excessive_bools' '--warn=clippy::filter_map_next' '--warn=clippy::debug_assert_with_mut_call' '--warn=clippy::dbg_macro' '--allow=clippy::collapsible_match' '--allow=clippy::collapsible_if' '--allow=clippy::collapsible_else_if' '--allow=clippy::box_default' '--allow=clippy::bool_assert_comparison' '--warn=clippy::allow_attributes' --check-cfg 'cfg(trick_rust_analyzer_into_highlighting_interpolated_bits)' --cfg 'feature="default"' --cfg 'feature="inspect"' --check-cfg 'cfg(docsrs,test)' --check-cfg 'cfg(feature, values("default", "inspect", "mesh"))' -C metadata=e610698d2f90f568 -C extra-filename=-2eaf0a5a64b1974b --out-dir /home/ruize/openvmm-restore-v1/target/verus-partial/debug/deps -C incremental=/home/ruize/openvmm-restore-v1/target/verus-partial/debug/incremental -L dependency=/home/ruize/openvmm-restore-v1/target/verus-partial/debug/deps --extern aarch64defs=/home/ruize/openvmm-restore-v1/target/verus-partial/debug/deps/libaarch64defs-b4833e62dae90d43.rmeta --extern cfg_if=/home/ruize/openvmm-restore-v1/target/verus-partial/debug/deps/libcfg_if-c9a8a9f3a3adcb02.rmeta --extern cxl_spec=/home/ruize/openvmm-restore-v1/target/verus-partial/debug/deps/libcxl_spec-f110ddd26639c71c.rmeta --extern inspect=/home/ruize/openvmm-restore-v1/target/verus-partial/debug/deps/libinspect-4b9083593d3cde8b.rmeta --extern memory_range=/home/ruize/openvmm-restore-v1/target/verus-partial/debug/deps/libmemory_range-6c1264e63b5019fa.rmeta --extern safe_intrinsics=/home/ruize/openvmm-restore-v1/target/verus-partial/debug/deps/libsafe_intrinsics-10420edab6aac69a.rmeta --extern thiserror=/home/ruize/openvmm-restore-v1/target/verus-partial/debug/deps/libthiserror-bb5470d7886e4e69.rmeta --extern x86defs=/home/ruize/openvmm-restore-v1/target/verus-partial/debug/deps/libx86defs-bd4eb58d754e9d8c.rmeta -Cforce-frame-pointers=yes -Csymbol-mangling-version=v0 -Z checksum-hash-algorithm=blake3 --cfg 'guest_arch="x86_64"' --cfg guest_is_native --check-cfg 'cfg(guest_arch, values("x86_64","aarch64"))' --check-cfg 'cfg(guest_is_native)'`
    Checking virt v0.0.0 (/home/ruize/openvmm-restore-v1/vmm_core/virt)
     Running `/home/ruize/openvmm-restore-v1/toolchain/verus-src/source/target-verus/release/verus /home/ruize/.rustup/toolchains/1.94.0-x86_64-unknown-linux-gnu/bin/rustc --crate-name virt --edition=2024 vmm_core/virt/src/lib.rs --error-format=json --json=diagnostic-rendered-ansi,artifacts,future-incompat --crate-type lib --emit=dep-info,metadata -C panic=abort -C embed-bitcode=no -C debuginfo=2 --warn=rust_2018_idioms --deny=future_incompatible --warn=unused_qualifications --forbid=unsafe_op_in_unsafe_fn --deny=unsafe_code '--warn=clippy::unnecessary_box_returns' '--allow=clippy::uninlined_format_args' --warn=unexpected_cfgs '--warn=clippy::undocumented_unsafe_blocks' '--allow=clippy::type_complexity' '--allow=clippy::too_many_arguments' '--warn=clippy::suboptimal_flops' '--allow=clippy::single_range_in_vec_init' '--warn=clippy::rest_pat_in_fully_bound_structs' '--warn=clippy::ref_option_ref' '--warn=clippy::ref_as_ptr' '--warn=clippy::ptr_cast_constness' '--warn=clippy::ptr_as_ptr' '--warn=clippy::option_option' '--allow=clippy::new_without_default' --warn=missing_docs '--allow=clippy::manual_flatten' '--warn=clippy::macro_use_imports' '--warn=clippy::lossy_float_literal' '--warn=clippy::linkedlist' '--allow=clippy::len_without_is_empty' '--warn=clippy::inefficient_to_string' '--warn=clippy::imprecise_flops' '--warn=clippy::implicit_clone' '--warn=clippy::fn_params_excessive_bools' '--warn=clippy::filter_map_next' '--warn=clippy::debug_assert_with_mut_call' '--warn=clippy::dbg_macro' '--allow=clippy::collapsible_match' '--allow=clippy::collapsible_if' '--allow=clippy::collapsible_else_if' '--allow=clippy::box_default' '--allow=clippy::bool_assert_comparison' '--warn=clippy::allow_attributes' --check-cfg 'cfg(trick_rust_analyzer_into_highlighting_interpolated_bits)' --check-cfg 'cfg(docsrs,test)' --check-cfg 'cfg(feature, values())' -C metadata=806c6f35a4ddacd0 -C extra-filename=-e66acac177f29463 --out-dir /home/ruize/openvmm-restore-v1/target/verus-partial/debug/deps -C incremental=/home/ruize/openvmm-restore-v1/target/verus-partial/debug/incremental -L dependency=/home/ruize/openvmm-restore-v1/target/verus-partial/debug/deps --extern aarch64defs=/home/ruize/openvmm-restore-v1/target/verus-partial/debug/deps/libaarch64defs-b4833e62dae90d43.rmeta --extern anyhow=/home/ruize/openvmm-restore-v1/target/verus-partial/debug/deps/libanyhow-1a1dcdb279f90ff5.rmeta --extern guestmem=/home/ruize/openvmm-restore-v1/target/verus-partial/debug/deps/libguestmem-5de134ad414c3d9d.rmeta --extern hvdef=/home/ruize/openvmm-restore-v1/target/verus-partial/debug/deps/libhvdef-1817752b7aff5f9b.rmeta --extern inspect=/home/ruize/openvmm-restore-v1/target/verus-partial/debug/deps/libinspect-4b9083593d3cde8b.rmeta --extern memory_range=/home/ruize/openvmm-restore-v1/target/verus-partial/debug/deps/libmemory_range-6c1264e63b5019fa.rmeta --extern mesh_protobuf=/home/ruize/openvmm-restore-v1/target/verus-partial/debug/deps/libmesh_protobuf-5612e213728e73ed.rmeta --extern pal_event=/home/ruize/openvmm-restore-v1/target/verus-partial/debug/deps/libpal_event-ad8314a85626886e.rmeta --extern parking_lot=/home/ruize/openvmm-restore-v1/target/verus-partial/debug/deps/libparking_lot-3957aa1b9559146d.rmeta --extern pci_core=/home/ruize/openvmm-restore-v1/target/verus-partial/debug/deps/libpci_core-95847d390a1264af.rmeta --extern slab=/home/ruize/openvmm-restore-v1/target/verus-partial/debug/deps/libslab-9bfce0c6112d4e19.rmeta --extern thiserror=/home/ruize/openvmm-restore-v1/target/verus-partial/debug/deps/libthiserror-bb5470d7886e4e69.rmeta --extern tracelimit=/home/ruize/openvmm-restore-v1/target/verus-partial/debug/deps/libtracelimit-0735eeb5c08421be.rmeta --extern tracing=/home/ruize/openvmm-restore-v1/target/verus-partial/debug/deps/libtracing-0b8bb782b1e56374.rmeta --extern vm_topology=/home/ruize/openvmm-restore-v1/target/verus-partial/debug/deps/libvm_topology-2eaf0a5a64b1974b.rmeta --extern vmcore=/home/ruize/openvmm-restore-v1/target/verus-partial/debug/deps/libvmcore-e7b26ec16e18c6da.rmeta --extern vstd=/home/ruize/openvmm-restore-v1/target/verus-partial/debug/deps/libvstd-0b932679964ce3b0.rmeta --extern x86defs=/home/ruize/openvmm-restore-v1/target/verus-partial/debug/deps/libx86defs-bd4eb58d754e9d8c.rmeta --extern zerocopy=/home/ruize/openvmm-restore-v1/target/verus-partial/debug/deps/libzerocopy-2fbbd02099a22f14.rmeta -Cforce-frame-pointers=yes -Csymbol-mangling-version=v0 -Z checksum-hash-algorithm=blake3 --cfg 'guest_arch="x86_64"' --cfg guest_is_native --check-cfg 'cfg(guest_arch, values("x86_64","aarch64"))' --check-cfg 'cfg(guest_is_native)'`
error: cannot use type `virt::x86::SegmentRegister` which is ignored because it is either declared outside the verus! macro or it is marked as `external`.
   --> vmm_core/virt/src/x86/vp.rs:116:5
    |
 56 | #[derive(Copy, Clone, Debug, Default, PartialEq, Eq, Protobuf, Inspect)]
    |                ----- in this derive macro expansion
...
116 |     pub cs: SegmentRegister,
    |     ^^^^^^^^^^^^^^^^^^^^^^^

error: cannot use type `virt::x86::TableRegister` which is ignored because it is either declared outside the verus! macro or it is marked as `external`.
   --> vmm_core/virt/src/x86/vp.rs:132:5
    |
 56 | #[derive(Copy, Clone, Debug, Default, PartialEq, Eq, Protobuf, Inspect)]
    |                ----- in this derive macro expansion
...
132 |     pub gdtr: TableRegister,
    |     ^^^^^^^^^^^^^^^^^^^^^^^

error: could not compile `virt` (lib) due to 2 previous errors

Caused by:
  process didn't exit successfully: `/home/ruize/openvmm-restore-v1/toolchain/verus-src/source/target-verus/release/verus /home/ruize/.rustup/toolchains/1.94.0-x86_64-unknown-linux-gnu/bin/rustc --crate-name virt --edition=2024 vmm_core/virt/src/lib.rs --error-format=json --json=diagnostic-rendered-ansi,artifacts,future-incompat --crate-type lib --emit=dep-info,metadata -C panic=abort -C embed-bitcode=no -C debuginfo=2 --warn=rust_2018_idioms --deny=future_incompatible --warn=unused_qualifications --forbid=unsafe_op_in_unsafe_fn --deny=unsafe_code '--warn=clippy::unnecessary_box_returns' '--allow=clippy::uninlined_format_args' --warn=unexpected_cfgs '--warn=clippy::undocumented_unsafe_blocks' '--allow=clippy::type_complexity' '--allow=clippy::too_many_arguments' '--warn=clippy::suboptimal_flops' '--allow=clippy::single_range_in_vec_init' '--warn=clippy::rest_pat_in_fully_bound_structs' '--warn=clippy::ref_option_ref' '--warn=clippy::ref_as_ptr' '--warn=clippy::ptr_cast_constness' '--warn=clippy::ptr_as_ptr' '--warn=clippy::option_option' '--allow=clippy::new_without_default' --warn=missing_docs '--allow=clippy::manual_flatten' '--warn=clippy::macro_use_imports' '--warn=clippy::lossy_float_literal' '--warn=clippy::linkedlist' '--allow=clippy::len_without_is_empty' '--warn=clippy::inefficient_to_string' '--warn=clippy::imprecise_flops' '--warn=clippy::implicit_clone' '--warn=clippy::fn_params_excessive_bools' '--warn=clippy::filter_map_next' '--warn=clippy::debug_assert_with_mut_call' '--warn=clippy::dbg_macro' '--allow=clippy::collapsible_match' '--allow=clippy::collapsible_if' '--allow=clippy::collapsible_else_if' '--allow=clippy::box_default' '--allow=clippy::bool_assert_comparison' '--warn=clippy::allow_attributes' --check-cfg 'cfg(trick_rust_analyzer_into_highlighting_interpolated_bits)' --check-cfg 'cfg(docsrs,test)' --check-cfg 'cfg(feature, values())' -C metadata=806c6f35a4ddacd0 -C extra-filename=-e66acac177f29463 --out-dir /home/ruize/openvmm-restore-v1/target/verus-partial/debug/deps -C incremental=/home/ruize/openvmm-restore-v1/target/verus-partial/debug/incremental -L dependency=/home/ruize/openvmm-restore-v1/target/verus-partial/debug/deps --extern aarch64defs=/home/ruize/openvmm-restore-v1/target/verus-partial/debug/deps/libaarch64defs-b4833e62dae90d43.rmeta --extern anyhow=/home/ruize/openvmm-restore-v1/target/verus-partial/debug/deps/libanyhow-1a1dcdb279f90ff5.rmeta --extern guestmem=/home/ruize/openvmm-restore-v1/target/verus-partial/debug/deps/libguestmem-5de134ad414c3d9d.rmeta --extern hvdef=/home/ruize/openvmm-restore-v1/target/verus-partial/debug/deps/libhvdef-1817752b7aff5f9b.rmeta --extern inspect=/home/ruize/openvmm-restore-v1/target/verus-partial/debug/deps/libinspect-4b9083593d3cde8b.rmeta --extern memory_range=/home/ruize/openvmm-restore-v1/target/verus-partial/debug/deps/libmemory_range-6c1264e63b5019fa.rmeta --extern mesh_protobuf=/home/ruize/openvmm-restore-v1/target/verus-partial/debug/deps/libmesh_protobuf-5612e213728e73ed.rmeta --extern pal_event=/home/ruize/openvmm-restore-v1/target/verus-partial/debug/deps/libpal_event-ad8314a85626886e.rmeta --extern parking_lot=/home/ruize/openvmm-restore-v1/target/verus-partial/debug/deps/libparking_lot-3957aa1b9559146d.rmeta --extern pci_core=/home/ruize/openvmm-restore-v1/target/verus-partial/debug/deps/libpci_core-95847d390a1264af.rmeta --extern slab=/home/ruize/openvmm-restore-v1/target/verus-partial/debug/deps/libslab-9bfce0c6112d4e19.rmeta --extern thiserror=/home/ruize/openvmm-restore-v1/target/verus-partial/debug/deps/libthiserror-bb5470d7886e4e69.rmeta --extern tracelimit=/home/ruize/openvmm-restore-v1/target/verus-partial/debug/deps/libtracelimit-0735eeb5c08421be.rmeta --extern tracing=/home/ruize/openvmm-restore-v1/target/verus-partial/debug/deps/libtracing-0b8bb782b1e56374.rmeta --extern vm_topology=/home/ruize/openvmm-restore-v1/target/verus-partial/debug/deps/libvm_topology-2eaf0a5a64b1974b.rmeta --extern vmcore=/home/ruize/openvmm-restore-v1/target/verus-partial/debug/deps/libvmcore-e7b26ec16e18c6da.rmeta --extern vstd=/home/ruize/openvmm-restore-v1/target/verus-partial/debug/deps/libvstd-0b932679964ce3b0.rmeta --extern x86defs=/home/ruize/openvmm-restore-v1/target/verus-partial/debug/deps/libx86defs-bd4eb58d754e9d8c.rmeta --extern zerocopy=/home/ruize/openvmm-restore-v1/target/verus-partial/debug/deps/libzerocopy-2fbbd02099a22f14.rmeta -Cforce-frame-pointers=yes -Csymbol-mangling-version=v0 -Z checksum-hash-algorithm=blake3 --cfg 'guest_arch="x86_64"' --cfg guest_is_native --check-cfg 'cfg(guest_arch, values("x86_64","aarch64"))' --check-cfg 'cfg(guest_is_native)'` (exit status: 1)
Command exited with non-zero status 101
elapsed_s=9.56 exit=101
