verbosity level = 2; forwarding 1 `-v` arg(s) to Cargo
verbosity level = 2; forwarding 1 `-v` arg(s) to Cargo
verbosity level >= 2; forwarding 1 `-v` to Verus
forwarding Verus args to crates: <roots>
running cargo command:
cd "/home/ruize/openvmm-restore-v1" &&  __VERUS_DRIVER_ARGS_FOR_chipset_resources-0.0.0-c7b5a44104e2="__VERUS_DRIVER_ARGS_SEP__--no-verify__VERUS_DRIVER_ARGS_SEP__--VIA-CARGO__VERUS_DRIVER_ARGS_SEP__import-dep-if-present=vstd__VERUS_DRIVER_ARGS_SEP__--VIA-CARGO__VERUS_DRIVER_ARGS_SEP__import-dep-if-present=pal_async__VERUS_DRIVER_ARGS_SEP__--VIA-CARGO__VERUS_DRIVER_ARGS_SEP__import-dep-if-present=mesh_channel__VERUS_DRIVER_ARGS_SEP__--VIA-CARGO__VERUS_DRIVER_ARGS_SEP__import-dep-if-present=mesh_protobuf__VERUS_DRIVER_ARGS_SEP__--VIA-CARGO__VERUS_DRIVER_ARGS_SEP__import-dep-if-present=mesh_channel_core"  __VERUS_DRIVER_ARGS_FOR_mesh_channel-0.0.0-354e9bcb8413="__VERUS_DRIVER_ARGS_SEP__--no-verify__VERUS_DRIVER_ARGS_SEP__--VIA-CARGO__VERUS_DRIVER_ARGS_SEP__import-dep-if-present=mesh_channel_core__VERUS_DRIVER_ARGS_SEP__--VIA-CARGO__VERUS_DRIVER_ARGS_SEP__import-dep-if-present=mesh_protobuf__VERUS_DRIVER_ARGS_SEP__--VIA-CARGO__VERUS_DRIVER_ARGS_SEP__import-dep-if-present=pal_async__VERUS_DRIVER_ARGS_SEP__--VIA-CARGO__VERUS_DRIVER_ARGS_SEP__import-dep-if-present=vstd__VERUS_DRIVER_ARGS_SEP__--VIA-CARGO__VERUS_DRIVER_ARGS_SEP__import-dep-if-present=mesh_channel"  __VERUS_DRIVER_ARGS_FOR_mesh_channel_core-0.0.0-268fb5d46958="__VERUS_DRIVER_ARGS_SEP__--no-verify__VERUS_DRIVER_ARGS_SEP__--VIA-CARGO__VERUS_DRIVER_ARGS_SEP__import-dep-if-present=mesh_protobuf__VERUS_DRIVER_ARGS_SEP__--VIA-CARGO__VERUS_DRIVER_ARGS_SEP__import-dep-if-present=vstd__VERUS_DRIVER_ARGS_SEP__--VIA-CARGO__VERUS_DRIVER_ARGS_SEP__import-dep-if-present=pal_async"  __VERUS_DRIVER_ARGS_FOR_mesh_protobuf-0.0.0-b7284b63c0a5="__VERUS_DRIVER_ARGS_SEP__--no-verify__VERUS_DRIVER_ARGS_SEP__--VIA-CARGO__VERUS_DRIVER_ARGS_SEP__import-dep-if-present=vstd__VERUS_DRIVER_ARGS_SEP__--VIA-CARGO__VERUS_DRIVER_ARGS_SEP__import-dep-if-present=mesh_protobuf"  __VERUS_DRIVER_ARGS_FOR_openvmm_defs-0.0.0-12c204f009b2="__VERUS_DRIVER_ARGS_SEP__--VIA-CARGO__VERUS_DRIVER_ARGS_SEP__import-dep-if-present=vstd__VERUS_DRIVER_ARGS_SEP__--VIA-CARGO__VERUS_DRIVER_ARGS_SEP__import-dep-if-present=chipset_resources__VERUS_DRIVER_ARGS_SEP__--VIA-CARGO__VERUS_DRIVER_ARGS_SEP__import-dep-if-present=state_unit__VERUS_DRIVER_ARGS_SEP__--VIA-CARGO__VERUS_DRIVER_ARGS_SEP__import-dep-if-present=vmm_core_defs__VERUS_DRIVER_ARGS_SEP__--VIA-CARGO__VERUS_DRIVER_ARGS_SEP__import-dep-if-present=mesh_protobuf__VERUS_DRIVER_ARGS_SEP__--VIA-CARGO__VERUS_DRIVER_ARGS_SEP__import-dep-if-present=mesh_channel__VERUS_DRIVER_ARGS_SEP__--VIA-CARGO__VERUS_DRIVER_ARGS_SEP__import-dep-if-present=pal_async__VERUS_DRIVER_ARGS_SEP__--VIA-CARGO__VERUS_DRIVER_ARGS_SEP__import-dep-if-present=mesh_channel_core__VERUS_DRIVER_ARGS_SEP__--verify-only-module__VERUS_DRIVER_ARGS_SEP__worker__VERUS_DRIVER_ARGS_SEP__--no-lifetime__VERUS_DRIVER_ARGS_SEP__--multiple-errors__VERUS_DRIVER_ARGS_SEP__20__VERUS_DRIVER_ARGS_SEP__--num-threads__VERUS_DRIVER_ARGS_SEP__1__VERUS_DRIVER_ARGS_SEP__--triggers-mode__VERUS_DRIVER_ARGS_SEP__silent"  __VERUS_DRIVER_ARGS_FOR_pal_async-0.0.0-fb265dcddc43="__VERUS_DRIVER_ARGS_SEP__--no-verify__VERUS_DRIVER_ARGS_SEP__--VIA-CARGO__VERUS_DRIVER_ARGS_SEP__import-dep-if-present=vstd__VERUS_DRIVER_ARGS_SEP__--VIA-CARGO__VERUS_DRIVER_ARGS_SEP__import-dep-if-present=mesh_protobuf"  __VERUS_DRIVER_ARGS_FOR_state_unit-0.0.0-e60641a5d4f9="__VERUS_DRIVER_ARGS_SEP__--no-verify__VERUS_DRIVER_ARGS_SEP__--VIA-CARGO__VERUS_DRIVER_ARGS_SEP__import-dep-if-present=pal_async__VERUS_DRIVER_ARGS_SEP__--VIA-CARGO__VERUS_DRIVER_ARGS_SEP__import-dep-if-present=vstd__VERUS_DRIVER_ARGS_SEP__--VIA-CARGO__VERUS_DRIVER_ARGS_SEP__import-dep-if-present=mesh_channel__VERUS_DRIVER_ARGS_SEP__--VIA-CARGO__VERUS_DRIVER_ARGS_SEP__import-dep-if-present=mesh_protobuf__VERUS_DRIVER_ARGS_SEP__--VIA-CARGO__VERUS_DRIVER_ARGS_SEP__import-dep-if-present=mesh_channel_core"  __VERUS_DRIVER_ARGS_FOR_vmm_core_defs-0.0.0-cea4d9bc1ae4="__VERUS_DRIVER_ARGS_SEP__--no-verify__VERUS_DRIVER_ARGS_SEP__--VIA-CARGO__VERUS_DRIVER_ARGS_SEP__import-dep-if-present=vstd__VERUS_DRIVER_ARGS_SEP__--VIA-CARGO__VERUS_DRIVER_ARGS_SEP__import-dep-if-present=pal_async__VERUS_DRIVER_ARGS_SEP__--VIA-CARGO__VERUS_DRIVER_ARGS_SEP__import-dep-if-present=mesh_channel__VERUS_DRIVER_ARGS_SEP__--VIA-CARGO__VERUS_DRIVER_ARGS_SEP__import-dep-if-present=mesh_protobuf__VERUS_DRIVER_ARGS_SEP__--VIA-CARGO__VERUS_DRIVER_ARGS_SEP__import-dep-if-present=mesh_channel_core"  __VERUS_DRIVER_ARGS_FOR_vstd-0.0.0-2026-09-16-0054-9a268c610fa8="__VERUS_DRIVER_ARGS_SEP__--is-vstd__VERUS_DRIVER_ARGS_SEP__--no-verify__VERUS_DRIVER_ARGS_SEP__--VIA-CARGO__VERUS_DRIVER_ARGS_SEP__import-dep-if-present=vstd"  __VERUS_DRIVER_ARGS__="__VERUS_DRIVER_ARGS_SEP__--VIA-CARGO__VERUS_DRIVER_ARGS_SEP__compile-when-not-primary-package__VERUS_DRIVER_ARGS_SEP__-v"  __VERUS_DRIVER_IS_BUILTIN_MACROS_verus_builtin_macros-0.0.0-2026-09-06-0133-94884b16541d="1"  __VERUS_DRIVER_IS_BUILTIN_verus_builtin-0.0.0-2026-09-16-0054-efe0d11dd23e="1" CARGO_UNSTABLE_CHECKSUM_FRESHNESS="true" RUSTC_BOOTSTRAP="1" RUSTC_WRAPPER="/home/ruize/openvmm-restore-v1/toolchain/verus-src/source/target-verus/release/verus" __CARGO_DEFAULT_LIB_METADATA="verus" __VERUS_DRIVER_VERIFY_chipset_resources-0.0.0-c7b5a44104e2="1" __VERUS_DRIVER_VERIFY_mesh_channel-0.0.0-354e9bcb8413="1" __VERUS_DRIVER_VERIFY_mesh_channel_core-0.0.0-268fb5d46958="1" __VERUS_DRIVER_VERIFY_mesh_protobuf-0.0.0-b7284b63c0a5="1" __VERUS_DRIVER_VERIFY_openvmm_defs-0.0.0-12c204f009b2="1" __VERUS_DRIVER_VERIFY_pal_async-0.0.0-fb265dcddc43="1" __VERUS_DRIVER_VERIFY_state_unit-0.0.0-e60641a5d4f9="1" __VERUS_DRIVER_VERIFY_vmm_core_defs-0.0.0-cea4d9bc1ae4="1" __VERUS_DRIVER_VERIFY_vstd-0.0.0-2026-09-16-0054-9a268c610fa8="1" __VERUS_DRIVER_VIA_CARGO__="1" "/home/ruize/.rustup/toolchains/1.94.0-x86_64-unknown-linux-gnu/bin/cargo" "check" "-v" "--target-dir" "/home/ruize/openvmm-restore-v1/target/verus-partial" "--package" "openvmm_defs"
       Fresh unicode-ident v1.0.18
       Fresh pin-project-lite v0.2.16
       Fresh autocfg v1.5.0
       Fresh hashbrown v0.15.5
       Fresh smallvec v1.15.1
       Fresh futures-core v0.3.31
       Fresh equivalent v1.0.2
       Fresh memchr v2.7.5
       Fresh futures-io v0.3.31
       Fresh scopeguard v1.2.0
       Fresh convert_case v0.4.0
       Fresh futures-sink v0.3.31
       Fresh open_enum v0.0.0 (/home/ruize/openvmm-restore-v1/support/open_enum)
       Fresh slab v0.4.11
       Fresh pin-utils v0.1.0
       Fresh verus_builtin v0.0.0-2026-09-16-0054 (/home/ruize/openvmm-restore-v1/toolchain/verus-src/source/builtin)
       Fresh futures-task v0.3.31
       Fresh heck v0.5.0
       Fresh parking v2.2.1
       Fresh static_assertions v1.1.0
       Fresh either v1.15.0
       Fresh bitflags v2.9.3
       Fresh diatomic-waker v0.2.3
       Fresh cordyceps v0.3.4
       Fresh spin v0.10.0
       Fresh loan_cell v0.0.0 (/home/ruize/openvmm-restore-v1/support/loan_cell)
       Fresh linux-raw-sys v0.9.4
       Fresh linux-raw-sys v0.4.15
       Fresh cfg-if v1.0.3
       Fresh fixedbitset v0.5.7
       Fresh async-task v4.7.1
       Fresh regex-syntax v0.8.6
       Fresh jiff v0.2.15
       Fresh home v0.5.11
       Fresh once_cell v1.21.3
       Fresh fixedbitset v0.4.2
       Fresh fastrand v2.3.0
       Fresh heck v0.4.1
       Fresh multimap v0.8.3
       Fresh bytes v1.11.1
       Fresh build_rs_guest_arch v0.0.0 (/home/ruize/openvmm-restore-v1/vm/vmcore/build_rs_guest_arch)
       Fresh lazy_static v1.5.0
       Fresh stackfuture v0.3.0
       Fresh log v0.4.27
       Fresh nu-ansi-term v0.50.1
   Compiling serde v1.0.228
       Fresh arrayvec v0.7.6
   Compiling object v0.37.3
       Fresh uniset v0.2.4
       Fresh arc_cyclic_builder v0.0.0 (/home/ruize/openvmm-restore-v1/support/arc_cyclic_builder)
       Fresh range_map_vec v0.2.0
       Fresh proc-macro2 v1.0.107
       Fresh tracing-core v0.1.35
       Fresh indexmap v2.11.0
       Fresh futures-channel v0.3.31
       Fresh itertools v0.10.5
       Fresh futures-buffered v0.2.12
       Fresh futures-lite v2.6.1
       Fresh regex-automata v0.4.14
   Compiling vm_topology v0.0.0 (/home/ruize/openvmm-restore-v1/vm/vmcore/vm_topology)
       Fresh safe_intrinsics v0.0.0 (/home/ruize/openvmm-restore-v1/support/safe_intrinsics)
       Fresh sharded-slab v0.1.7
   Compiling serde_core v1.0.228
       Fresh thread_local v1.1.9
     Running `/home/ruize/openvmm-restore-v1/toolchain/verus-src/source/target-verus/release/verus /home/ruize/.rustup/toolchains/1.94.0-x86_64-unknown-linux-gnu/bin/rustc --crate-name build_script_build --edition=2021 /home/ruize/.cargo/registry/src/index.crates.io-1949cf8c6b5b557f/serde-1.0.228/build.rs --error-format=json --json=diagnostic-rendered-ansi,artifacts,future-incompat --crate-type bin --emit=dep-info,link -C embed-bitcode=no --cfg 'feature="derive"' --cfg 'feature="serde_derive"' --cfg 'feature="std"' --check-cfg 'cfg(docsrs,test)' --check-cfg 'cfg(feature, values("alloc", "default", "derive", "rc", "serde_derive", "std", "unstable"))' -C metadata=6f313a6ac1f7c159 -C extra-filename=-a5986530d74b76f6 --out-dir /home/ruize/openvmm-restore-v1/target/verus-partial/debug/build/serde-a5986530d74b76f6 -L dependency=/home/ruize/openvmm-restore-v1/target/verus-partial/debug/deps --cap-lints allow -Cforce-frame-pointers=yes -Csymbol-mangling-version=v0 -Z checksum-hash-algorithm=blake3`
     Running `/home/ruize/openvmm-restore-v1/toolchain/verus-src/source/target-verus/release/verus /home/ruize/.rustup/toolchains/1.94.0-x86_64-unknown-linux-gnu/bin/rustc --crate-name build_script_build --edition=2018 /home/ruize/.cargo/registry/src/index.crates.io-1949cf8c6b5b557f/object-0.37.3/build.rs --error-format=json --json=diagnostic-rendered-ansi,artifacts,future-incompat --crate-type bin --emit=dep-info,link -C embed-bitcode=no '--allow=clippy::uninlined_format_args' '--allow=clippy::type_complexity' '--allow=clippy::single_match' '--allow=clippy::should_implement_trait' '--allow=clippy::result_unit_err' '--allow=clippy::needless_lifetimes' '--allow=clippy::match_like_matches_macro' '--allow=clippy::manual_flatten' '--allow=clippy::field_reassign_with_default' '--allow=clippy::comparison_chain' '--allow=clippy::collapsible_match' '--allow=clippy::collapsible_if' '--allow=clippy::collapsible_else_if' --cfg 'feature="coff"' --cfg 'feature="pe"' --cfg 'feature="read_core"' --cfg 'feature="std"' --check-cfg 'cfg(docsrs,test)' --check-cfg 'cfg(feature, values("all", "alloc", "archive", "build", "build_core", "cargo-all", "coff", "compression", "core", "default", "doc", "elf", "macho", "pe", "read", "read_core", "rustc-dep-of-std", "std", "unaligned", "unstable", "unstable-all", "wasm", "write", "write_core", "write_std", "xcoff"))' -C metadata=f0c2a76f3de5b2af -C extra-filename=-3717a789ee355747 --out-dir /home/ruize/openvmm-restore-v1/target/verus-partial/debug/build/object-3717a789ee355747 -L dependency=/home/ruize/openvmm-restore-v1/target/verus-partial/debug/deps --cap-lints allow -Cforce-frame-pointers=yes -Csymbol-mangling-version=v0 -Z checksum-hash-algorithm=blake3`
       Fresh quote v1.0.40
       Fresh crossbeam-utils v0.8.21
       Fresh anyhow v1.0.99
       Fresh libc v0.2.184
       Fresh smallbox v0.8.8
       Fresh rustix v0.38.44
       Fresh rustix v1.0.8
       Fresh petgraph v0.6.5
       Fresh regex v1.12.3
       Fresh tracing-log v0.2.0
       Fresh paste v1.0.15
     Running `/home/ruize/openvmm-restore-v1/toolchain/verus-src/source/target-verus/release/verus /home/ruize/.rustup/toolchains/1.94.0-x86_64-unknown-linux-gnu/bin/rustc --crate-name build_script_build --edition=2024 vm/vmcore/vm_topology/build.rs --error-format=json --json=diagnostic-rendered-ansi,artifacts,future-incompat --crate-type bin --emit=dep-info,link -C embed-bitcode=no --warn=rust_2018_idioms --deny=future_incompatible --warn=unused_qualifications --forbid=unsafe_op_in_unsafe_fn --deny=unsafe_code '--warn=clippy::unnecessary_box_returns' '--allow=clippy::uninlined_format_args' --warn=unexpected_cfgs '--warn=clippy::undocumented_unsafe_blocks' '--allow=clippy::type_complexity' '--allow=clippy::too_many_arguments' '--warn=clippy::suboptimal_flops' '--allow=clippy::single_range_in_vec_init' '--warn=clippy::rest_pat_in_fully_bound_structs' '--warn=clippy::ref_option_ref' '--warn=clippy::ref_as_ptr' '--warn=clippy::ptr_cast_constness' '--warn=clippy::ptr_as_ptr' '--warn=clippy::option_option' '--allow=clippy::new_without_default' --warn=missing_docs '--allow=clippy::manual_flatten' '--warn=clippy::macro_use_imports' '--warn=clippy::lossy_float_literal' '--warn=clippy::linkedlist' '--allow=clippy::len_without_is_empty' '--warn=clippy::inefficient_to_string' '--warn=clippy::imprecise_flops' '--warn=clippy::implicit_clone' '--warn=clippy::fn_params_excessive_bools' '--warn=clippy::filter_map_next' '--warn=clippy::debug_assert_with_mut_call' '--warn=clippy::dbg_macro' '--allow=clippy::collapsible_match' '--allow=clippy::collapsible_if' '--allow=clippy::collapsible_else_if' '--allow=clippy::box_default' '--allow=clippy::bool_assert_comparison' '--warn=clippy::allow_attributes' --check-cfg 'cfg(trick_rust_analyzer_into_highlighting_interpolated_bits)' --cfg 'feature="default"' --cfg 'feature="inspect"' --check-cfg 'cfg(docsrs,test)' --check-cfg 'cfg(feature, values("default", "inspect", "mesh"))' -C metadata=c8ba9edf3269182f -C extra-filename=-f18ba4d22700239c --out-dir /home/ruize/openvmm-restore-v1/target/verus-partial/debug/build/vm_topology-f18ba4d22700239c -C incremental=/home/ruize/openvmm-restore-v1/target/verus-partial/debug/incremental -L dependency=/home/ruize/openvmm-restore-v1/target/verus-partial/debug/deps --extern build_rs_guest_arch=/home/ruize/openvmm-restore-v1/target/verus-partial/debug/deps/libbuild_rs_guest_arch-f4bc8fec1f5fab6a.rlib -Cforce-frame-pointers=yes -Csymbol-mangling-version=v0 -Z checksum-hash-algorithm=blake3`
     Running `/home/ruize/openvmm-restore-v1/target/verus-partial/debug/build/serde_core-33385dfa2abf0c78/build-script-build`
       Fresh syn v2.0.106
       Fresh verus_syn v0.0.0-2026-09-06-0133 (/home/ruize/openvmm-restore-v1/toolchain/verus-src/dependencies/syn)
       Fresh fs-err v3.1.1
       Fresh lock_api v0.4.13
       Fresh parking_lot_core v0.9.11
       Fresh getrandom v0.4.2
       Fresh concurrent-queue v2.5.0
       Fresh seccompiler v0.5.0
       Fresh syn v1.0.109
       Fresh socket2 v0.6.0
       Fresh unix_socket v0.0.0 (/home/ruize/openvmm-restore-v1/support/unix_socket)
       Fresh io-uring v0.7.11
       Fresh getrandom v0.3.3
       Fresh which v4.4.2
       Fresh tracing-subscriber v0.3.22
       Fresh zerocopy-derive v0.8.27
       Fresh thiserror-impl v2.0.16
       Fresh tracing-attributes v0.1.31
       Fresh bitfield-struct v0.11.0
       Fresh synstructure v0.13.2
       Fresh verus_prettyplease v0.0.0-2026-09-06-0133 (/home/ruize/openvmm-restore-v1/toolchain/verus-src/dependencies/prettyplease)
       Fresh parking_lot v0.12.4
       Fresh verus_state_machines_macros v0.0.0-2026-09-06-0133 (/home/ruize/openvmm-restore-v1/toolchain/verus-src/source/state_machines_macros)
       Fresh futures-macro v0.3.31
       Fresh mesh_derive v0.0.0 (/home/ruize/openvmm-restore-v1/support/mesh/mesh_derive)
       Fresh inspect_derive v0.0.0 (/home/ruize/openvmm-restore-v1/support/inspect_derive)
       Fresh linkme-impl v0.3.33
       Fresh async-trait v0.1.89
       Fresh enumflags2_derive v0.7.12
       Fresh thiserror-impl v1.0.69
       Fresh event-listener v5.4.1
       Fresh pin-project-internal v1.1.10
       Fresh prost-derive v0.11.9
       Fresh pal_async_test v0.0.0 (/home/ruize/openvmm-restore-v1/support/pal/pal_async_test)
       Fresh tempfile v3.21.0
       Fresh save_restore_derive v0.0.0 (/home/ruize/openvmm-restore-v1/vm/vmcore/save_restore_derive)
       Fresh prettyplease v0.1.25
       Fresh serde_derive v1.0.228
       Fresh zerocopy v0.8.27
       Fresh thiserror v2.0.16
       Fresh tracing v0.1.43
       Fresh verus_builtin_macros v0.0.0-2026-09-06-0133 (/home/ruize/openvmm-restore-v1/toolchain/verus-src/source/builtin_macros)
       Fresh futures-util v0.3.31
       Fresh linkme v0.3.33
       Fresh thiserror v1.0.69
       Fresh enumflags2 v0.7.12
       Fresh event-listener-strategy v0.5.4
       Fresh pin-project v1.1.10
       Fresh prost v0.11.9
       Fresh closeable_mutex v0.0.0 (/home/ruize/openvmm-restore-v1/support/closeable_mutex)
       Fresh unicycle v0.10.2
       Fresh vstd v0.0.0-2026-09-16-0054 (/home/ruize/openvmm-restore-v1/toolchain/verus-src/source/vstd)
       Fresh futures-executor v0.3.31
       Fresh caps v0.5.5
       Fresh landlock v0.4.2
       Fresh async-channel v2.5.0
       Fresh futures-concurrency v7.6.3
       Fresh prost-types v0.11.9
    Checking hvdef v0.0.0 (/home/ruize/openvmm-restore-v1/vm/hv1/hvdef)
       Fresh tracelimit v0.0.0 (/home/ruize/openvmm-restore-v1/support/tracelimit)
       Fresh trycopy v0.0.0 (/home/ruize/openvmm-restore-v1/support/trycopy)
    Checking x86defs v0.0.0 (/home/ruize/openvmm-restore-v1/vm/x86/x86defs)
    Checking safeatomic v0.0.0 (/home/ruize/openvmm-restore-v1/support/safeatomic)
    Checking aarch64defs v0.0.0 (/home/ruize/openvmm-restore-v1/vm/aarch64/aarch64defs)
    Checking scsi_defs v0.0.0 (/home/ruize/openvmm-restore-v1/vm/devices/storage/scsi_defs)
       Fresh tracing_helpers v0.0.0 (/home/ruize/openvmm-restore-v1/support/tracing_helpers)
       Fresh cvm_tracing v0.0.0 (/home/ruize/openvmm-restore-v1/vm/cvm_tracing)
     Running `/home/ruize/openvmm-restore-v1/toolchain/verus-src/source/target-verus/release/verus /home/ruize/.rustup/toolchains/1.94.0-x86_64-unknown-linux-gnu/bin/rustc --crate-name hvdef --edition=2024 vm/hv1/hvdef/src/lib.rs --error-format=json --json=diagnostic-rendered-ansi,artifacts,future-incompat --crate-type lib --emit=dep-info,metadata -C panic=abort -C embed-bitcode=no -C debuginfo=2 --warn=rust_2018_idioms --deny=future_incompatible --warn=unused_qualifications --forbid=unsafe_op_in_unsafe_fn --deny=unsafe_code '--warn=clippy::unnecessary_box_returns' '--allow=clippy::uninlined_format_args' --warn=unexpected_cfgs '--warn=clippy::undocumented_unsafe_blocks' '--allow=clippy::type_complexity' '--allow=clippy::too_many_arguments' '--warn=clippy::suboptimal_flops' '--allow=clippy::single_range_in_vec_init' '--warn=clippy::rest_pat_in_fully_bound_structs' '--warn=clippy::ref_option_ref' '--warn=clippy::ref_as_ptr' '--warn=clippy::ptr_cast_constness' '--warn=clippy::ptr_as_ptr' '--warn=clippy::option_option' '--allow=clippy::new_without_default' --warn=missing_docs '--allow=clippy::manual_flatten' '--warn=clippy::macro_use_imports' '--warn=clippy::lossy_float_literal' '--warn=clippy::linkedlist' '--allow=clippy::len_without_is_empty' '--warn=clippy::inefficient_to_string' '--warn=clippy::imprecise_flops' '--warn=clippy::implicit_clone' '--warn=clippy::fn_params_excessive_bools' '--warn=clippy::filter_map_next' '--warn=clippy::debug_assert_with_mut_call' '--warn=clippy::dbg_macro' '--allow=clippy::collapsible_match' '--allow=clippy::collapsible_if' '--allow=clippy::collapsible_else_if' '--allow=clippy::box_default' '--allow=clippy::bool_assert_comparison' '--warn=clippy::allow_attributes' --check-cfg 'cfg(trick_rust_analyzer_into_highlighting_interpolated_bits)' --check-cfg 'cfg(docsrs,test)' --check-cfg 'cfg(feature, values())' -C metadata=e4bc3cb48174f3c8 -C extra-filename=-1817752b7aff5f9b --out-dir /home/ruize/openvmm-restore-v1/target/verus-partial/debug/deps -C incremental=/home/ruize/openvmm-restore-v1/target/verus-partial/debug/incremental -L dependency=/home/ruize/openvmm-restore-v1/target/verus-partial/debug/deps --extern bitfield_struct=/home/ruize/openvmm-restore-v1/target/verus-partial/debug/deps/libbitfield_struct-338153e689b05499.so --extern open_enum=/home/ruize/openvmm-restore-v1/target/verus-partial/debug/deps/libopen_enum-44a4a1432a2a3dff.rmeta --extern static_assertions=/home/ruize/openvmm-restore-v1/target/verus-partial/debug/deps/libstatic_assertions-ea2eb68e8147348e.rmeta --extern zerocopy=/home/ruize/openvmm-restore-v1/target/verus-partial/debug/deps/libzerocopy-2fbbd02099a22f14.rmeta -Cforce-frame-pointers=yes -Csymbol-mangling-version=v0 -Z checksum-hash-algorithm=blake3`
     Running `/home/ruize/openvmm-restore-v1/toolchain/verus-src/source/target-verus/release/verus /home/ruize/.rustup/toolchains/1.94.0-x86_64-unknown-linux-gnu/bin/rustc --crate-name x86defs --edition=2024 vm/x86/x86defs/src/lib.rs --error-format=json --json=diagnostic-rendered-ansi,artifacts,future-incompat --crate-type lib --emit=dep-info,metadata -C panic=abort -C embed-bitcode=no -C debuginfo=2 --warn=rust_2018_idioms --deny=future_incompatible --warn=unused_qualifications --forbid=unsafe_op_in_unsafe_fn --deny=unsafe_code '--warn=clippy::unnecessary_box_returns' '--allow=clippy::uninlined_format_args' --warn=unexpected_cfgs '--warn=clippy::undocumented_unsafe_blocks' '--allow=clippy::type_complexity' '--allow=clippy::too_many_arguments' '--warn=clippy::suboptimal_flops' '--allow=clippy::single_range_in_vec_init' '--warn=clippy::rest_pat_in_fully_bound_structs' '--warn=clippy::ref_option_ref' '--warn=clippy::ref_as_ptr' '--warn=clippy::ptr_cast_constness' '--warn=clippy::ptr_as_ptr' '--warn=clippy::option_option' '--allow=clippy::new_without_default' --warn=missing_docs '--allow=clippy::manual_flatten' '--warn=clippy::macro_use_imports' '--warn=clippy::lossy_float_literal' '--warn=clippy::linkedlist' '--allow=clippy::len_without_is_empty' '--warn=clippy::inefficient_to_string' '--warn=clippy::imprecise_flops' '--warn=clippy::implicit_clone' '--warn=clippy::fn_params_excessive_bools' '--warn=clippy::filter_map_next' '--warn=clippy::debug_assert_with_mut_call' '--warn=clippy::dbg_macro' '--allow=clippy::collapsible_match' '--allow=clippy::collapsible_if' '--allow=clippy::collapsible_else_if' '--allow=clippy::box_default' '--allow=clippy::bool_assert_comparison' '--warn=clippy::allow_attributes' --check-cfg 'cfg(trick_rust_analyzer_into_highlighting_interpolated_bits)' --check-cfg 'cfg(docsrs,test)' --check-cfg 'cfg(feature, values("arbitrary"))' -C metadata=271a4cb0af0439ef -C extra-filename=-bd4eb58d754e9d8c --out-dir /home/ruize/openvmm-restore-v1/target/verus-partial/debug/deps -C incremental=/home/ruize/openvmm-restore-v1/target/verus-partial/debug/incremental -L dependency=/home/ruize/openvmm-restore-v1/target/verus-partial/debug/deps --extern bitfield_struct=/home/ruize/openvmm-restore-v1/target/verus-partial/debug/deps/libbitfield_struct-338153e689b05499.so --extern open_enum=/home/ruize/openvmm-restore-v1/target/verus-partial/debug/deps/libopen_enum-44a4a1432a2a3dff.rmeta --extern static_assertions=/home/ruize/openvmm-restore-v1/target/verus-partial/debug/deps/libstatic_assertions-ea2eb68e8147348e.rmeta --extern zerocopy=/home/ruize/openvmm-restore-v1/target/verus-partial/debug/deps/libzerocopy-2fbbd02099a22f14.rmeta -Cforce-frame-pointers=yes -Csymbol-mangling-version=v0 -Z checksum-hash-algorithm=blake3`
     Running `/home/ruize/openvmm-restore-v1/toolchain/verus-src/source/target-verus/release/verus /home/ruize/.rustup/toolchains/1.94.0-x86_64-unknown-linux-gnu/bin/rustc --crate-name safeatomic --edition=2024 support/safeatomic/src/lib.rs --error-format=json --json=diagnostic-rendered-ansi,artifacts,future-incompat --crate-type lib --emit=dep-info,metadata -C panic=abort -C embed-bitcode=no -C debuginfo=2 --warn=rust_2018_idioms --deny=future_incompatible --warn=unused_qualifications --forbid=unsafe_op_in_unsafe_fn --deny=unsafe_code '--warn=clippy::unnecessary_box_returns' '--allow=clippy::uninlined_format_args' --warn=unexpected_cfgs '--warn=clippy::undocumented_unsafe_blocks' '--allow=clippy::type_complexity' '--allow=clippy::too_many_arguments' '--warn=clippy::suboptimal_flops' '--allow=clippy::single_range_in_vec_init' '--warn=clippy::rest_pat_in_fully_bound_structs' '--warn=clippy::ref_option_ref' '--warn=clippy::ref_as_ptr' '--warn=clippy::ptr_cast_constness' '--warn=clippy::ptr_as_ptr' '--warn=clippy::option_option' '--allow=clippy::new_without_default' --warn=missing_docs '--allow=clippy::manual_flatten' '--warn=clippy::macro_use_imports' '--warn=clippy::lossy_float_literal' '--warn=clippy::linkedlist' '--allow=clippy::len_without_is_empty' '--warn=clippy::inefficient_to_string' '--warn=clippy::imprecise_flops' '--warn=clippy::implicit_clone' '--warn=clippy::fn_params_excessive_bools' '--warn=clippy::filter_map_next' '--warn=clippy::debug_assert_with_mut_call' '--warn=clippy::dbg_macro' '--allow=clippy::collapsible_match' '--allow=clippy::collapsible_if' '--allow=clippy::collapsible_else_if' '--allow=clippy::box_default' '--allow=clippy::bool_assert_comparison' '--warn=clippy::allow_attributes' --check-cfg 'cfg(trick_rust_analyzer_into_highlighting_interpolated_bits)' --check-cfg 'cfg(docsrs,test)' --check-cfg 'cfg(feature, values())' -C metadata=a6319cd748e9c25b -C extra-filename=-9d5dacf6855d44bb --out-dir /home/ruize/openvmm-restore-v1/target/verus-partial/debug/deps -C incremental=/home/ruize/openvmm-restore-v1/target/verus-partial/debug/incremental -L dependency=/home/ruize/openvmm-restore-v1/target/verus-partial/debug/deps --extern zerocopy=/home/ruize/openvmm-restore-v1/target/verus-partial/debug/deps/libzerocopy-2fbbd02099a22f14.rmeta -Cforce-frame-pointers=yes -Csymbol-mangling-version=v0 -Z checksum-hash-algorithm=blake3`
     Running `/home/ruize/openvmm-restore-v1/toolchain/verus-src/source/target-verus/release/verus /home/ruize/.rustup/toolchains/1.94.0-x86_64-unknown-linux-gnu/bin/rustc --crate-name scsi_defs --edition=2024 vm/devices/storage/scsi_defs/src/lib.rs --error-format=json --json=diagnostic-rendered-ansi,artifacts,future-incompat --crate-type lib --emit=dep-info,metadata -C panic=abort -C embed-bitcode=no -C debuginfo=2 --warn=rust_2018_idioms --deny=future_incompatible --warn=unused_qualifications --forbid=unsafe_op_in_unsafe_fn --deny=unsafe_code '--warn=clippy::unnecessary_box_returns' '--allow=clippy::uninlined_format_args' --warn=unexpected_cfgs '--warn=clippy::undocumented_unsafe_blocks' '--allow=clippy::type_complexity' '--allow=clippy::too_many_arguments' '--warn=clippy::suboptimal_flops' '--allow=clippy::single_range_in_vec_init' '--warn=clippy::rest_pat_in_fully_bound_structs' '--warn=clippy::ref_option_ref' '--warn=clippy::ref_as_ptr' '--warn=clippy::ptr_cast_constness' '--warn=clippy::ptr_as_ptr' '--warn=clippy::option_option' '--allow=clippy::new_without_default' --warn=missing_docs '--allow=clippy::manual_flatten' '--warn=clippy::macro_use_imports' '--warn=clippy::lossy_float_literal' '--warn=clippy::linkedlist' '--allow=clippy::len_without_is_empty' '--warn=clippy::inefficient_to_string' '--warn=clippy::imprecise_flops' '--warn=clippy::implicit_clone' '--warn=clippy::fn_params_excessive_bools' '--warn=clippy::filter_map_next' '--warn=clippy::debug_assert_with_mut_call' '--warn=clippy::dbg_macro' '--allow=clippy::collapsible_match' '--allow=clippy::collapsible_if' '--allow=clippy::collapsible_else_if' '--allow=clippy::box_default' '--allow=clippy::bool_assert_comparison' '--warn=clippy::allow_attributes' --check-cfg 'cfg(trick_rust_analyzer_into_highlighting_interpolated_bits)' --check-cfg 'cfg(docsrs,test)' --check-cfg 'cfg(feature, values("arbitrary"))' -C metadata=e2ac90c557ebee12 -C extra-filename=-3afd2967433cb995 --out-dir /home/ruize/openvmm-restore-v1/target/verus-partial/debug/deps -C incremental=/home/ruize/openvmm-restore-v1/target/verus-partial/debug/incremental -L dependency=/home/ruize/openvmm-restore-v1/target/verus-partial/debug/deps --extern bitfield_struct=/home/ruize/openvmm-restore-v1/target/verus-partial/debug/deps/libbitfield_struct-338153e689b05499.so --extern open_enum=/home/ruize/openvmm-restore-v1/target/verus-partial/debug/deps/libopen_enum-44a4a1432a2a3dff.rmeta --extern zerocopy=/home/ruize/openvmm-restore-v1/target/verus-partial/debug/deps/libzerocopy-2fbbd02099a22f14.rmeta -Cforce-frame-pointers=yes -Csymbol-mangling-version=v0 -Z checksum-hash-algorithm=blake3`
     Running `/home/ruize/openvmm-restore-v1/toolchain/verus-src/source/target-verus/release/verus /home/ruize/.rustup/toolchains/1.94.0-x86_64-unknown-linux-gnu/bin/rustc --crate-name aarch64defs --edition=2024 vm/aarch64/aarch64defs/src/lib.rs --error-format=json --json=diagnostic-rendered-ansi,artifacts,future-incompat --crate-type lib --emit=dep-info,metadata -C panic=abort -C embed-bitcode=no -C debuginfo=2 --warn=rust_2018_idioms --deny=future_incompatible --warn=unused_qualifications --forbid=unsafe_op_in_unsafe_fn --deny=unsafe_code '--warn=clippy::unnecessary_box_returns' '--allow=clippy::uninlined_format_args' --warn=unexpected_cfgs '--warn=clippy::undocumented_unsafe_blocks' '--allow=clippy::type_complexity' '--allow=clippy::too_many_arguments' '--warn=clippy::suboptimal_flops' '--allow=clippy::single_range_in_vec_init' '--warn=clippy::rest_pat_in_fully_bound_structs' '--warn=clippy::ref_option_ref' '--warn=clippy::ref_as_ptr' '--warn=clippy::ptr_cast_constness' '--warn=clippy::ptr_as_ptr' '--warn=clippy::option_option' '--allow=clippy::new_without_default' --warn=missing_docs '--allow=clippy::manual_flatten' '--warn=clippy::macro_use_imports' '--warn=clippy::lossy_float_literal' '--warn=clippy::linkedlist' '--allow=clippy::len_without_is_empty' '--warn=clippy::inefficient_to_string' '--warn=clippy::imprecise_flops' '--warn=clippy::implicit_clone' '--warn=clippy::fn_params_excessive_bools' '--warn=clippy::filter_map_next' '--warn=clippy::debug_assert_with_mut_call' '--warn=clippy::dbg_macro' '--allow=clippy::collapsible_match' '--allow=clippy::collapsible_if' '--allow=clippy::collapsible_else_if' '--allow=clippy::box_default' '--allow=clippy::bool_assert_comparison' '--warn=clippy::allow_attributes' --check-cfg 'cfg(trick_rust_analyzer_into_highlighting_interpolated_bits)' --check-cfg 'cfg(docsrs,test)' --check-cfg 'cfg(feature, values())' -C metadata=28b1e37b881af63d -C extra-filename=-b4833e62dae90d43 --out-dir /home/ruize/openvmm-restore-v1/target/verus-partial/debug/deps -C incremental=/home/ruize/openvmm-restore-v1/target/verus-partial/debug/incremental -L dependency=/home/ruize/openvmm-restore-v1/target/verus-partial/debug/deps --extern bitfield_struct=/home/ruize/openvmm-restore-v1/target/verus-partial/debug/deps/libbitfield_struct-338153e689b05499.so --extern open_enum=/home/ruize/openvmm-restore-v1/target/verus-partial/debug/deps/libopen_enum-44a4a1432a2a3dff.rmeta --extern zerocopy=/home/ruize/openvmm-restore-v1/target/verus-partial/debug/deps/libzerocopy-2fbbd02099a22f14.rmeta -Cforce-frame-pointers=yes -Csymbol-mangling-version=v0 -Z checksum-hash-algorithm=blake3`
    Checking mesh_protobuf v0.0.0 (/home/ruize/openvmm-restore-v1/support/mesh/mesh_protobuf)
       Fresh futures v0.3.31
       Fresh pal v0.0.0 (/home/ruize/openvmm-restore-v1/support/pal)
       Fresh prost-build v0.11.9
     Running `/home/ruize/openvmm-restore-v1/toolchain/verus-src/source/target-verus/release/verus /home/ruize/.rustup/toolchains/1.94.0-x86_64-unknown-linux-gnu/bin/rustc --crate-name mesh_protobuf --edition=2024 support/mesh/mesh_protobuf/src/lib.rs --error-format=json --json=diagnostic-rendered-ansi,artifacts,future-incompat --crate-type lib --emit=dep-info,metadata -C panic=abort -C embed-bitcode=no -C debuginfo=2 --warn=rust_2018_idioms --deny=future_incompatible --warn=unused_qualifications --forbid=unsafe_op_in_unsafe_fn --deny=unsafe_code '--warn=clippy::unnecessary_box_returns' '--allow=clippy::uninlined_format_args' --warn=unexpected_cfgs '--warn=clippy::undocumented_unsafe_blocks' '--allow=clippy::type_complexity' '--allow=clippy::too_many_arguments' '--warn=clippy::suboptimal_flops' '--allow=clippy::single_range_in_vec_init' '--warn=clippy::rest_pat_in_fully_bound_structs' '--warn=clippy::ref_option_ref' '--warn=clippy::ref_as_ptr' '--warn=clippy::ptr_cast_constness' '--warn=clippy::ptr_as_ptr' '--warn=clippy::option_option' '--allow=clippy::new_without_default' --warn=missing_docs '--allow=clippy::manual_flatten' '--warn=clippy::macro_use_imports' '--warn=clippy::lossy_float_literal' '--warn=clippy::linkedlist' '--allow=clippy::len_without_is_empty' '--warn=clippy::inefficient_to_string' '--warn=clippy::imprecise_flops' '--warn=clippy::implicit_clone' '--warn=clippy::fn_params_excessive_bools' '--warn=clippy::filter_map_next' '--warn=clippy::debug_assert_with_mut_call' '--warn=clippy::dbg_macro' '--allow=clippy::collapsible_match' '--allow=clippy::collapsible_if' '--allow=clippy::collapsible_else_if' '--allow=clippy::box_default' '--allow=clippy::bool_assert_comparison' '--warn=clippy::allow_attributes' --check-cfg 'cfg(trick_rust_analyzer_into_highlighting_interpolated_bits)' --cfg 'feature="default"' --cfg 'feature="std"' --check-cfg 'cfg(docsrs,test)' --check-cfg 'cfg(feature, values("default", "prost", "socket2", "std"))' -C metadata=adda2bbfbafdf09d -C extra-filename=-5612e213728e73ed --out-dir /home/ruize/openvmm-restore-v1/target/verus-partial/debug/deps -C incremental=/home/ruize/openvmm-restore-v1/target/verus-partial/debug/incremental -L dependency=/home/ruize/openvmm-restore-v1/target/verus-partial/debug/deps --extern fs_err=/home/ruize/openvmm-restore-v1/target/verus-partial/debug/deps/libfs_err-f20dc713fe9ba4b8.rmeta --extern heck=/home/ruize/openvmm-restore-v1/target/verus-partial/debug/deps/libheck-c05f31abbad1fdd8.rmeta --extern mesh_derive=/home/ruize/openvmm-restore-v1/target/verus-partial/debug/deps/libmesh_derive-e9dcdcea9c6381f2.so --extern thiserror=/home/ruize/openvmm-restore-v1/target/verus-partial/debug/deps/libthiserror-bb5470d7886e4e69.rmeta --extern vstd=/home/ruize/openvmm-restore-v1/target/verus-partial/debug/deps/libvstd-0b932679964ce3b0.rmeta --extern zerocopy=/home/ruize/openvmm-restore-v1/target/verus-partial/debug/deps/libzerocopy-2fbbd02099a22f14.rmeta -Cforce-frame-pointers=yes -Csymbol-mangling-version=v0 -Z checksum-hash-algorithm=blake3`
    Checking sparse_mmap v0.0.0 (/home/ruize/openvmm-restore-v1/support/sparse_mmap)
     Running `/home/ruize/openvmm-restore-v1/toolchain/verus-src/source/target-verus/release/verus /home/ruize/.rustup/toolchains/1.94.0-x86_64-unknown-linux-gnu/bin/rustc --crate-name sparse_mmap --edition=2024 support/sparse_mmap/src/lib.rs --error-format=json --json=diagnostic-rendered-ansi,artifacts,future-incompat --crate-type lib --emit=dep-info,metadata -C panic=abort -C embed-bitcode=no -C debuginfo=2 --warn=rust_2018_idioms --deny=future_incompatible --warn=unused_qualifications --forbid=unsafe_op_in_unsafe_fn --deny=unsafe_code '--warn=clippy::unnecessary_box_returns' '--allow=clippy::uninlined_format_args' --warn=unexpected_cfgs '--warn=clippy::undocumented_unsafe_blocks' '--allow=clippy::type_complexity' '--allow=clippy::too_many_arguments' '--warn=clippy::suboptimal_flops' '--allow=clippy::single_range_in_vec_init' '--warn=clippy::rest_pat_in_fully_bound_structs' '--warn=clippy::ref_option_ref' '--warn=clippy::ref_as_ptr' '--warn=clippy::ptr_cast_constness' '--warn=clippy::ptr_as_ptr' '--warn=clippy::option_option' '--allow=clippy::new_without_default' --warn=missing_docs '--allow=clippy::manual_flatten' '--warn=clippy::macro_use_imports' '--warn=clippy::lossy_float_literal' '--warn=clippy::linkedlist' '--allow=clippy::len_without_is_empty' '--warn=clippy::inefficient_to_string' '--warn=clippy::imprecise_flops' '--warn=clippy::implicit_clone' '--warn=clippy::fn_params_excessive_bools' '--warn=clippy::filter_map_next' '--warn=clippy::debug_assert_with_mut_call' '--warn=clippy::dbg_macro' '--allow=clippy::collapsible_match' '--allow=clippy::collapsible_if' '--allow=clippy::collapsible_else_if' '--allow=clippy::box_default' '--allow=clippy::bool_assert_comparison' '--warn=clippy::allow_attributes' --check-cfg 'cfg(trick_rust_analyzer_into_highlighting_interpolated_bits)' --check-cfg 'cfg(docsrs,test)' --check-cfg 'cfg(feature, values())' -C metadata=f624cdab4a811f6e -C extra-filename=-e236a47d6ff2e9ae --out-dir /home/ruize/openvmm-restore-v1/target/verus-partial/debug/deps -C incremental=/home/ruize/openvmm-restore-v1/target/verus-partial/debug/incremental -L dependency=/home/ruize/openvmm-restore-v1/target/verus-partial/debug/deps --extern libc=/home/ruize/openvmm-restore-v1/target/verus-partial/debug/deps/liblibc-94d8653e1a9f7efa.rmeta --extern pal=/home/ruize/openvmm-restore-v1/target/verus-partial/debug/deps/libpal-7c33264d46675559.rmeta --extern thiserror=/home/ruize/openvmm-restore-v1/target/verus-partial/debug/deps/libthiserror-bb5470d7886e4e69.rmeta --extern trycopy=/home/ruize/openvmm-restore-v1/target/verus-partial/debug/deps/libtrycopy-70a899956c8db2b7.rmeta --extern zerocopy=/home/ruize/openvmm-restore-v1/target/verus-partial/debug/deps/libzerocopy-2fbbd02099a22f14.rmeta -Cforce-frame-pointers=yes -Csymbol-mangling-version=v0 -Z checksum-hash-algorithm=blake3`
     Running `/home/ruize/openvmm-restore-v1/toolchain/verus-src/source/target-verus/release/verus /home/ruize/.rustup/toolchains/1.94.0-x86_64-unknown-linux-gnu/bin/rustc --crate-name serde_core --edition=2021 /home/ruize/.cargo/registry/src/index.crates.io-1949cf8c6b5b557f/serde_core-1.0.228/src/lib.rs --error-format=json --json=diagnostic-rendered-ansi,artifacts,future-incompat --crate-type lib --emit=dep-info,metadata -C panic=abort -C embed-bitcode=no -C debuginfo=2 --cfg 'feature="result"' --cfg 'feature="std"' --check-cfg 'cfg(docsrs,test)' --check-cfg 'cfg(feature, values("alloc", "default", "rc", "result", "std", "unstable"))' -C metadata=20e638995e923821 -C extra-filename=-d50559f799714f1c --out-dir /home/ruize/openvmm-restore-v1/target/verus-partial/debug/deps -L dependency=/home/ruize/openvmm-restore-v1/target/verus-partial/debug/deps --cap-lints allow -Cforce-frame-pointers=yes -Csymbol-mangling-version=v0 -Z checksum-hash-algorithm=blake3 --check-cfg 'cfg(if_docsrs_then_no_serde_core)' --check-cfg 'cfg(no_core_cstr)' --check-cfg 'cfg(no_core_error)' --check-cfg 'cfg(no_core_net)' --check-cfg 'cfg(no_core_num_saturating)' --check-cfg 'cfg(no_diagnostic_namespace)' --check-cfg 'cfg(no_serde_derive)' --check-cfg 'cfg(no_std_atomic)' --check-cfg 'cfg(no_std_atomic64)' --check-cfg 'cfg(no_target_has_atomic)'`
     Running `/home/ruize/openvmm-restore-v1/target/verus-partial/debug/build/vm_topology-f18ba4d22700239c/build-script-build`
     Running `/home/ruize/openvmm-restore-v1/target/verus-partial/debug/build/object-3717a789ee355747/build-script-build`
     Running `/home/ruize/openvmm-restore-v1/toolchain/verus-src/source/target-verus/release/verus /home/ruize/.rustup/toolchains/1.94.0-x86_64-unknown-linux-gnu/bin/rustc --crate-name object --edition=2018 /home/ruize/.cargo/registry/src/index.crates.io-1949cf8c6b5b557f/object-0.37.3/src/lib.rs --error-format=json --json=diagnostic-rendered-ansi,artifacts,future-incompat --crate-type lib --emit=dep-info,metadata -C panic=abort -C embed-bitcode=no -C debuginfo=2 '--allow=clippy::uninlined_format_args' '--allow=clippy::type_complexity' '--allow=clippy::single_match' '--allow=clippy::should_implement_trait' '--allow=clippy::result_unit_err' '--allow=clippy::needless_lifetimes' '--allow=clippy::match_like_matches_macro' '--allow=clippy::manual_flatten' '--allow=clippy::field_reassign_with_default' '--allow=clippy::comparison_chain' '--allow=clippy::collapsible_match' '--allow=clippy::collapsible_if' '--allow=clippy::collapsible_else_if' --cfg 'feature="coff"' --cfg 'feature="pe"' --cfg 'feature="read_core"' --cfg 'feature="std"' --check-cfg 'cfg(docsrs,test)' --check-cfg 'cfg(feature, values("all", "alloc", "archive", "build", "build_core", "cargo-all", "coff", "compression", "core", "default", "doc", "elf", "macho", "pe", "read", "read_core", "rustc-dep-of-std", "std", "unaligned", "unstable", "unstable-all", "wasm", "write", "write_core", "write_std", "xcoff"))' -C metadata=cacd1622c0958076 -C extra-filename=-3030a9fa48227a32 --out-dir /home/ruize/openvmm-restore-v1/target/verus-partial/debug/deps -L dependency=/home/ruize/openvmm-restore-v1/target/verus-partial/debug/deps --extern memchr=/home/ruize/openvmm-restore-v1/target/verus-partial/debug/deps/libmemchr-99bfafb4bdcea225.rmeta --cap-lints allow -Cforce-frame-pointers=yes -Csymbol-mangling-version=v0 -Z checksum-hash-algorithm=blake3 --cfg core_error --check-cfg 'cfg(core_error)'`
     Running `/home/ruize/openvmm-restore-v1/target/verus-partial/debug/build/serde-a5986530d74b76f6/build-script-build`
    Checking resource_dll_parser v0.0.0 (/home/ruize/openvmm-restore-v1/support/resource_dll_parser)
     Running `/home/ruize/openvmm-restore-v1/toolchain/verus-src/source/target-verus/release/verus /home/ruize/.rustup/toolchains/1.94.0-x86_64-unknown-linux-gnu/bin/rustc --crate-name resource_dll_parser --edition=2024 support/resource_dll_parser/src/lib.rs --error-format=json --json=diagnostic-rendered-ansi,artifacts,future-incompat --crate-type lib --emit=dep-info,metadata -C panic=abort -C embed-bitcode=no -C debuginfo=2 --warn=rust_2018_idioms --deny=future_incompatible --warn=unused_qualifications --forbid=unsafe_op_in_unsafe_fn --deny=unsafe_code '--warn=clippy::unnecessary_box_returns' '--allow=clippy::uninlined_format_args' --warn=unexpected_cfgs '--warn=clippy::undocumented_unsafe_blocks' '--allow=clippy::type_complexity' '--allow=clippy::too_many_arguments' '--warn=clippy::suboptimal_flops' '--allow=clippy::single_range_in_vec_init' '--warn=clippy::rest_pat_in_fully_bound_structs' '--warn=clippy::ref_option_ref' '--warn=clippy::ref_as_ptr' '--warn=clippy::ptr_cast_constness' '--warn=clippy::ptr_as_ptr' '--warn=clippy::option_option' '--allow=clippy::new_without_default' --warn=missing_docs '--allow=clippy::manual_flatten' '--warn=clippy::macro_use_imports' '--warn=clippy::lossy_float_literal' '--warn=clippy::linkedlist' '--allow=clippy::len_without_is_empty' '--warn=clippy::inefficient_to_string' '--warn=clippy::imprecise_flops' '--warn=clippy::implicit_clone' '--warn=clippy::fn_params_excessive_bools' '--warn=clippy::filter_map_next' '--warn=clippy::debug_assert_with_mut_call' '--warn=clippy::dbg_macro' '--allow=clippy::collapsible_match' '--allow=clippy::collapsible_if' '--allow=clippy::collapsible_else_if' '--allow=clippy::box_default' '--allow=clippy::bool_assert_comparison' '--warn=clippy::allow_attributes' --check-cfg 'cfg(trick_rust_analyzer_into_highlighting_interpolated_bits)' --check-cfg 'cfg(docsrs,test)' --check-cfg 'cfg(feature, values())' -C metadata=0d452dc41bd21a7b -C extra-filename=-987139f6c87622bc --out-dir /home/ruize/openvmm-restore-v1/target/verus-partial/debug/deps -C incremental=/home/ruize/openvmm-restore-v1/target/verus-partial/debug/incremental -L dependency=/home/ruize/openvmm-restore-v1/target/verus-partial/debug/deps --extern anyhow=/home/ruize/openvmm-restore-v1/target/verus-partial/debug/deps/libanyhow-1a1dcdb279f90ff5.rmeta --extern fs_err=/home/ruize/openvmm-restore-v1/target/verus-partial/debug/deps/libfs_err-f20dc713fe9ba4b8.rmeta --extern object=/home/ruize/openvmm-restore-v1/target/verus-partial/debug/deps/libobject-3030a9fa48227a32.rmeta -Cforce-frame-pointers=yes -Csymbol-mangling-version=v0 -Z checksum-hash-algorithm=blake3`
     Running `/home/ruize/openvmm-restore-v1/toolchain/verus-src/source/target-verus/release/verus /home/ruize/.rustup/toolchains/1.94.0-x86_64-unknown-linux-gnu/bin/rustc --crate-name serde --edition=2021 /home/ruize/.cargo/registry/src/index.crates.io-1949cf8c6b5b557f/serde-1.0.228/src/lib.rs --error-format=json --json=diagnostic-rendered-ansi,artifacts,future-incompat --crate-type lib --emit=dep-info,metadata -C panic=abort -C embed-bitcode=no -C debuginfo=2 --cfg 'feature="derive"' --cfg 'feature="serde_derive"' --cfg 'feature="std"' --check-cfg 'cfg(docsrs,test)' --check-cfg 'cfg(feature, values("alloc", "default", "derive", "rc", "serde_derive", "std", "unstable"))' -C metadata=d9a02a8583fdbf88 -C extra-filename=-cb66f7dbd704b9da --out-dir /home/ruize/openvmm-restore-v1/target/verus-partial/debug/deps -L dependency=/home/ruize/openvmm-restore-v1/target/verus-partial/debug/deps --extern serde_core=/home/ruize/openvmm-restore-v1/target/verus-partial/debug/deps/libserde_core-d50559f799714f1c.rmeta --extern serde_derive=/home/ruize/openvmm-restore-v1/target/verus-partial/debug/deps/libserde_derive-9a08a7df6d140dcc.so --cap-lints allow -Cforce-frame-pointers=yes -Csymbol-mangling-version=v0 -Z checksum-hash-algorithm=blake3 --cfg if_docsrs_then_no_serde_core --check-cfg 'cfg(feature, values("result"))' --check-cfg 'cfg(if_docsrs_then_no_serde_core)' --check-cfg 'cfg(no_core_cstr)' --check-cfg 'cfg(no_core_error)' --check-cfg 'cfg(no_core_net)' --check-cfg 'cfg(no_core_num_saturating)' --check-cfg 'cfg(no_diagnostic_namespace)' --check-cfg 'cfg(no_serde_derive)' --check-cfg 'cfg(no_std_atomic)' --check-cfg 'cfg(no_std_atomic64)' --check-cfg 'cfg(no_target_has_atomic)'`
    Checking mesh_node v0.0.0 (/home/ruize/openvmm-restore-v1/support/mesh/mesh_node)
    Checking pal_event v0.0.0 (/home/ruize/openvmm-restore-v1/support/pal/pal_event)
     Running `/home/ruize/openvmm-restore-v1/toolchain/verus-src/source/target-verus/release/verus /home/ruize/.rustup/toolchains/1.94.0-x86_64-unknown-linux-gnu/bin/rustc --crate-name mesh_node --edition=2024 support/mesh/mesh_node/src/lib.rs --error-format=json --json=diagnostic-rendered-ansi,artifacts,future-incompat --crate-type lib --emit=dep-info,metadata -C panic=abort -C embed-bitcode=no -C debuginfo=2 --warn=rust_2018_idioms --deny=future_incompatible --warn=unused_qualifications --forbid=unsafe_op_in_unsafe_fn --deny=unsafe_code '--warn=clippy::unnecessary_box_returns' '--allow=clippy::uninlined_format_args' --warn=unexpected_cfgs '--warn=clippy::undocumented_unsafe_blocks' '--allow=clippy::type_complexity' '--allow=clippy::too_many_arguments' '--warn=clippy::suboptimal_flops' '--allow=clippy::single_range_in_vec_init' '--warn=clippy::rest_pat_in_fully_bound_structs' '--warn=clippy::ref_option_ref' '--warn=clippy::ref_as_ptr' '--warn=clippy::ptr_cast_constness' '--warn=clippy::ptr_as_ptr' '--warn=clippy::option_option' '--allow=clippy::new_without_default' --warn=missing_docs '--allow=clippy::manual_flatten' '--warn=clippy::macro_use_imports' '--warn=clippy::lossy_float_literal' '--warn=clippy::linkedlist' '--allow=clippy::len_without_is_empty' '--warn=clippy::inefficient_to_string' '--warn=clippy::imprecise_flops' '--warn=clippy::implicit_clone' '--warn=clippy::fn_params_excessive_bools' '--warn=clippy::filter_map_next' '--warn=clippy::debug_assert_with_mut_call' '--warn=clippy::dbg_macro' '--allow=clippy::collapsible_match' '--allow=clippy::collapsible_if' '--allow=clippy::collapsible_else_if' '--allow=clippy::box_default' '--allow=clippy::bool_assert_comparison' '--warn=clippy::allow_attributes' --check-cfg 'cfg(trick_rust_analyzer_into_highlighting_interpolated_bits)' --check-cfg 'cfg(docsrs,test)' --check-cfg 'cfg(feature, values())' -C metadata=faba06ada439dccb -C extra-filename=-c0847e2bee7b6afb --out-dir /home/ruize/openvmm-restore-v1/target/verus-partial/debug/deps -C incremental=/home/ruize/openvmm-restore-v1/target/verus-partial/debug/incremental -L dependency=/home/ruize/openvmm-restore-v1/target/verus-partial/debug/deps --extern bitfield_struct=/home/ruize/openvmm-restore-v1/target/verus-partial/debug/deps/libbitfield_struct-338153e689b05499.so --extern futures=/home/ruize/openvmm-restore-v1/target/verus-partial/debug/deps/libfutures-5a1ca119b27a8d6d.rmeta --extern getrandom=/home/ruize/openvmm-restore-v1/target/verus-partial/debug/deps/libgetrandom-26d6fb37d469a72c.rmeta --extern mesh_derive=/home/ruize/openvmm-restore-v1/target/verus-partial/debug/deps/libmesh_derive-e9dcdcea9c6381f2.so --extern mesh_protobuf=/home/ruize/openvmm-restore-v1/target/verus-partial/debug/deps/libmesh_protobuf-5612e213728e73ed.rmeta --extern open_enum=/home/ruize/openvmm-restore-v1/target/verus-partial/debug/deps/libopen_enum-44a4a1432a2a3dff.rmeta --extern parking_lot=/home/ruize/openvmm-restore-v1/target/verus-partial/debug/deps/libparking_lot-3957aa1b9559146d.rmeta --extern thiserror=/home/ruize/openvmm-restore-v1/target/verus-partial/debug/deps/libthiserror-bb5470d7886e4e69.rmeta --extern tracing=/home/ruize/openvmm-restore-v1/target/verus-partial/debug/deps/libtracing-669be71d75ac272a.rmeta --extern zerocopy=/home/ruize/openvmm-restore-v1/target/verus-partial/debug/deps/libzerocopy-2fbbd02099a22f14.rmeta -Cforce-frame-pointers=yes -Csymbol-mangling-version=v0 -Z checksum-hash-algorithm=blake3`
     Running `/home/ruize/openvmm-restore-v1/toolchain/verus-src/source/target-verus/release/verus /home/ruize/.rustup/toolchains/1.94.0-x86_64-unknown-linux-gnu/bin/rustc --crate-name pal_event --edition=2024 support/pal/pal_event/src/lib.rs --error-format=json --json=diagnostic-rendered-ansi,artifacts,future-incompat --crate-type lib --emit=dep-info,metadata -C panic=abort -C embed-bitcode=no -C debuginfo=2 --warn=rust_2018_idioms --deny=future_incompatible --warn=unused_qualifications --forbid=unsafe_op_in_unsafe_fn --deny=unsafe_code '--warn=clippy::unnecessary_box_returns' '--allow=clippy::uninlined_format_args' --warn=unexpected_cfgs '--warn=clippy::undocumented_unsafe_blocks' '--allow=clippy::type_complexity' '--allow=clippy::too_many_arguments' '--warn=clippy::suboptimal_flops' '--allow=clippy::single_range_in_vec_init' '--warn=clippy::rest_pat_in_fully_bound_structs' '--warn=clippy::ref_option_ref' '--warn=clippy::ref_as_ptr' '--warn=clippy::ptr_cast_constness' '--warn=clippy::ptr_as_ptr' '--warn=clippy::option_option' '--allow=clippy::new_without_default' --warn=missing_docs '--allow=clippy::manual_flatten' '--warn=clippy::macro_use_imports' '--warn=clippy::lossy_float_literal' '--warn=clippy::linkedlist' '--allow=clippy::len_without_is_empty' '--warn=clippy::inefficient_to_string' '--warn=clippy::imprecise_flops' '--warn=clippy::implicit_clone' '--warn=clippy::fn_params_excessive_bools' '--warn=clippy::filter_map_next' '--warn=clippy::debug_assert_with_mut_call' '--warn=clippy::dbg_macro' '--allow=clippy::collapsible_match' '--allow=clippy::collapsible_if' '--allow=clippy::collapsible_else_if' '--allow=clippy::box_default' '--allow=clippy::bool_assert_comparison' '--warn=clippy::allow_attributes' --check-cfg 'cfg(trick_rust_analyzer_into_highlighting_interpolated_bits)' --cfg 'feature="mesh"' --check-cfg 'cfg(docsrs,test)' --check-cfg 'cfg(feature, values("mesh"))' -C metadata=32a6c66efa04ce05 -C extra-filename=-ad8314a85626886e --out-dir /home/ruize/openvmm-restore-v1/target/verus-partial/debug/deps -C incremental=/home/ruize/openvmm-restore-v1/target/verus-partial/debug/incremental -L dependency=/home/ruize/openvmm-restore-v1/target/verus-partial/debug/deps --extern libc=/home/ruize/openvmm-restore-v1/target/verus-partial/debug/deps/liblibc-94d8653e1a9f7efa.rmeta --extern mesh_protobuf=/home/ruize/openvmm-restore-v1/target/verus-partial/debug/deps/libmesh_protobuf-5612e213728e73ed.rmeta -Cforce-frame-pointers=yes -Csymbol-mangling-version=v0 -Z checksum-hash-algorithm=blake3`
    Checking pal_async v0.0.0 (/home/ruize/openvmm-restore-v1/support/pal/pal_async)
     Running `/home/ruize/openvmm-restore-v1/toolchain/verus-src/source/target-verus/release/verus /home/ruize/.rustup/toolchains/1.94.0-x86_64-unknown-linux-gnu/bin/rustc --crate-name pal_async --edition=2024 support/pal/pal_async/src/lib.rs --error-format=json --json=diagnostic-rendered-ansi,artifacts,future-incompat --crate-type lib --emit=dep-info,metadata -C panic=abort -C embed-bitcode=no -C debuginfo=2 --warn=rust_2018_idioms --deny=future_incompatible --warn=unused_qualifications --forbid=unsafe_op_in_unsafe_fn --deny=unsafe_code '--warn=clippy::unnecessary_box_returns' '--allow=clippy::uninlined_format_args' --warn=unexpected_cfgs '--warn=clippy::undocumented_unsafe_blocks' '--allow=clippy::type_complexity' '--allow=clippy::too_many_arguments' '--warn=clippy::suboptimal_flops' '--allow=clippy::single_range_in_vec_init' '--warn=clippy::rest_pat_in_fully_bound_structs' '--warn=clippy::ref_option_ref' '--warn=clippy::ref_as_ptr' '--warn=clippy::ptr_cast_constness' '--warn=clippy::ptr_as_ptr' '--warn=clippy::option_option' '--allow=clippy::new_without_default' --warn=missing_docs '--allow=clippy::manual_flatten' '--warn=clippy::macro_use_imports' '--warn=clippy::lossy_float_literal' '--warn=clippy::linkedlist' '--allow=clippy::len_without_is_empty' '--warn=clippy::inefficient_to_string' '--warn=clippy::imprecise_flops' '--warn=clippy::implicit_clone' '--warn=clippy::fn_params_excessive_bools' '--warn=clippy::filter_map_next' '--warn=clippy::debug_assert_with_mut_call' '--warn=clippy::dbg_macro' '--allow=clippy::collapsible_match' '--allow=clippy::collapsible_if' '--allow=clippy::collapsible_else_if' '--allow=clippy::box_default' '--allow=clippy::bool_assert_comparison' '--warn=clippy::allow_attributes' --check-cfg 'cfg(trick_rust_analyzer_into_highlighting_interpolated_bits)' --check-cfg 'cfg(docsrs,test)' --check-cfg 'cfg(feature, values("tests"))' -C metadata=19b134ef02ddb386 -C extra-filename=-dca12e1bbf362961 --out-dir /home/ruize/openvmm-restore-v1/target/verus-partial/debug/deps -C incremental=/home/ruize/openvmm-restore-v1/target/verus-partial/debug/incremental -L dependency=/home/ruize/openvmm-restore-v1/target/verus-partial/debug/deps --extern async_channel=/home/ruize/openvmm-restore-v1/target/verus-partial/debug/deps/libasync_channel-3358593cb01da08f.rmeta --extern async_task=/home/ruize/openvmm-restore-v1/target/verus-partial/debug/deps/libasync_task-ac14c996757c8cd1.rmeta --extern cfg_if=/home/ruize/openvmm-restore-v1/target/verus-partial/debug/deps/libcfg_if-c9a8a9f3a3adcb02.rmeta --extern futures=/home/ruize/openvmm-restore-v1/target/verus-partial/debug/deps/libfutures-5a1ca119b27a8d6d.rmeta --extern io_uring=/home/ruize/openvmm-restore-v1/target/verus-partial/debug/deps/libio_uring-ac6e8ab64cab1d98.rmeta --extern libc=/home/ruize/openvmm-restore-v1/target/verus-partial/debug/deps/liblibc-94d8653e1a9f7efa.rmeta --extern loan_cell=/home/ruize/openvmm-restore-v1/target/verus-partial/debug/deps/libloan_cell-c4f23d0b64506974.rmeta --extern once_cell=/home/ruize/openvmm-restore-v1/target/verus-partial/debug/deps/libonce_cell-e27c432f5fb3cabc.rmeta --extern pal=/home/ruize/openvmm-restore-v1/target/verus-partial/debug/deps/libpal-7c33264d46675559.rmeta --extern pal_async_test=/home/ruize/openvmm-restore-v1/target/verus-partial/debug/deps/libpal_async_test-d876ccf823f52c48.so --extern pal_event=/home/ruize/openvmm-restore-v1/target/verus-partial/debug/deps/libpal_event-ad8314a85626886e.rmeta --extern parking_lot=/home/ruize/openvmm-restore-v1/target/verus-partial/debug/deps/libparking_lot-3957aa1b9559146d.rmeta --extern slab=/home/ruize/openvmm-restore-v1/target/verus-partial/debug/deps/libslab-9bfce0c6112d4e19.rmeta --extern smallbox=/home/ruize/openvmm-restore-v1/target/verus-partial/debug/deps/libsmallbox-90575f6c1a603770.rmeta --extern socket2=/home/ruize/openvmm-restore-v1/target/verus-partial/debug/deps/libsocket2-3aa55e0e73ee4a9d.rmeta --extern unix_socket=/home/ruize/openvmm-restore-v1/target/verus-partial/debug/deps/libunix_socket-57ac83b4ebbd04ed.rmeta --extern vstd=/home/ruize/openvmm-restore-v1/target/verus-partial/debug/deps/libvstd-0b932679964ce3b0.rmeta -Cforce-frame-pointers=yes -Csymbol-mangling-version=v0 -Z checksum-hash-algorithm=blake3`
    Checking vmgs_format v0.0.0 (/home/ruize/openvmm-restore-v1/vm/vmgs/vmgs_format)
     Running `/home/ruize/openvmm-restore-v1/toolchain/verus-src/source/target-verus/release/verus /home/ruize/.rustup/toolchains/1.94.0-x86_64-unknown-linux-gnu/bin/rustc --crate-name vmgs_format --edition=2024 vm/vmgs/vmgs_format/src/lib.rs --error-format=json --json=diagnostic-rendered-ansi,artifacts,future-incompat --crate-type lib --emit=dep-info,metadata -C panic=abort -C embed-bitcode=no -C debuginfo=2 --warn=rust_2018_idioms --deny=future_incompatible --warn=unused_qualifications --forbid=unsafe_op_in_unsafe_fn --deny=unsafe_code '--warn=clippy::unnecessary_box_returns' '--allow=clippy::uninlined_format_args' --warn=unexpected_cfgs '--warn=clippy::undocumented_unsafe_blocks' '--allow=clippy::type_complexity' '--allow=clippy::too_many_arguments' '--warn=clippy::suboptimal_flops' '--allow=clippy::single_range_in_vec_init' '--warn=clippy::rest_pat_in_fully_bound_structs' '--warn=clippy::ref_option_ref' '--warn=clippy::ref_as_ptr' '--warn=clippy::ptr_cast_constness' '--warn=clippy::ptr_as_ptr' '--warn=clippy::option_option' '--allow=clippy::new_without_default' --warn=missing_docs '--allow=clippy::manual_flatten' '--warn=clippy::macro_use_imports' '--warn=clippy::lossy_float_literal' '--warn=clippy::linkedlist' '--allow=clippy::len_without_is_empty' '--warn=clippy::inefficient_to_string' '--warn=clippy::imprecise_flops' '--warn=clippy::implicit_clone' '--warn=clippy::fn_params_excessive_bools' '--warn=clippy::filter_map_next' '--warn=clippy::debug_assert_with_mut_call' '--warn=clippy::dbg_macro' '--allow=clippy::collapsible_match' '--allow=clippy::collapsible_if' '--allow=clippy::collapsible_else_if' '--allow=clippy::box_default' '--allow=clippy::bool_assert_comparison' '--warn=clippy::allow_attributes' --check-cfg 'cfg(trick_rust_analyzer_into_highlighting_interpolated_bits)' --check-cfg 'cfg(docsrs,test)' --check-cfg 'cfg(feature, values("inspect"))' -C metadata=aecc9de143bb6375 -C extra-filename=-82bcf45f30c9392f --out-dir /home/ruize/openvmm-restore-v1/target/verus-partial/debug/deps -C incremental=/home/ruize/openvmm-restore-v1/target/verus-partial/debug/incremental -L dependency=/home/ruize/openvmm-restore-v1/target/verus-partial/debug/deps --extern bitfield_struct=/home/ruize/openvmm-restore-v1/target/verus-partial/debug/deps/libbitfield_struct-338153e689b05499.so --extern open_enum=/home/ruize/openvmm-restore-v1/target/verus-partial/debug/deps/libopen_enum-44a4a1432a2a3dff.rmeta --extern serde=/home/ruize/openvmm-restore-v1/target/verus-partial/debug/deps/libserde-cb66f7dbd704b9da.rmeta --extern static_assertions=/home/ruize/openvmm-restore-v1/target/verus-partial/debug/deps/libstatic_assertions-ea2eb68e8147348e.rmeta --extern zerocopy=/home/ruize/openvmm-restore-v1/target/verus-partial/debug/deps/libzerocopy-2fbbd02099a22f14.rmeta -Cforce-frame-pointers=yes -Csymbol-mangling-version=v0 -Z checksum-hash-algorithm=blake3`
    Checking mesh_channel_core v0.0.0 (/home/ruize/openvmm-restore-v1/support/mesh/mesh_channel_core)
     Running `/home/ruize/openvmm-restore-v1/toolchain/verus-src/source/target-verus/release/verus /home/ruize/.rustup/toolchains/1.94.0-x86_64-unknown-linux-gnu/bin/rustc --crate-name mesh_channel_core --edition=2024 support/mesh/mesh_channel_core/src/lib.rs --error-format=json --json=diagnostic-rendered-ansi,artifacts,future-incompat --crate-type lib --emit=dep-info,metadata -C panic=abort -C embed-bitcode=no -C debuginfo=2 --warn=rust_2018_idioms --deny=future_incompatible --warn=unused_qualifications --forbid=unsafe_op_in_unsafe_fn --deny=unsafe_code '--warn=clippy::unnecessary_box_returns' '--allow=clippy::uninlined_format_args' --warn=unexpected_cfgs '--warn=clippy::undocumented_unsafe_blocks' '--allow=clippy::type_complexity' '--allow=clippy::too_many_arguments' '--warn=clippy::suboptimal_flops' '--allow=clippy::single_range_in_vec_init' '--warn=clippy::rest_pat_in_fully_bound_structs' '--warn=clippy::ref_option_ref' '--warn=clippy::ref_as_ptr' '--warn=clippy::ptr_cast_constness' '--warn=clippy::ptr_as_ptr' '--warn=clippy::option_option' '--allow=clippy::new_without_default' --warn=missing_docs '--allow=clippy::manual_flatten' '--warn=clippy::macro_use_imports' '--warn=clippy::lossy_float_literal' '--warn=clippy::linkedlist' '--allow=clippy::len_without_is_empty' '--warn=clippy::inefficient_to_string' '--warn=clippy::imprecise_flops' '--warn=clippy::implicit_clone' '--warn=clippy::fn_params_excessive_bools' '--warn=clippy::filter_map_next' '--warn=clippy::debug_assert_with_mut_call' '--warn=clippy::dbg_macro' '--allow=clippy::collapsible_match' '--allow=clippy::collapsible_if' '--allow=clippy::collapsible_else_if' '--allow=clippy::box_default' '--allow=clippy::bool_assert_comparison' '--warn=clippy::allow_attributes' --check-cfg 'cfg(trick_rust_analyzer_into_highlighting_interpolated_bits)' --check-cfg 'cfg(docsrs,test)' --check-cfg 'cfg(feature, values())' -C metadata=3d72a1211c436043 -C extra-filename=-2333b6465ca1a63c --out-dir /home/ruize/openvmm-restore-v1/target/verus-partial/debug/deps -C incremental=/home/ruize/openvmm-restore-v1/target/verus-partial/debug/incremental -L dependency=/home/ruize/openvmm-restore-v1/target/verus-partial/debug/deps --extern futures=/home/ruize/openvmm-restore-v1/target/verus-partial/debug/deps/libfutures-5a1ca119b27a8d6d.rmeta --extern mesh_node=/home/ruize/openvmm-restore-v1/target/verus-partial/debug/deps/libmesh_node-c0847e2bee7b6afb.rmeta --extern mesh_protobuf=/home/ruize/openvmm-restore-v1/target/verus-partial/debug/deps/libmesh_protobuf-5612e213728e73ed.rmeta --extern parking_lot=/home/ruize/openvmm-restore-v1/target/verus-partial/debug/deps/libparking_lot-3957aa1b9559146d.rmeta --extern thiserror=/home/ruize/openvmm-restore-v1/target/verus-partial/debug/deps/libthiserror-bb5470d7886e4e69.rmeta --extern tracing=/home/ruize/openvmm-restore-v1/target/verus-partial/debug/deps/libtracing-669be71d75ac272a.rmeta --extern vstd=/home/ruize/openvmm-restore-v1/target/verus-partial/debug/deps/libvstd-0b932679964ce3b0.rmeta -Cforce-frame-pointers=yes -Csymbol-mangling-version=v0 -Z checksum-hash-algorithm=blake3`
    Checking mesh_channel v0.0.0 (/home/ruize/openvmm-restore-v1/support/mesh/mesh_channel)
     Running `/home/ruize/openvmm-restore-v1/toolchain/verus-src/source/target-verus/release/verus /home/ruize/.rustup/toolchains/1.94.0-x86_64-unknown-linux-gnu/bin/rustc --crate-name mesh_channel --edition=2024 support/mesh/mesh_channel/src/lib.rs --error-format=json --json=diagnostic-rendered-ansi,artifacts,future-incompat --crate-type lib --emit=dep-info,metadata -C panic=abort -C embed-bitcode=no -C debuginfo=2 --warn=rust_2018_idioms --deny=future_incompatible --warn=unused_qualifications --forbid=unsafe_op_in_unsafe_fn --deny=unsafe_code '--warn=clippy::unnecessary_box_returns' '--allow=clippy::uninlined_format_args' --warn=unexpected_cfgs '--warn=clippy::undocumented_unsafe_blocks' '--allow=clippy::type_complexity' '--allow=clippy::too_many_arguments' '--warn=clippy::suboptimal_flops' '--allow=clippy::single_range_in_vec_init' '--warn=clippy::rest_pat_in_fully_bound_structs' '--warn=clippy::ref_option_ref' '--warn=clippy::ref_as_ptr' '--warn=clippy::ptr_cast_constness' '--warn=clippy::ptr_as_ptr' '--warn=clippy::option_option' '--allow=clippy::new_without_default' --warn=missing_docs '--allow=clippy::manual_flatten' '--warn=clippy::macro_use_imports' '--warn=clippy::lossy_float_literal' '--warn=clippy::linkedlist' '--allow=clippy::len_without_is_empty' '--warn=clippy::inefficient_to_string' '--warn=clippy::imprecise_flops' '--warn=clippy::implicit_clone' '--warn=clippy::fn_params_excessive_bools' '--warn=clippy::filter_map_next' '--warn=clippy::debug_assert_with_mut_call' '--warn=clippy::dbg_macro' '--allow=clippy::collapsible_match' '--allow=clippy::collapsible_if' '--allow=clippy::collapsible_else_if' '--allow=clippy::box_default' '--allow=clippy::bool_assert_comparison' '--warn=clippy::allow_attributes' --check-cfg 'cfg(trick_rust_analyzer_into_highlighting_interpolated_bits)' --check-cfg 'cfg(docsrs,test)' --check-cfg 'cfg(feature, values())' -C metadata=ca201a825572790c -C extra-filename=-b65d911bbe7c79d8 --out-dir /home/ruize/openvmm-restore-v1/target/verus-partial/debug/deps -C incremental=/home/ruize/openvmm-restore-v1/target/verus-partial/debug/incremental -L dependency=/home/ruize/openvmm-restore-v1/target/verus-partial/debug/deps --extern futures=/home/ruize/openvmm-restore-v1/target/verus-partial/debug/deps/libfutures-5a1ca119b27a8d6d.rmeta --extern mesh_channel_core=/home/ruize/openvmm-restore-v1/target/verus-partial/debug/deps/libmesh_channel_core-2333b6465ca1a63c.rmeta --extern mesh_node=/home/ruize/openvmm-restore-v1/target/verus-partial/debug/deps/libmesh_node-c0847e2bee7b6afb.rmeta --extern mesh_protobuf=/home/ruize/openvmm-restore-v1/target/verus-partial/debug/deps/libmesh_protobuf-5612e213728e73ed.rmeta --extern parking_lot=/home/ruize/openvmm-restore-v1/target/verus-partial/debug/deps/libparking_lot-3957aa1b9559146d.rmeta --extern thiserror=/home/ruize/openvmm-restore-v1/target/verus-partial/debug/deps/libthiserror-bb5470d7886e4e69.rmeta --extern tracing=/home/ruize/openvmm-restore-v1/target/verus-partial/debug/deps/libtracing-669be71d75ac272a.rmeta --extern vstd=/home/ruize/openvmm-restore-v1/target/verus-partial/debug/deps/libvstd-0b932679964ce3b0.rmeta -Cforce-frame-pointers=yes -Csymbol-mangling-version=v0 -Z checksum-hash-algorithm=blake3`
    Checking mesh v0.0.0 (/home/ruize/openvmm-restore-v1/support/mesh)
     Running `/home/ruize/openvmm-restore-v1/toolchain/verus-src/source/target-verus/release/verus /home/ruize/.rustup/toolchains/1.94.0-x86_64-unknown-linux-gnu/bin/rustc --crate-name mesh --edition=2024 support/mesh/src/lib.rs --error-format=json --json=diagnostic-rendered-ansi,artifacts,future-incompat --crate-type lib --emit=dep-info,metadata -C panic=abort -C embed-bitcode=no -C debuginfo=2 --warn=rust_2018_idioms --deny=future_incompatible --warn=unused_qualifications --forbid=unsafe_op_in_unsafe_fn --deny=unsafe_code '--warn=clippy::unnecessary_box_returns' '--allow=clippy::uninlined_format_args' --warn=unexpected_cfgs '--warn=clippy::undocumented_unsafe_blocks' '--allow=clippy::type_complexity' '--allow=clippy::too_many_arguments' '--warn=clippy::suboptimal_flops' '--allow=clippy::single_range_in_vec_init' '--warn=clippy::rest_pat_in_fully_bound_structs' '--warn=clippy::ref_option_ref' '--warn=clippy::ref_as_ptr' '--warn=clippy::ptr_cast_constness' '--warn=clippy::ptr_as_ptr' '--warn=clippy::option_option' '--allow=clippy::new_without_default' --warn=missing_docs '--allow=clippy::manual_flatten' '--warn=clippy::macro_use_imports' '--warn=clippy::lossy_float_literal' '--warn=clippy::linkedlist' '--allow=clippy::len_without_is_empty' '--warn=clippy::inefficient_to_string' '--warn=clippy::imprecise_flops' '--warn=clippy::implicit_clone' '--warn=clippy::fn_params_excessive_bools' '--warn=clippy::filter_map_next' '--warn=clippy::debug_assert_with_mut_call' '--warn=clippy::dbg_macro' '--allow=clippy::collapsible_match' '--allow=clippy::collapsible_if' '--allow=clippy::collapsible_else_if' '--allow=clippy::box_default' '--allow=clippy::bool_assert_comparison' '--warn=clippy::allow_attributes' --check-cfg 'cfg(trick_rust_analyzer_into_highlighting_interpolated_bits)' --cfg 'feature="default"' --check-cfg 'cfg(docsrs,test)' --check-cfg 'cfg(feature, values("default", "prost", "socket2"))' -C metadata=6dcc80ef0ac46895 -C extra-filename=-57a4fc15b8866963 --out-dir /home/ruize/openvmm-restore-v1/target/verus-partial/debug/deps -C incremental=/home/ruize/openvmm-restore-v1/target/verus-partial/debug/incremental -L dependency=/home/ruize/openvmm-restore-v1/target/verus-partial/debug/deps --extern mesh_channel=/home/ruize/openvmm-restore-v1/target/verus-partial/debug/deps/libmesh_channel-b65d911bbe7c79d8.rmeta --extern mesh_derive=/home/ruize/openvmm-restore-v1/target/verus-partial/debug/deps/libmesh_derive-e9dcdcea9c6381f2.so --extern mesh_node=/home/ruize/openvmm-restore-v1/target/verus-partial/debug/deps/libmesh_node-c0847e2bee7b6afb.rmeta --extern mesh_protobuf=/home/ruize/openvmm-restore-v1/target/verus-partial/debug/deps/libmesh_protobuf-5612e213728e73ed.rmeta -Cforce-frame-pointers=yes -Csymbol-mangling-version=v0 -Z checksum-hash-algorithm=blake3`
    Checking inspect v0.0.0 (/home/ruize/openvmm-restore-v1/support/inspect)
    Checking openvmm_pcat_locator v0.0.0 (/home/ruize/openvmm-restore-v1/openvmm/openvmm_pcat_locator)
     Running `/home/ruize/openvmm-restore-v1/toolchain/verus-src/source/target-verus/release/verus /home/ruize/.rustup/toolchains/1.94.0-x86_64-unknown-linux-gnu/bin/rustc --crate-name inspect --edition=2024 support/inspect/src/lib.rs --error-format=json --json=diagnostic-rendered-ansi,artifacts,future-incompat --crate-type lib --emit=dep-info,metadata -C panic=abort -C embed-bitcode=no -C debuginfo=2 --warn=rust_2018_idioms --deny=future_incompatible --warn=unused_qualifications --forbid=unsafe_op_in_unsafe_fn --deny=unsafe_code '--warn=clippy::unnecessary_box_returns' '--allow=clippy::uninlined_format_args' --warn=unexpected_cfgs '--warn=clippy::undocumented_unsafe_blocks' '--allow=clippy::type_complexity' '--allow=clippy::too_many_arguments' '--warn=clippy::suboptimal_flops' '--allow=clippy::single_range_in_vec_init' '--warn=clippy::rest_pat_in_fully_bound_structs' '--warn=clippy::ref_option_ref' '--warn=clippy::ref_as_ptr' '--warn=clippy::ptr_cast_constness' '--warn=clippy::ptr_as_ptr' '--warn=clippy::option_option' '--allow=clippy::new_without_default' --warn=missing_docs '--allow=clippy::manual_flatten' '--warn=clippy::macro_use_imports' '--warn=clippy::lossy_float_literal' '--warn=clippy::linkedlist' '--allow=clippy::len_without_is_empty' '--warn=clippy::inefficient_to_string' '--warn=clippy::imprecise_flops' '--warn=clippy::implicit_clone' '--warn=clippy::fn_params_excessive_bools' '--warn=clippy::filter_map_next' '--warn=clippy::debug_assert_with_mut_call' '--warn=clippy::dbg_macro' '--allow=clippy::collapsible_match' '--allow=clippy::collapsible_if' '--allow=clippy::collapsible_else_if' '--allow=clippy::box_default' '--allow=clippy::bool_assert_comparison' '--warn=clippy::allow_attributes' --check-cfg 'cfg(trick_rust_analyzer_into_highlighting_interpolated_bits)' --cfg 'feature="defer"' --cfg 'feature="derive"' --cfg 'feature="inspect_derive"' --cfg 'feature="std"' --check-cfg 'cfg(docsrs,test)' --check-cfg 'cfg(feature, values("arbitrary", "default", "defer", "derive", "filepath", "initiate", "inspect_derive", "std"))' -C metadata=f4cbbc82fc817ee3 -C extra-filename=-73522c66cc8d2005 --out-dir /home/ruize/openvmm-restore-v1/target/verus-partial/debug/deps -C incremental=/home/ruize/openvmm-restore-v1/target/verus-partial/debug/incremental -L dependency=/home/ruize/openvmm-restore-v1/target/verus-partial/debug/deps --extern bitfield_struct=/home/ruize/openvmm-restore-v1/target/verus-partial/debug/deps/libbitfield_struct-338153e689b05499.so --extern inspect_derive=/home/ruize/openvmm-restore-v1/target/verus-partial/debug/deps/libinspect_derive-f4ec8f9037f1c67a.so --extern mesh=/home/ruize/openvmm-restore-v1/target/verus-partial/debug/deps/libmesh-57a4fc15b8866963.rmeta --extern parking_lot=/home/ruize/openvmm-restore-v1/target/verus-partial/debug/deps/libparking_lot-3957aa1b9559146d.rmeta -Cforce-frame-pointers=yes -Csymbol-mangling-version=v0 -Z checksum-hash-algorithm=blake3`
     Running `/home/ruize/openvmm-restore-v1/toolchain/verus-src/source/target-verus/release/verus /home/ruize/.rustup/toolchains/1.94.0-x86_64-unknown-linux-gnu/bin/rustc --crate-name openvmm_pcat_locator --edition=2024 openvmm/openvmm_pcat_locator/src/lib.rs --error-format=json --json=diagnostic-rendered-ansi,artifacts,future-incompat --crate-type lib --emit=dep-info,metadata -C panic=abort -C embed-bitcode=no -C debuginfo=2 --warn=rust_2018_idioms --deny=future_incompatible --warn=unused_qualifications --forbid=unsafe_op_in_unsafe_fn --deny=unsafe_code '--warn=clippy::unnecessary_box_returns' '--allow=clippy::uninlined_format_args' --warn=unexpected_cfgs '--warn=clippy::undocumented_unsafe_blocks' '--allow=clippy::type_complexity' '--allow=clippy::too_many_arguments' '--warn=clippy::suboptimal_flops' '--allow=clippy::single_range_in_vec_init' '--warn=clippy::rest_pat_in_fully_bound_structs' '--warn=clippy::ref_option_ref' '--warn=clippy::ref_as_ptr' '--warn=clippy::ptr_cast_constness' '--warn=clippy::ptr_as_ptr' '--warn=clippy::option_option' '--allow=clippy::new_without_default' --warn=missing_docs '--allow=clippy::manual_flatten' '--warn=clippy::macro_use_imports' '--warn=clippy::lossy_float_literal' '--warn=clippy::linkedlist' '--allow=clippy::len_without_is_empty' '--warn=clippy::inefficient_to_string' '--warn=clippy::imprecise_flops' '--warn=clippy::implicit_clone' '--warn=clippy::fn_params_excessive_bools' '--warn=clippy::filter_map_next' '--warn=clippy::debug_assert_with_mut_call' '--warn=clippy::dbg_macro' '--allow=clippy::collapsible_match' '--allow=clippy::collapsible_if' '--allow=clippy::collapsible_else_if' '--allow=clippy::box_default' '--allow=clippy::bool_assert_comparison' '--warn=clippy::allow_attributes' --check-cfg 'cfg(trick_rust_analyzer_into_highlighting_interpolated_bits)' --check-cfg 'cfg(docsrs,test)' --check-cfg 'cfg(feature, values())' -C metadata=0d406fc313a1f337 -C extra-filename=-5c58e414738b37e3 --out-dir /home/ruize/openvmm-restore-v1/target/verus-partial/debug/deps -C incremental=/home/ruize/openvmm-restore-v1/target/verus-partial/debug/incremental -L dependency=/home/ruize/openvmm-restore-v1/target/verus-partial/debug/deps --extern anyhow=/home/ruize/openvmm-restore-v1/target/verus-partial/debug/deps/libanyhow-1a1dcdb279f90ff5.rmeta --extern fs_err=/home/ruize/openvmm-restore-v1/target/verus-partial/debug/deps/libfs_err-f20dc713fe9ba4b8.rmeta --extern mesh=/home/ruize/openvmm-restore-v1/target/verus-partial/debug/deps/libmesh-57a4fc15b8866963.rmeta --extern resource_dll_parser=/home/ruize/openvmm-restore-v1/target/verus-partial/debug/deps/libresource_dll_parser-987139f6c87622bc.rmeta --extern tracing=/home/ruize/openvmm-restore-v1/target/verus-partial/debug/deps/libtracing-669be71d75ac272a.rmeta -Cforce-frame-pointers=yes -Csymbol-mangling-version=v0 -Z checksum-hash-algorithm=blake3`
    Checking vm_resource v0.0.0 (/home/ruize/openvmm-restore-v1/vm/vmcore/vm_resource)
    Checking guestmem v0.0.0 (/home/ruize/openvmm-restore-v1/vm/vmcore/guestmem)
    Checking tdisp_proto v0.0.0 (/home/ruize/openvmm-restore-v1/vm/devices/tdisp_proto)
    Checking memory_range v0.0.0 (/home/ruize/openvmm-restore-v1/vm/vmcore/memory_range)
    Checking local_clock v0.0.0 (/home/ruize/openvmm-restore-v1/support/local_clock)
    Checking guid v0.0.0 (/home/ruize/openvmm-restore-v1/support/guid)
    Checking inspect_counters v0.0.0 (/home/ruize/openvmm-restore-v1/support/inspect_counters)
    Checking address_filter v0.0.0 (/home/ruize/openvmm-restore-v1/support/address_filter)
    Checking mesh_worker v0.0.0 (/home/ruize/openvmm-restore-v1/support/mesh/mesh_worker)
     Running `/home/ruize/openvmm-restore-v1/toolchain/verus-src/source/target-verus/release/verus /home/ruize/.rustup/toolchains/1.94.0-x86_64-unknown-linux-gnu/bin/rustc --crate-name tdisp_proto --edition=2024 vm/devices/tdisp_proto/src/lib.rs --error-format=json --json=diagnostic-rendered-ansi,artifacts,future-incompat --crate-type lib --emit=dep-info,metadata -C panic=abort -C embed-bitcode=no -C debuginfo=2 --warn=rust_2018_idioms --deny=future_incompatible --warn=unused_qualifications --forbid=unsafe_op_in_unsafe_fn --deny=unsafe_code '--warn=clippy::unnecessary_box_returns' '--allow=clippy::uninlined_format_args' --warn=unexpected_cfgs '--warn=clippy::undocumented_unsafe_blocks' '--allow=clippy::type_complexity' '--allow=clippy::too_many_arguments' '--warn=clippy::suboptimal_flops' '--allow=clippy::single_range_in_vec_init' '--warn=clippy::rest_pat_in_fully_bound_structs' '--warn=clippy::ref_option_ref' '--warn=clippy::ref_as_ptr' '--warn=clippy::ptr_cast_constness' '--warn=clippy::ptr_as_ptr' '--warn=clippy::option_option' '--allow=clippy::new_without_default' --warn=missing_docs '--allow=clippy::manual_flatten' '--warn=clippy::macro_use_imports' '--warn=clippy::lossy_float_literal' '--warn=clippy::linkedlist' '--allow=clippy::len_without_is_empty' '--warn=clippy::inefficient_to_string' '--warn=clippy::imprecise_flops' '--warn=clippy::implicit_clone' '--warn=clippy::fn_params_excessive_bools' '--warn=clippy::filter_map_next' '--warn=clippy::debug_assert_with_mut_call' '--warn=clippy::dbg_macro' '--allow=clippy::collapsible_match' '--allow=clippy::collapsible_if' '--allow=clippy::collapsible_else_if' '--allow=clippy::box_default' '--allow=clippy::bool_assert_comparison' '--warn=clippy::allow_attributes' --check-cfg 'cfg(trick_rust_analyzer_into_highlighting_interpolated_bits)' --check-cfg 'cfg(docsrs,test)' --check-cfg 'cfg(feature, values())' -C metadata=fa27b29dbd3df3a1 -C extra-filename=-6922f6a5d8c30323 --out-dir /home/ruize/openvmm-restore-v1/target/verus-partial/debug/deps -C incremental=/home/ruize/openvmm-restore-v1/target/verus-partial/debug/incremental -L dependency=/home/ruize/openvmm-restore-v1/target/verus-partial/debug/deps --extern inspect=/home/ruize/openvmm-restore-v1/target/verus-partial/debug/deps/libinspect-73522c66cc8d2005.rmeta --extern prost=/home/ruize/openvmm-restore-v1/target/verus-partial/debug/deps/libprost-2ea7cd7b9ee3329b.rmeta --extern thiserror=/home/ruize/openvmm-restore-v1/target/verus-partial/debug/deps/libthiserror-bb5470d7886e4e69.rmeta -Cforce-frame-pointers=yes -Csymbol-mangling-version=v0 -Z checksum-hash-algorithm=blake3`
     Running `/home/ruize/openvmm-restore-v1/toolchain/verus-src/source/target-verus/release/verus /home/ruize/.rustup/toolchains/1.94.0-x86_64-unknown-linux-gnu/bin/rustc --crate-name vm_resource --edition=2024 vm/vmcore/vm_resource/src/lib.rs --error-format=json --json=diagnostic-rendered-ansi,artifacts,future-incompat --crate-type lib --emit=dep-info,metadata -C panic=abort -C embed-bitcode=no -C debuginfo=2 --warn=rust_2018_idioms --deny=future_incompatible --warn=unused_qualifications --forbid=unsafe_op_in_unsafe_fn --deny=unsafe_code '--warn=clippy::unnecessary_box_returns' '--allow=clippy::uninlined_format_args' --warn=unexpected_cfgs '--warn=clippy::undocumented_unsafe_blocks' '--allow=clippy::type_complexity' '--allow=clippy::too_many_arguments' '--warn=clippy::suboptimal_flops' '--allow=clippy::single_range_in_vec_init' '--warn=clippy::rest_pat_in_fully_bound_structs' '--warn=clippy::ref_option_ref' '--warn=clippy::ref_as_ptr' '--warn=clippy::ptr_cast_constness' '--warn=clippy::ptr_as_ptr' '--warn=clippy::option_option' '--allow=clippy::new_without_default' --warn=missing_docs '--allow=clippy::manual_flatten' '--warn=clippy::macro_use_imports' '--warn=clippy::lossy_float_literal' '--warn=clippy::linkedlist' '--allow=clippy::len_without_is_empty' '--warn=clippy::inefficient_to_string' '--warn=clippy::imprecise_flops' '--warn=clippy::implicit_clone' '--warn=clippy::fn_params_excessive_bools' '--warn=clippy::filter_map_next' '--warn=clippy::debug_assert_with_mut_call' '--warn=clippy::dbg_macro' '--allow=clippy::collapsible_match' '--allow=clippy::collapsible_if' '--allow=clippy::collapsible_else_if' '--allow=clippy::box_default' '--allow=clippy::bool_assert_comparison' '--warn=clippy::allow_attributes' --check-cfg 'cfg(trick_rust_analyzer_into_highlighting_interpolated_bits)' --check-cfg 'cfg(docsrs,test)' --check-cfg 'cfg(feature, values())' -C metadata=b91e0bad6daf9fd4 -C extra-filename=-993cabff7fd1557b --out-dir /home/ruize/openvmm-restore-v1/target/verus-partial/debug/deps -C incremental=/home/ruize/openvmm-restore-v1/target/verus-partial/debug/incremental -L dependency=/home/ruize/openvmm-restore-v1/target/verus-partial/debug/deps --extern async_trait=/home/ruize/openvmm-restore-v1/target/verus-partial/debug/deps/libasync_trait-c5f6c49640f81610.so --extern inspect=/home/ruize/openvmm-restore-v1/target/verus-partial/debug/deps/libinspect-73522c66cc8d2005.rmeta --extern linkme=/home/ruize/openvmm-restore-v1/target/verus-partial/debug/deps/liblinkme-b30cbb555eeb2a20.rmeta --extern mesh=/home/ruize/openvmm-restore-v1/target/verus-partial/debug/deps/libmesh-57a4fc15b8866963.rmeta --extern thiserror=/home/ruize/openvmm-restore-v1/target/verus-partial/debug/deps/libthiserror-bb5470d7886e4e69.rmeta -Cforce-frame-pointers=yes -Csymbol-mangling-version=v0 -Z checksum-hash-algorithm=blake3`
     Running `/home/ruize/openvmm-restore-v1/toolchain/verus-src/source/target-verus/release/verus /home/ruize/.rustup/toolchains/1.94.0-x86_64-unknown-linux-gnu/bin/rustc --crate-name guestmem --edition=2024 vm/vmcore/guestmem/src/lib.rs --error-format=json --json=diagnostic-rendered-ansi,artifacts,future-incompat --crate-type lib --emit=dep-info,metadata -C panic=abort -C embed-bitcode=no -C debuginfo=2 --warn=rust_2018_idioms --deny=future_incompatible --warn=unused_qualifications --forbid=unsafe_op_in_unsafe_fn --deny=unsafe_code '--warn=clippy::unnecessary_box_returns' '--allow=clippy::uninlined_format_args' --warn=unexpected_cfgs '--warn=clippy::undocumented_unsafe_blocks' '--allow=clippy::type_complexity' '--allow=clippy::too_many_arguments' '--warn=clippy::suboptimal_flops' '--allow=clippy::single_range_in_vec_init' '--warn=clippy::rest_pat_in_fully_bound_structs' '--warn=clippy::ref_option_ref' '--warn=clippy::ref_as_ptr' '--warn=clippy::ptr_cast_constness' '--warn=clippy::ptr_as_ptr' '--warn=clippy::option_option' '--allow=clippy::new_without_default' --warn=missing_docs '--allow=clippy::manual_flatten' '--warn=clippy::macro_use_imports' '--warn=clippy::lossy_float_literal' '--warn=clippy::linkedlist' '--allow=clippy::len_without_is_empty' '--warn=clippy::inefficient_to_string' '--warn=clippy::imprecise_flops' '--warn=clippy::implicit_clone' '--warn=clippy::fn_params_excessive_bools' '--warn=clippy::filter_map_next' '--warn=clippy::debug_assert_with_mut_call' '--warn=clippy::dbg_macro' '--allow=clippy::collapsible_match' '--allow=clippy::collapsible_if' '--allow=clippy::collapsible_else_if' '--allow=clippy::box_default' '--allow=clippy::bool_assert_comparison' '--warn=clippy::allow_attributes' --check-cfg 'cfg(trick_rust_analyzer_into_highlighting_interpolated_bits)' --check-cfg 'cfg(docsrs,test)' --check-cfg 'cfg(feature, values("bitmap"))' -C metadata=814fa21acc4ce31d -C extra-filename=-733728c3bca7fa9f --out-dir /home/ruize/openvmm-restore-v1/target/verus-partial/debug/deps -C incremental=/home/ruize/openvmm-restore-v1/target/verus-partial/debug/incremental -L dependency=/home/ruize/openvmm-restore-v1/target/verus-partial/debug/deps --extern inspect=/home/ruize/openvmm-restore-v1/target/verus-partial/debug/deps/libinspect-73522c66cc8d2005.rmeta --extern pal_event=/home/ruize/openvmm-restore-v1/target/verus-partial/debug/deps/libpal_event-ad8314a85626886e.rmeta --extern sparse_mmap=/home/ruize/openvmm-restore-v1/target/verus-partial/debug/deps/libsparse_mmap-e236a47d6ff2e9ae.rmeta --extern thiserror=/home/ruize/openvmm-restore-v1/target/verus-partial/debug/deps/libthiserror-bb5470d7886e4e69.rmeta --extern trycopy=/home/ruize/openvmm-restore-v1/target/verus-partial/debug/deps/libtrycopy-70a899956c8db2b7.rmeta --extern zerocopy=/home/ruize/openvmm-restore-v1/target/verus-partial/debug/deps/libzerocopy-2fbbd02099a22f14.rmeta -Cforce-frame-pointers=yes -Csymbol-mangling-version=v0 -Z checksum-hash-algorithm=blake3`
     Running `/home/ruize/openvmm-restore-v1/toolchain/verus-src/source/target-verus/release/verus /home/ruize/.rustup/toolchains/1.94.0-x86_64-unknown-linux-gnu/bin/rustc --crate-name local_clock --edition=2024 support/local_clock/src/lib.rs --error-format=json --json=diagnostic-rendered-ansi,artifacts,future-incompat --crate-type lib --emit=dep-info,metadata -C panic=abort -C embed-bitcode=no -C debuginfo=2 --warn=rust_2018_idioms --deny=future_incompatible --warn=unused_qualifications --forbid=unsafe_op_in_unsafe_fn --deny=unsafe_code '--warn=clippy::unnecessary_box_returns' '--allow=clippy::uninlined_format_args' --warn=unexpected_cfgs '--warn=clippy::undocumented_unsafe_blocks' '--allow=clippy::type_complexity' '--allow=clippy::too_many_arguments' '--warn=clippy::suboptimal_flops' '--allow=clippy::single_range_in_vec_init' '--warn=clippy::rest_pat_in_fully_bound_structs' '--warn=clippy::ref_option_ref' '--warn=clippy::ref_as_ptr' '--warn=clippy::ptr_cast_constness' '--warn=clippy::ptr_as_ptr' '--warn=clippy::option_option' '--allow=clippy::new_without_default' --warn=missing_docs '--allow=clippy::manual_flatten' '--warn=clippy::macro_use_imports' '--warn=clippy::lossy_float_literal' '--warn=clippy::linkedlist' '--allow=clippy::len_without_is_empty' '--warn=clippy::inefficient_to_string' '--warn=clippy::imprecise_flops' '--warn=clippy::implicit_clone' '--warn=clippy::fn_params_excessive_bools' '--warn=clippy::filter_map_next' '--warn=clippy::debug_assert_with_mut_call' '--warn=clippy::dbg_macro' '--allow=clippy::collapsible_match' '--allow=clippy::collapsible_if' '--allow=clippy::collapsible_else_if' '--allow=clippy::box_default' '--allow=clippy::bool_assert_comparison' '--warn=clippy::allow_attributes' --check-cfg 'cfg(trick_rust_analyzer_into_highlighting_interpolated_bits)' --cfg 'feature="default"' --cfg 'feature="inspect"' --cfg 'feature="jiff_exts"' --check-cfg 'cfg(docsrs,test)' --check-cfg 'cfg(feature, values("default", "inspect", "jiff_exts"))' -C metadata=16e8a1c812f54d00 -C extra-filename=-b85afab63c7df6af --out-dir /home/ruize/openvmm-restore-v1/target/verus-partial/debug/deps -C incremental=/home/ruize/openvmm-restore-v1/target/verus-partial/debug/incremental -L dependency=/home/ruize/openvmm-restore-v1/target/verus-partial/debug/deps --extern inspect=/home/ruize/openvmm-restore-v1/target/verus-partial/debug/deps/libinspect-73522c66cc8d2005.rmeta --extern jiff=/home/ruize/openvmm-restore-v1/target/verus-partial/debug/deps/libjiff-d1f1b3ec3aa4156b.rmeta --extern parking_lot=/home/ruize/openvmm-restore-v1/target/verus-partial/debug/deps/libparking_lot-3957aa1b9559146d.rmeta -Cforce-frame-pointers=yes -Csymbol-mangling-version=v0 -Z checksum-hash-algorithm=blake3`
     Running `/home/ruize/openvmm-restore-v1/toolchain/verus-src/source/target-verus/release/verus /home/ruize/.rustup/toolchains/1.94.0-x86_64-unknown-linux-gnu/bin/rustc --crate-name memory_range --edition=2024 vm/vmcore/memory_range/src/lib.rs --error-format=json --json=diagnostic-rendered-ansi,artifacts,future-incompat --crate-type lib --emit=dep-info,metadata -C panic=abort -C embed-bitcode=no -C debuginfo=2 --warn=rust_2018_idioms --deny=future_incompatible --warn=unused_qualifications --forbid=unsafe_op_in_unsafe_fn --deny=unsafe_code '--warn=clippy::unnecessary_box_returns' '--allow=clippy::uninlined_format_args' --warn=unexpected_cfgs '--warn=clippy::undocumented_unsafe_blocks' '--allow=clippy::type_complexity' '--allow=clippy::too_many_arguments' '--warn=clippy::suboptimal_flops' '--allow=clippy::single_range_in_vec_init' '--warn=clippy::rest_pat_in_fully_bound_structs' '--warn=clippy::ref_option_ref' '--warn=clippy::ref_as_ptr' '--warn=clippy::ptr_cast_constness' '--warn=clippy::ptr_as_ptr' '--warn=clippy::option_option' '--allow=clippy::new_without_default' --warn=missing_docs '--allow=clippy::manual_flatten' '--warn=clippy::macro_use_imports' '--warn=clippy::lossy_float_literal' '--warn=clippy::linkedlist' '--allow=clippy::len_without_is_empty' '--warn=clippy::inefficient_to_string' '--warn=clippy::imprecise_flops' '--warn=clippy::implicit_clone' '--warn=clippy::fn_params_excessive_bools' '--warn=clippy::filter_map_next' '--warn=clippy::debug_assert_with_mut_call' '--warn=clippy::dbg_macro' '--allow=clippy::collapsible_match' '--allow=clippy::collapsible_if' '--allow=clippy::collapsible_else_if' '--allow=clippy::box_default' '--allow=clippy::bool_assert_comparison' '--warn=clippy::allow_attributes' --check-cfg 'cfg(trick_rust_analyzer_into_highlighting_interpolated_bits)' --cfg 'feature="inspect"' --cfg 'feature="mesh"' --check-cfg 'cfg(docsrs,test)' --check-cfg 'cfg(feature, values("inspect", "mesh"))' -C metadata=9ca92ff0c9b93943 -C extra-filename=-15ee9310ad9fd0ca --out-dir /home/ruize/openvmm-restore-v1/target/verus-partial/debug/deps -C incremental=/home/ruize/openvmm-restore-v1/target/verus-partial/debug/incremental -L dependency=/home/ruize/openvmm-restore-v1/target/verus-partial/debug/deps --extern inspect=/home/ruize/openvmm-restore-v1/target/verus-partial/debug/deps/libinspect-73522c66cc8d2005.rmeta --extern mesh_protobuf=/home/ruize/openvmm-restore-v1/target/verus-partial/debug/deps/libmesh_protobuf-5612e213728e73ed.rmeta --extern thiserror=/home/ruize/openvmm-restore-v1/target/verus-partial/debug/deps/libthiserror-bb5470d7886e4e69.rmeta -Cforce-frame-pointers=yes -Csymbol-mangling-version=v0 -Z checksum-hash-algorithm=blake3`
     Running `/home/ruize/openvmm-restore-v1/toolchain/verus-src/source/target-verus/release/verus /home/ruize/.rustup/toolchains/1.94.0-x86_64-unknown-linux-gnu/bin/rustc --crate-name guid --edition=2024 support/guid/src/lib.rs --error-format=json --json=diagnostic-rendered-ansi,artifacts,future-incompat --crate-type lib --emit=dep-info,metadata -C panic=abort -C embed-bitcode=no -C debuginfo=2 --warn=rust_2018_idioms --deny=future_incompatible --warn=unused_qualifications --forbid=unsafe_op_in_unsafe_fn --deny=unsafe_code '--warn=clippy::unnecessary_box_returns' '--allow=clippy::uninlined_format_args' --warn=unexpected_cfgs '--warn=clippy::undocumented_unsafe_blocks' '--allow=clippy::type_complexity' '--allow=clippy::too_many_arguments' '--warn=clippy::suboptimal_flops' '--allow=clippy::single_range_in_vec_init' '--warn=clippy::rest_pat_in_fully_bound_structs' '--warn=clippy::ref_option_ref' '--warn=clippy::ref_as_ptr' '--warn=clippy::ptr_cast_constness' '--warn=clippy::ptr_as_ptr' '--warn=clippy::option_option' '--allow=clippy::new_without_default' --warn=missing_docs '--allow=clippy::manual_flatten' '--warn=clippy::macro_use_imports' '--warn=clippy::lossy_float_literal' '--warn=clippy::linkedlist' '--allow=clippy::len_without_is_empty' '--warn=clippy::inefficient_to_string' '--warn=clippy::imprecise_flops' '--warn=clippy::implicit_clone' '--warn=clippy::fn_params_excessive_bools' '--warn=clippy::filter_map_next' '--warn=clippy::debug_assert_with_mut_call' '--warn=clippy::dbg_macro' '--allow=clippy::collapsible_match' '--allow=clippy::collapsible_if' '--allow=clippy::collapsible_else_if' '--allow=clippy::box_default' '--allow=clippy::bool_assert_comparison' '--warn=clippy::allow_attributes' --check-cfg 'cfg(trick_rust_analyzer_into_highlighting_interpolated_bits)' --cfg 'feature="default"' --cfg 'feature="inspect"' --cfg 'feature="mesh"' --cfg 'feature="mesh_protobuf"' --check-cfg 'cfg(docsrs,test)' --check-cfg 'cfg(feature, values("default", "inspect", "mesh", "mesh_protobuf"))' -C metadata=e08cf089917f79b4 -C extra-filename=-c5aadcc960c694cf --out-dir /home/ruize/openvmm-restore-v1/target/verus-partial/debug/deps -C incremental=/home/ruize/openvmm-restore-v1/target/verus-partial/debug/incremental -L dependency=/home/ruize/openvmm-restore-v1/target/verus-partial/debug/deps --extern getrandom=/home/ruize/openvmm-restore-v1/target/verus-partial/debug/deps/libgetrandom-26d6fb37d469a72c.rmeta --extern inspect=/home/ruize/openvmm-restore-v1/target/verus-partial/debug/deps/libinspect-73522c66cc8d2005.rmeta --extern mesh_protobuf=/home/ruize/openvmm-restore-v1/target/verus-partial/debug/deps/libmesh_protobuf-5612e213728e73ed.rmeta --extern thiserror=/home/ruize/openvmm-restore-v1/target/verus-partial/debug/deps/libthiserror-bb5470d7886e4e69.rmeta --extern zerocopy=/home/ruize/openvmm-restore-v1/target/verus-partial/debug/deps/libzerocopy-2fbbd02099a22f14.rmeta -Cforce-frame-pointers=yes -Csymbol-mangling-version=v0 -Z checksum-hash-algorithm=blake3`
     Running `/home/ruize/openvmm-restore-v1/toolchain/verus-src/source/target-verus/release/verus /home/ruize/.rustup/toolchains/1.94.0-x86_64-unknown-linux-gnu/bin/rustc --crate-name address_filter --edition=2024 support/address_filter/src/lib.rs --error-format=json --json=diagnostic-rendered-ansi,artifacts,future-incompat --crate-type lib --emit=dep-info,metadata -C panic=abort -C embed-bitcode=no -C debuginfo=2 --warn=rust_2018_idioms --deny=future_incompatible --warn=unused_qualifications --forbid=unsafe_op_in_unsafe_fn --deny=unsafe_code '--warn=clippy::unnecessary_box_returns' '--allow=clippy::uninlined_format_args' --warn=unexpected_cfgs '--warn=clippy::undocumented_unsafe_blocks' '--allow=clippy::type_complexity' '--allow=clippy::too_many_arguments' '--warn=clippy::suboptimal_flops' '--allow=clippy::single_range_in_vec_init' '--warn=clippy::rest_pat_in_fully_bound_structs' '--warn=clippy::ref_option_ref' '--warn=clippy::ref_as_ptr' '--warn=clippy::ptr_cast_constness' '--warn=clippy::ptr_as_ptr' '--warn=clippy::option_option' '--allow=clippy::new_without_default' --warn=missing_docs '--allow=clippy::manual_flatten' '--warn=clippy::macro_use_imports' '--warn=clippy::lossy_float_literal' '--warn=clippy::linkedlist' '--allow=clippy::len_without_is_empty' '--warn=clippy::inefficient_to_string' '--warn=clippy::imprecise_flops' '--warn=clippy::implicit_clone' '--warn=clippy::fn_params_excessive_bools' '--warn=clippy::filter_map_next' '--warn=clippy::debug_assert_with_mut_call' '--warn=clippy::dbg_macro' '--allow=clippy::collapsible_match' '--allow=clippy::collapsible_if' '--allow=clippy::collapsible_else_if' '--allow=clippy::box_default' '--allow=clippy::bool_assert_comparison' '--warn=clippy::allow_attributes' --check-cfg 'cfg(trick_rust_analyzer_into_highlighting_interpolated_bits)' --check-cfg 'cfg(docsrs,test)' --check-cfg 'cfg(feature, values())' -C metadata=2452577ab3e234af -C extra-filename=-f7c77a0c1492838b --out-dir /home/ruize/openvmm-restore-v1/target/verus-partial/debug/deps -C incremental=/home/ruize/openvmm-restore-v1/target/verus-partial/debug/incremental -L dependency=/home/ruize/openvmm-restore-v1/target/verus-partial/debug/deps --extern inspect=/home/ruize/openvmm-restore-v1/target/verus-partial/debug/deps/libinspect-73522c66cc8d2005.rmeta --extern thiserror=/home/ruize/openvmm-restore-v1/target/verus-partial/debug/deps/libthiserror-bb5470d7886e4e69.rmeta -Cforce-frame-pointers=yes -Csymbol-mangling-version=v0 -Z checksum-hash-algorithm=blake3`
     Running `/home/ruize/openvmm-restore-v1/toolchain/verus-src/source/target-verus/release/verus /home/ruize/.rustup/toolchains/1.94.0-x86_64-unknown-linux-gnu/bin/rustc --crate-name inspect_counters --edition=2024 support/inspect_counters/src/lib.rs --error-format=json --json=diagnostic-rendered-ansi,artifacts,future-incompat --crate-type lib --emit=dep-info,metadata -C panic=abort -C embed-bitcode=no -C debuginfo=2 --warn=rust_2018_idioms --deny=future_incompatible --warn=unused_qualifications --forbid=unsafe_op_in_unsafe_fn --deny=unsafe_code '--warn=clippy::unnecessary_box_returns' '--allow=clippy::uninlined_format_args' --warn=unexpected_cfgs '--warn=clippy::undocumented_unsafe_blocks' '--allow=clippy::type_complexity' '--allow=clippy::too_many_arguments' '--warn=clippy::suboptimal_flops' '--allow=clippy::single_range_in_vec_init' '--warn=clippy::rest_pat_in_fully_bound_structs' '--warn=clippy::ref_option_ref' '--warn=clippy::ref_as_ptr' '--warn=clippy::ptr_cast_constness' '--warn=clippy::ptr_as_ptr' '--warn=clippy::option_option' '--allow=clippy::new_without_default' --warn=missing_docs '--allow=clippy::manual_flatten' '--warn=clippy::macro_use_imports' '--warn=clippy::lossy_float_literal' '--warn=clippy::linkedlist' '--allow=clippy::len_without_is_empty' '--warn=clippy::inefficient_to_string' '--warn=clippy::imprecise_flops' '--warn=clippy::implicit_clone' '--warn=clippy::fn_params_excessive_bools' '--warn=clippy::filter_map_next' '--warn=clippy::debug_assert_with_mut_call' '--warn=clippy::dbg_macro' '--allow=clippy::collapsible_match' '--allow=clippy::collapsible_if' '--allow=clippy::collapsible_else_if' '--allow=clippy::box_default' '--allow=clippy::bool_assert_comparison' '--warn=clippy::allow_attributes' --check-cfg 'cfg(trick_rust_analyzer_into_highlighting_interpolated_bits)' --check-cfg 'cfg(docsrs,test)' --check-cfg 'cfg(feature, values())' -C metadata=4bb1a9ecb441726e -C extra-filename=-a219d4fa7e52ab46 --out-dir /home/ruize/openvmm-restore-v1/target/verus-partial/debug/deps -C incremental=/home/ruize/openvmm-restore-v1/target/verus-partial/debug/incremental -L dependency=/home/ruize/openvmm-restore-v1/target/verus-partial/debug/deps --extern inspect=/home/ruize/openvmm-restore-v1/target/verus-partial/debug/deps/libinspect-73522c66cc8d2005.rmeta -Cforce-frame-pointers=yes -Csymbol-mangling-version=v0 -Z checksum-hash-algorithm=blake3`
     Running `/home/ruize/openvmm-restore-v1/toolchain/verus-src/source/target-verus/release/verus /home/ruize/.rustup/toolchains/1.94.0-x86_64-unknown-linux-gnu/bin/rustc --crate-name mesh_worker --edition=2024 support/mesh/mesh_worker/src/lib.rs --error-format=json --json=diagnostic-rendered-ansi,artifacts,future-incompat --crate-type lib --emit=dep-info,metadata -C panic=abort -C embed-bitcode=no -C debuginfo=2 --warn=rust_2018_idioms --deny=future_incompatible --warn=unused_qualifications --forbid=unsafe_op_in_unsafe_fn --deny=unsafe_code '--warn=clippy::unnecessary_box_returns' '--allow=clippy::uninlined_format_args' --warn=unexpected_cfgs '--warn=clippy::undocumented_unsafe_blocks' '--allow=clippy::type_complexity' '--allow=clippy::too_many_arguments' '--warn=clippy::suboptimal_flops' '--allow=clippy::single_range_in_vec_init' '--warn=clippy::rest_pat_in_fully_bound_structs' '--warn=clippy::ref_option_ref' '--warn=clippy::ref_as_ptr' '--warn=clippy::ptr_cast_constness' '--warn=clippy::ptr_as_ptr' '--warn=clippy::option_option' '--allow=clippy::new_without_default' --warn=missing_docs '--allow=clippy::manual_flatten' '--warn=clippy::macro_use_imports' '--warn=clippy::lossy_float_literal' '--warn=clippy::linkedlist' '--allow=clippy::len_without_is_empty' '--warn=clippy::inefficient_to_string' '--warn=clippy::imprecise_flops' '--warn=clippy::implicit_clone' '--warn=clippy::fn_params_excessive_bools' '--warn=clippy::filter_map_next' '--warn=clippy::debug_assert_with_mut_call' '--warn=clippy::dbg_macro' '--allow=clippy::collapsible_match' '--allow=clippy::collapsible_if' '--allow=clippy::collapsible_else_if' '--allow=clippy::box_default' '--allow=clippy::bool_assert_comparison' '--warn=clippy::allow_attributes' --check-cfg 'cfg(trick_rust_analyzer_into_highlighting_interpolated_bits)' --check-cfg 'cfg(docsrs,test)' --check-cfg 'cfg(feature, values())' -C metadata=489d4a8ade948d2c -C extra-filename=-bb15b7bf33d7020a --out-dir /home/ruize/openvmm-restore-v1/target/verus-partial/debug/deps -C incremental=/home/ruize/openvmm-restore-v1/target/verus-partial/debug/incremental -L dependency=/home/ruize/openvmm-restore-v1/target/verus-partial/debug/deps --extern anyhow=/home/ruize/openvmm-restore-v1/target/verus-partial/debug/deps/libanyhow-1a1dcdb279f90ff5.rmeta --extern futures=/home/ruize/openvmm-restore-v1/target/verus-partial/debug/deps/libfutures-5a1ca119b27a8d6d.rmeta --extern futures_concurrency=/home/ruize/openvmm-restore-v1/target/verus-partial/debug/deps/libfutures_concurrency-b7017fe683035931.rmeta --extern inspect=/home/ruize/openvmm-restore-v1/target/verus-partial/debug/deps/libinspect-73522c66cc8d2005.rmeta --extern linkme=/home/ruize/openvmm-restore-v1/target/verus-partial/debug/deps/liblinkme-b30cbb555eeb2a20.rmeta --extern mesh=/home/ruize/openvmm-restore-v1/target/verus-partial/debug/deps/libmesh-57a4fc15b8866963.rmeta --extern tracing=/home/ruize/openvmm-restore-v1/target/verus-partial/debug/deps/libtracing-669be71d75ac272a.rmeta --extern unicycle=/home/ruize/openvmm-restore-v1/target/verus-partial/debug/deps/libunicycle-2602c20cfb34e3ea.rmeta -Cforce-frame-pointers=yes -Csymbol-mangling-version=v0 -Z checksum-hash-algorithm=blake3`
    Checking tdisp v0.0.0 (/home/ruize/openvmm-restore-v1/vm/devices/tdisp)
     Running `/home/ruize/openvmm-restore-v1/toolchain/verus-src/source/target-verus/release/verus /home/ruize/.rustup/toolchains/1.94.0-x86_64-unknown-linux-gnu/bin/rustc --crate-name tdisp --edition=2024 vm/devices/tdisp/src/lib.rs --error-format=json --json=diagnostic-rendered-ansi,artifacts,future-incompat --crate-type lib --emit=dep-info,metadata -C panic=abort -C embed-bitcode=no -C debuginfo=2 --warn=rust_2018_idioms --deny=future_incompatible --warn=unused_qualifications --forbid=unsafe_op_in_unsafe_fn --deny=unsafe_code '--warn=clippy::unnecessary_box_returns' '--allow=clippy::uninlined_format_args' --warn=unexpected_cfgs '--warn=clippy::undocumented_unsafe_blocks' '--allow=clippy::type_complexity' '--allow=clippy::too_many_arguments' '--warn=clippy::suboptimal_flops' '--allow=clippy::single_range_in_vec_init' '--warn=clippy::rest_pat_in_fully_bound_structs' '--warn=clippy::ref_option_ref' '--warn=clippy::ref_as_ptr' '--warn=clippy::ptr_cast_constness' '--warn=clippy::ptr_as_ptr' '--warn=clippy::option_option' '--allow=clippy::new_without_default' --warn=missing_docs '--allow=clippy::manual_flatten' '--warn=clippy::macro_use_imports' '--warn=clippy::lossy_float_literal' '--warn=clippy::linkedlist' '--allow=clippy::len_without_is_empty' '--warn=clippy::inefficient_to_string' '--warn=clippy::imprecise_flops' '--warn=clippy::implicit_clone' '--warn=clippy::fn_params_excessive_bools' '--warn=clippy::filter_map_next' '--warn=clippy::debug_assert_with_mut_call' '--warn=clippy::dbg_macro' '--allow=clippy::collapsible_match' '--allow=clippy::collapsible_if' '--allow=clippy::collapsible_else_if' '--allow=clippy::box_default' '--allow=clippy::bool_assert_comparison' '--warn=clippy::allow_attributes' --check-cfg 'cfg(trick_rust_analyzer_into_highlighting_interpolated_bits)' --check-cfg 'cfg(docsrs,test)' --check-cfg 'cfg(feature, values())' -C metadata=c4159629ab41afd6 -C extra-filename=-7c10be8c83f8d80a --out-dir /home/ruize/openvmm-restore-v1/target/verus-partial/debug/deps -C incremental=/home/ruize/openvmm-restore-v1/target/verus-partial/debug/incremental -L dependency=/home/ruize/openvmm-restore-v1/target/verus-partial/debug/deps --extern anyhow=/home/ruize/openvmm-restore-v1/target/verus-partial/debug/deps/libanyhow-1a1dcdb279f90ff5.rmeta --extern bitfield_struct=/home/ruize/openvmm-restore-v1/target/verus-partial/debug/deps/libbitfield_struct-338153e689b05499.so --extern parking_lot=/home/ruize/openvmm-restore-v1/target/verus-partial/debug/deps/libparking_lot-3957aa1b9559146d.rmeta --extern prost=/home/ruize/openvmm-restore-v1/target/verus-partial/debug/deps/libprost-2ea7cd7b9ee3329b.rmeta --extern static_assertions=/home/ruize/openvmm-restore-v1/target/verus-partial/debug/deps/libstatic_assertions-ea2eb68e8147348e.rmeta --extern tdisp_proto=/home/ruize/openvmm-restore-v1/target/verus-partial/debug/deps/libtdisp_proto-6922f6a5d8c30323.rmeta --extern tracing=/home/ruize/openvmm-restore-v1/target/verus-partial/debug/deps/libtracing-669be71d75ac272a.rmeta --extern zerocopy=/home/ruize/openvmm-restore-v1/target/verus-partial/debug/deps/libzerocopy-2fbbd02099a22f14.rmeta -Cforce-frame-pointers=yes -Csymbol-mangling-version=v0 -Z checksum-hash-algorithm=blake3`
    Checking vmcore v0.0.0 (/home/ruize/openvmm-restore-v1/vm/vmcore)
    Checking serial_core v0.0.0 (/home/ruize/openvmm-restore-v1/vm/devices/serial/serial_core)
    Checking power_resources v0.0.0 (/home/ruize/openvmm-restore-v1/vm/power_resources)
    Checking input_core v0.0.0 (/home/ruize/openvmm-restore-v1/vm/devices/input_core)
    Checking chipset_resources v0.0.0 (/home/ruize/openvmm-restore-v1/vm/devices/chipset_resources)
    Checking ide_resources v0.0.0 (/home/ruize/openvmm-restore-v1/vm/devices/storage/ide_resources)
    Checking video_core v0.0.0 (/home/ruize/openvmm-restore-v1/vm/devices/video_core)
    Checking missing_dev_resources v0.0.0 (/home/ruize/openvmm-restore-v1/vm/devices/missing_dev_resources)
    Checking vmgs_resources v0.0.0 (/home/ruize/openvmm-restore-v1/vm/vmgs/vmgs_resources)
    Checking floppy_resources v0.0.0 (/home/ruize/openvmm-restore-v1/vm/devices/storage/floppy_resources)
    Checking net_backend_resources v0.0.0 (/home/ruize/openvmm-restore-v1/vm/devices/net/net_backend_resources)
    Checking hypervisor_resources v0.0.0 (/home/ruize/openvmm-restore-v1/openvmm/hypervisor_resources)
     Running `/home/ruize/openvmm-restore-v1/toolchain/verus-src/source/target-verus/release/verus /home/ruize/.rustup/toolchains/1.94.0-x86_64-unknown-linux-gnu/bin/rustc --crate-name vmcore --edition=2024 vm/vmcore/src/lib.rs --error-format=json --json=diagnostic-rendered-ansi,artifacts,future-incompat --crate-type lib --emit=dep-info,metadata -C panic=abort -C embed-bitcode=no -C debuginfo=2 --warn=rust_2018_idioms --deny=future_incompatible --warn=unused_qualifications --forbid=unsafe_op_in_unsafe_fn --deny=unsafe_code '--warn=clippy::unnecessary_box_returns' '--allow=clippy::uninlined_format_args' --warn=unexpected_cfgs '--warn=clippy::undocumented_unsafe_blocks' '--allow=clippy::type_complexity' '--allow=clippy::too_many_arguments' '--warn=clippy::suboptimal_flops' '--allow=clippy::single_range_in_vec_init' '--warn=clippy::rest_pat_in_fully_bound_structs' '--warn=clippy::ref_option_ref' '--warn=clippy::ref_as_ptr' '--warn=clippy::ptr_cast_constness' '--warn=clippy::ptr_as_ptr' '--warn=clippy::option_option' '--allow=clippy::new_without_default' --warn=missing_docs '--allow=clippy::manual_flatten' '--warn=clippy::macro_use_imports' '--warn=clippy::lossy_float_literal' '--warn=clippy::linkedlist' '--allow=clippy::len_without_is_empty' '--warn=clippy::inefficient_to_string' '--warn=clippy::imprecise_flops' '--warn=clippy::implicit_clone' '--warn=clippy::fn_params_excessive_bools' '--warn=clippy::filter_map_next' '--warn=clippy::debug_assert_with_mut_call' '--warn=clippy::dbg_macro' '--allow=clippy::collapsible_match' '--allow=clippy::collapsible_if' '--allow=clippy::collapsible_else_if' '--allow=clippy::box_default' '--allow=clippy::bool_assert_comparison' '--warn=clippy::allow_attributes' --check-cfg 'cfg(trick_rust_analyzer_into_highlighting_interpolated_bits)' --check-cfg 'cfg(docsrs,test)' --check-cfg 'cfg(feature, values())' -C metadata=57baa060ca96c464 -C extra-filename=-5b100dfb308d64b5 --out-dir /home/ruize/openvmm-restore-v1/target/verus-partial/debug/deps -C incremental=/home/ruize/openvmm-restore-v1/target/verus-partial/debug/incremental -L dependency=/home/ruize/openvmm-restore-v1/target/verus-partial/debug/deps --extern anyhow=/home/ruize/openvmm-restore-v1/target/verus-partial/debug/deps/libanyhow-1a1dcdb279f90ff5.rmeta --extern async_trait=/home/ruize/openvmm-restore-v1/target/verus-partial/debug/deps/libasync_trait-c5f6c49640f81610.so --extern futures=/home/ruize/openvmm-restore-v1/target/verus-partial/debug/deps/libfutures-5a1ca119b27a8d6d.rmeta --extern futures_concurrency=/home/ruize/openvmm-restore-v1/target/verus-partial/debug/deps/libfutures_concurrency-b7017fe683035931.rmeta --extern hvdef=/home/ruize/openvmm-restore-v1/target/verus-partial/debug/deps/libhvdef-1817752b7aff5f9b.rmeta --extern inspect=/home/ruize/openvmm-restore-v1/target/verus-partial/debug/deps/libinspect-73522c66cc8d2005.rmeta --extern jiff=/home/ruize/openvmm-restore-v1/target/verus-partial/debug/deps/libjiff-d1f1b3ec3aa4156b.rmeta --extern linkme=/home/ruize/openvmm-restore-v1/target/verus-partial/debug/deps/liblinkme-b30cbb555eeb2a20.rmeta --extern loan_cell=/home/ruize/openvmm-restore-v1/target/verus-partial/debug/deps/libloan_cell-c4f23d0b64506974.rmeta --extern mesh=/home/ruize/openvmm-restore-v1/target/verus-partial/debug/deps/libmesh-57a4fc15b8866963.rmeta --extern pal_async=/home/ruize/openvmm-restore-v1/target/verus-partial/debug/deps/libpal_async-dca12e1bbf362961.rmeta --extern pal_event=/home/ruize/openvmm-restore-v1/target/verus-partial/debug/deps/libpal_event-ad8314a85626886e.rmeta --extern parking_lot=/home/ruize/openvmm-restore-v1/target/verus-partial/debug/deps/libparking_lot-3957aa1b9559146d.rmeta --extern save_restore_derive=/home/ruize/openvmm-restore-v1/target/verus-partial/debug/deps/libsave_restore_derive-a709df6d1d2a5f1a.so --extern slab=/home/ruize/openvmm-restore-v1/target/verus-partial/debug/deps/libslab-9bfce0c6112d4e19.rmeta --extern thiserror=/home/ruize/openvmm-restore-v1/target/verus-partial/debug/deps/libthiserror-bb5470d7886e4e69.rmeta --extern tracelimit=/home/ruize/openvmm-restore-v1/target/verus-partial/debug/deps/libtracelimit-ef06c7f3811b764c.rmeta --extern tracing=/home/ruize/openvmm-restore-v1/target/verus-partial/debug/deps/libtracing-669be71d75ac272a.rmeta --extern vm_resource=/home/ruize/openvmm-restore-v1/target/verus-partial/debug/deps/libvm_resource-993cabff7fd1557b.rmeta --extern zerocopy=/home/ruize/openvmm-restore-v1/target/verus-partial/debug/deps/libzerocopy-2fbbd02099a22f14.rmeta -Cforce-frame-pointers=yes -Csymbol-mangling-version=v0 -Z checksum-hash-algorithm=blake3`
     Running `/home/ruize/openvmm-restore-v1/toolchain/verus-src/source/target-verus/release/verus /home/ruize/.rustup/toolchains/1.94.0-x86_64-unknown-linux-gnu/bin/rustc --crate-name serial_core --edition=2024 vm/devices/serial/serial_core/src/lib.rs --error-format=json --json=diagnostic-rendered-ansi,artifacts,future-incompat --crate-type lib --emit=dep-info,metadata -C panic=abort -C embed-bitcode=no -C debuginfo=2 --warn=rust_2018_idioms --deny=future_incompatible --warn=unused_qualifications --forbid=unsafe_op_in_unsafe_fn --deny=unsafe_code '--warn=clippy::unnecessary_box_returns' '--allow=clippy::uninlined_format_args' --warn=unexpected_cfgs '--warn=clippy::undocumented_unsafe_blocks' '--allow=clippy::type_complexity' '--allow=clippy::too_many_arguments' '--warn=clippy::suboptimal_flops' '--allow=clippy::single_range_in_vec_init' '--warn=clippy::rest_pat_in_fully_bound_structs' '--warn=clippy::ref_option_ref' '--warn=clippy::ref_as_ptr' '--warn=clippy::ptr_cast_constness' '--warn=clippy::ptr_as_ptr' '--warn=clippy::option_option' '--allow=clippy::new_without_default' --warn=missing_docs '--allow=clippy::manual_flatten' '--warn=clippy::macro_use_imports' '--warn=clippy::lossy_float_literal' '--warn=clippy::linkedlist' '--allow=clippy::len_without_is_empty' '--warn=clippy::inefficient_to_string' '--warn=clippy::imprecise_flops' '--warn=clippy::implicit_clone' '--warn=clippy::fn_params_excessive_bools' '--warn=clippy::filter_map_next' '--warn=clippy::debug_assert_with_mut_call' '--warn=clippy::dbg_macro' '--allow=clippy::collapsible_match' '--allow=clippy::collapsible_if' '--allow=clippy::collapsible_else_if' '--allow=clippy::box_default' '--allow=clippy::bool_assert_comparison' '--warn=clippy::allow_attributes' --check-cfg 'cfg(trick_rust_analyzer_into_highlighting_interpolated_bits)' --check-cfg 'cfg(docsrs,test)' --check-cfg 'cfg(feature, values())' -C metadata=e476ac93e6ab54c3 -C extra-filename=-84b10de78163856c --out-dir /home/ruize/openvmm-restore-v1/target/verus-partial/debug/deps -C incremental=/home/ruize/openvmm-restore-v1/target/verus-partial/debug/incremental -L dependency=/home/ruize/openvmm-restore-v1/target/verus-partial/debug/deps --extern futures=/home/ruize/openvmm-restore-v1/target/verus-partial/debug/deps/libfutures-5a1ca119b27a8d6d.rmeta --extern inspect=/home/ruize/openvmm-restore-v1/target/verus-partial/debug/deps/libinspect-73522c66cc8d2005.rmeta --extern mesh=/home/ruize/openvmm-restore-v1/target/verus-partial/debug/deps/libmesh-57a4fc15b8866963.rmeta --extern pal_async=/home/ruize/openvmm-restore-v1/target/verus-partial/debug/deps/libpal_async-dca12e1bbf362961.rmeta --extern parking_lot=/home/ruize/openvmm-restore-v1/target/verus-partial/debug/deps/libparking_lot-3957aa1b9559146d.rmeta --extern vm_resource=/home/ruize/openvmm-restore-v1/target/verus-partial/debug/deps/libvm_resource-993cabff7fd1557b.rmeta -Cforce-frame-pointers=yes -Csymbol-mangling-version=v0 -Z checksum-hash-algorithm=blake3`
     Running `/home/ruize/openvmm-restore-v1/toolchain/verus-src/source/target-verus/release/verus /home/ruize/.rustup/toolchains/1.94.0-x86_64-unknown-linux-gnu/bin/rustc --crate-name power_resources --edition=2024 vm/power_resources/src/lib.rs --error-format=json --json=diagnostic-rendered-ansi,artifacts,future-incompat --crate-type lib --emit=dep-info,metadata -C panic=abort -C embed-bitcode=no -C debuginfo=2 --warn=rust_2018_idioms --deny=future_incompatible --warn=unused_qualifications --forbid=unsafe_op_in_unsafe_fn --deny=unsafe_code '--warn=clippy::unnecessary_box_returns' '--allow=clippy::uninlined_format_args' --warn=unexpected_cfgs '--warn=clippy::undocumented_unsafe_blocks' '--allow=clippy::type_complexity' '--allow=clippy::too_many_arguments' '--warn=clippy::suboptimal_flops' '--allow=clippy::single_range_in_vec_init' '--warn=clippy::rest_pat_in_fully_bound_structs' '--warn=clippy::ref_option_ref' '--warn=clippy::ref_as_ptr' '--warn=clippy::ptr_cast_constness' '--warn=clippy::ptr_as_ptr' '--warn=clippy::option_option' '--allow=clippy::new_without_default' --warn=missing_docs '--allow=clippy::manual_flatten' '--warn=clippy::macro_use_imports' '--warn=clippy::lossy_float_literal' '--warn=clippy::linkedlist' '--allow=clippy::len_without_is_empty' '--warn=clippy::inefficient_to_string' '--warn=clippy::imprecise_flops' '--warn=clippy::implicit_clone' '--warn=clippy::fn_params_excessive_bools' '--warn=clippy::filter_map_next' '--warn=clippy::debug_assert_with_mut_call' '--warn=clippy::dbg_macro' '--allow=clippy::collapsible_match' '--allow=clippy::collapsible_if' '--allow=clippy::collapsible_else_if' '--allow=clippy::box_default' '--allow=clippy::bool_assert_comparison' '--warn=clippy::allow_attributes' --check-cfg 'cfg(trick_rust_analyzer_into_highlighting_interpolated_bits)' --check-cfg 'cfg(docsrs,test)' --check-cfg 'cfg(feature, values())' -C metadata=f4d84f6c7a5c9180 -C extra-filename=-117bd49214ba8d8d --out-dir /home/ruize/openvmm-restore-v1/target/verus-partial/debug/deps -C incremental=/home/ruize/openvmm-restore-v1/target/verus-partial/debug/incremental -L dependency=/home/ruize/openvmm-restore-v1/target/verus-partial/debug/deps --extern mesh=/home/ruize/openvmm-restore-v1/target/verus-partial/debug/deps/libmesh-57a4fc15b8866963.rmeta --extern vm_resource=/home/ruize/openvmm-restore-v1/target/verus-partial/debug/deps/libvm_resource-993cabff7fd1557b.rmeta -Cforce-frame-pointers=yes -Csymbol-mangling-version=v0 -Z checksum-hash-algorithm=blake3`
     Running `/home/ruize/openvmm-restore-v1/toolchain/verus-src/source/target-verus/release/verus /home/ruize/.rustup/toolchains/1.94.0-x86_64-unknown-linux-gnu/bin/rustc --crate-name input_core --edition=2024 vm/devices/input_core/src/lib.rs --error-format=json --json=diagnostic-rendered-ansi,artifacts,future-incompat --crate-type lib --emit=dep-info,metadata -C panic=abort -C embed-bitcode=no -C debuginfo=2 --warn=rust_2018_idioms --deny=future_incompatible --warn=unused_qualifications --forbid=unsafe_op_in_unsafe_fn --deny=unsafe_code '--warn=clippy::unnecessary_box_returns' '--allow=clippy::uninlined_format_args' --warn=unexpected_cfgs '--warn=clippy::undocumented_unsafe_blocks' '--allow=clippy::type_complexity' '--allow=clippy::too_many_arguments' '--warn=clippy::suboptimal_flops' '--allow=clippy::single_range_in_vec_init' '--warn=clippy::rest_pat_in_fully_bound_structs' '--warn=clippy::ref_option_ref' '--warn=clippy::ref_as_ptr' '--warn=clippy::ptr_cast_constness' '--warn=clippy::ptr_as_ptr' '--warn=clippy::option_option' '--allow=clippy::new_without_default' --warn=missing_docs '--allow=clippy::manual_flatten' '--warn=clippy::macro_use_imports' '--warn=clippy::lossy_float_literal' '--warn=clippy::linkedlist' '--allow=clippy::len_without_is_empty' '--warn=clippy::inefficient_to_string' '--warn=clippy::imprecise_flops' '--warn=clippy::implicit_clone' '--warn=clippy::fn_params_excessive_bools' '--warn=clippy::filter_map_next' '--warn=clippy::debug_assert_with_mut_call' '--warn=clippy::dbg_macro' '--allow=clippy::collapsible_match' '--allow=clippy::collapsible_if' '--allow=clippy::collapsible_else_if' '--allow=clippy::box_default' '--allow=clippy::bool_assert_comparison' '--warn=clippy::allow_attributes' --check-cfg 'cfg(trick_rust_analyzer_into_highlighting_interpolated_bits)' --check-cfg 'cfg(docsrs,test)' --check-cfg 'cfg(feature, values())' -C metadata=325b66d41d8899b4 -C extra-filename=-2d4f34cbf121e067 --out-dir /home/ruize/openvmm-restore-v1/target/verus-partial/debug/deps -C incremental=/home/ruize/openvmm-restore-v1/target/verus-partial/debug/incremental -L dependency=/home/ruize/openvmm-restore-v1/target/verus-partial/debug/deps --extern futures=/home/ruize/openvmm-restore-v1/target/verus-partial/debug/deps/libfutures-5a1ca119b27a8d6d.rmeta --extern mesh=/home/ruize/openvmm-restore-v1/target/verus-partial/debug/deps/libmesh-57a4fc15b8866963.rmeta --extern vm_resource=/home/ruize/openvmm-restore-v1/target/verus-partial/debug/deps/libvm_resource-993cabff7fd1557b.rmeta -Cforce-frame-pointers=yes -Csymbol-mangling-version=v0 -Z checksum-hash-algorithm=blake3`
     Running `/home/ruize/openvmm-restore-v1/toolchain/verus-src/source/target-verus/release/verus /home/ruize/.rustup/toolchains/1.94.0-x86_64-unknown-linux-gnu/bin/rustc --crate-name chipset_resources --edition=2024 vm/devices/chipset_resources/src/lib.rs --error-format=json --json=diagnostic-rendered-ansi,artifacts,future-incompat --crate-type lib --emit=dep-info,metadata -C panic=abort -C embed-bitcode=no -C debuginfo=2 --warn=rust_2018_idioms --deny=future_incompatible --warn=unused_qualifications --forbid=unsafe_op_in_unsafe_fn --deny=unsafe_code '--warn=clippy::unnecessary_box_returns' '--allow=clippy::uninlined_format_args' --warn=unexpected_cfgs '--warn=clippy::undocumented_unsafe_blocks' '--allow=clippy::type_complexity' '--allow=clippy::too_many_arguments' '--warn=clippy::suboptimal_flops' '--allow=clippy::single_range_in_vec_init' '--warn=clippy::rest_pat_in_fully_bound_structs' '--warn=clippy::ref_option_ref' '--warn=clippy::ref_as_ptr' '--warn=clippy::ptr_cast_constness' '--warn=clippy::ptr_as_ptr' '--warn=clippy::option_option' '--allow=clippy::new_without_default' --warn=missing_docs '--allow=clippy::manual_flatten' '--warn=clippy::macro_use_imports' '--warn=clippy::lossy_float_literal' '--warn=clippy::linkedlist' '--allow=clippy::len_without_is_empty' '--warn=clippy::inefficient_to_string' '--warn=clippy::imprecise_flops' '--warn=clippy::implicit_clone' '--warn=clippy::fn_params_excessive_bools' '--warn=clippy::filter_map_next' '--warn=clippy::debug_assert_with_mut_call' '--warn=clippy::dbg_macro' '--allow=clippy::collapsible_match' '--allow=clippy::collapsible_if' '--allow=clippy::collapsible_else_if' '--allow=clippy::box_default' '--allow=clippy::bool_assert_comparison' '--warn=clippy::allow_attributes' --check-cfg 'cfg(trick_rust_analyzer_into_highlighting_interpolated_bits)' --check-cfg 'cfg(docsrs,test)' --check-cfg 'cfg(feature, values("arbitrary"))' -C metadata=2ee342cc0e4e5907 -C extra-filename=-3e601f1e7f1e515c --out-dir /home/ruize/openvmm-restore-v1/target/verus-partial/debug/deps -C incremental=/home/ruize/openvmm-restore-v1/target/verus-partial/debug/incremental -L dependency=/home/ruize/openvmm-restore-v1/target/verus-partial/debug/deps --extern inspect=/home/ruize/openvmm-restore-v1/target/verus-partial/debug/deps/libinspect-73522c66cc8d2005.rmeta --extern local_clock=/home/ruize/openvmm-restore-v1/target/verus-partial/debug/deps/liblocal_clock-b85afab63c7df6af.rmeta --extern memory_range=/home/ruize/openvmm-restore-v1/target/verus-partial/debug/deps/libmemory_range-15ee9310ad9fd0ca.rmeta --extern mesh=/home/ruize/openvmm-restore-v1/target/verus-partial/debug/deps/libmesh-57a4fc15b8866963.rmeta --extern vm_resource=/home/ruize/openvmm-restore-v1/target/verus-partial/debug/deps/libvm_resource-993cabff7fd1557b.rmeta --extern vstd=/home/ruize/openvmm-restore-v1/target/verus-partial/debug/deps/libvstd-0b932679964ce3b0.rmeta -Cforce-frame-pointers=yes -Csymbol-mangling-version=v0 -Z checksum-hash-algorithm=blake3`
     Running `/home/ruize/openvmm-restore-v1/toolchain/verus-src/source/target-verus/release/verus /home/ruize/.rustup/toolchains/1.94.0-x86_64-unknown-linux-gnu/bin/rustc --crate-name ide_resources --edition=2024 vm/devices/storage/ide_resources/src/lib.rs --error-format=json --json=diagnostic-rendered-ansi,artifacts,future-incompat --crate-type lib --emit=dep-info,metadata -C panic=abort -C embed-bitcode=no -C debuginfo=2 --warn=rust_2018_idioms --deny=future_incompatible --warn=unused_qualifications --forbid=unsafe_op_in_unsafe_fn --deny=unsafe_code '--warn=clippy::unnecessary_box_returns' '--allow=clippy::uninlined_format_args' --warn=unexpected_cfgs '--warn=clippy::undocumented_unsafe_blocks' '--allow=clippy::type_complexity' '--allow=clippy::too_many_arguments' '--warn=clippy::suboptimal_flops' '--allow=clippy::single_range_in_vec_init' '--warn=clippy::rest_pat_in_fully_bound_structs' '--warn=clippy::ref_option_ref' '--warn=clippy::ref_as_ptr' '--warn=clippy::ptr_cast_constness' '--warn=clippy::ptr_as_ptr' '--warn=clippy::option_option' '--allow=clippy::new_without_default' --warn=missing_docs '--allow=clippy::manual_flatten' '--warn=clippy::macro_use_imports' '--warn=clippy::lossy_float_literal' '--warn=clippy::linkedlist' '--allow=clippy::len_without_is_empty' '--warn=clippy::inefficient_to_string' '--warn=clippy::imprecise_flops' '--warn=clippy::implicit_clone' '--warn=clippy::fn_params_excessive_bools' '--warn=clippy::filter_map_next' '--warn=clippy::debug_assert_with_mut_call' '--warn=clippy::dbg_macro' '--allow=clippy::collapsible_match' '--allow=clippy::collapsible_if' '--allow=clippy::collapsible_else_if' '--allow=clippy::box_default' '--allow=clippy::bool_assert_comparison' '--warn=clippy::allow_attributes' --check-cfg 'cfg(trick_rust_analyzer_into_highlighting_interpolated_bits)' --check-cfg 'cfg(docsrs,test)' --check-cfg 'cfg(feature, values())' -C metadata=f69b317797df5961 -C extra-filename=-a5d3f462913a357f --out-dir /home/ruize/openvmm-restore-v1/target/verus-partial/debug/deps -C incremental=/home/ruize/openvmm-restore-v1/target/verus-partial/debug/incremental -L dependency=/home/ruize/openvmm-restore-v1/target/verus-partial/debug/deps --extern inspect=/home/ruize/openvmm-restore-v1/target/verus-partial/debug/deps/libinspect-73522c66cc8d2005.rmeta --extern mesh=/home/ruize/openvmm-restore-v1/target/verus-partial/debug/deps/libmesh-57a4fc15b8866963.rmeta --extern vm_resource=/home/ruize/openvmm-restore-v1/target/verus-partial/debug/deps/libvm_resource-993cabff7fd1557b.rmeta -Cforce-frame-pointers=yes -Csymbol-mangling-version=v0 -Z checksum-hash-algorithm=blake3`
     Running `/home/ruize/openvmm-restore-v1/toolchain/verus-src/source/target-verus/release/verus /home/ruize/.rustup/toolchains/1.94.0-x86_64-unknown-linux-gnu/bin/rustc --crate-name video_core --edition=2024 vm/devices/video_core/src/lib.rs --error-format=json --json=diagnostic-rendered-ansi,artifacts,future-incompat --crate-type lib --emit=dep-info,metadata -C panic=abort -C embed-bitcode=no -C debuginfo=2 --warn=rust_2018_idioms --deny=future_incompatible --warn=unused_qualifications --forbid=unsafe_op_in_unsafe_fn --deny=unsafe_code '--warn=clippy::unnecessary_box_returns' '--allow=clippy::uninlined_format_args' --warn=unexpected_cfgs '--warn=clippy::undocumented_unsafe_blocks' '--allow=clippy::type_complexity' '--allow=clippy::too_many_arguments' '--warn=clippy::suboptimal_flops' '--allow=clippy::single_range_in_vec_init' '--warn=clippy::rest_pat_in_fully_bound_structs' '--warn=clippy::ref_option_ref' '--warn=clippy::ref_as_ptr' '--warn=clippy::ptr_cast_constness' '--warn=clippy::ptr_as_ptr' '--warn=clippy::option_option' '--allow=clippy::new_without_default' --warn=missing_docs '--allow=clippy::manual_flatten' '--warn=clippy::macro_use_imports' '--warn=clippy::lossy_float_literal' '--warn=clippy::linkedlist' '--allow=clippy::len_without_is_empty' '--warn=clippy::inefficient_to_string' '--warn=clippy::imprecise_flops' '--warn=clippy::implicit_clone' '--warn=clippy::fn_params_excessive_bools' '--warn=clippy::filter_map_next' '--warn=clippy::debug_assert_with_mut_call' '--warn=clippy::dbg_macro' '--allow=clippy::collapsible_match' '--allow=clippy::collapsible_if' '--allow=clippy::collapsible_else_if' '--allow=clippy::box_default' '--allow=clippy::bool_assert_comparison' '--warn=clippy::allow_attributes' --check-cfg 'cfg(trick_rust_analyzer_into_highlighting_interpolated_bits)' --check-cfg 'cfg(docsrs,test)' --check-cfg 'cfg(feature, values())' -C metadata=378fb3c88af1b1ae -C extra-filename=-ebc7f9a109a0d56b --out-dir /home/ruize/openvmm-restore-v1/target/verus-partial/debug/deps -C incremental=/home/ruize/openvmm-restore-v1/target/verus-partial/debug/incremental -L dependency=/home/ruize/openvmm-restore-v1/target/verus-partial/debug/deps --extern async_trait=/home/ruize/openvmm-restore-v1/target/verus-partial/debug/deps/libasync_trait-c5f6c49640f81610.so --extern inspect=/home/ruize/openvmm-restore-v1/target/verus-partial/debug/deps/libinspect-73522c66cc8d2005.rmeta --extern mesh=/home/ruize/openvmm-restore-v1/target/verus-partial/debug/deps/libmesh-57a4fc15b8866963.rmeta --extern vm_resource=/home/ruize/openvmm-restore-v1/target/verus-partial/debug/deps/libvm_resource-993cabff7fd1557b.rmeta -Cforce-frame-pointers=yes -Csymbol-mangling-version=v0 -Z checksum-hash-algorithm=blake3`
     Running `/home/ruize/openvmm-restore-v1/toolchain/verus-src/source/target-verus/release/verus /home/ruize/.rustup/toolchains/1.94.0-x86_64-unknown-linux-gnu/bin/rustc --crate-name missing_dev_resources --edition=2024 vm/devices/missing_dev_resources/src/lib.rs --error-format=json --json=diagnostic-rendered-ansi,artifacts,future-incompat --crate-type lib --emit=dep-info,metadata -C panic=abort -C embed-bitcode=no -C debuginfo=2 --warn=rust_2018_idioms --deny=future_incompatible --warn=unused_qualifications --forbid=unsafe_op_in_unsafe_fn --deny=unsafe_code '--warn=clippy::unnecessary_box_returns' '--allow=clippy::uninlined_format_args' --warn=unexpected_cfgs '--warn=clippy::undocumented_unsafe_blocks' '--allow=clippy::type_complexity' '--allow=clippy::too_many_arguments' '--warn=clippy::suboptimal_flops' '--allow=clippy::single_range_in_vec_init' '--warn=clippy::rest_pat_in_fully_bound_structs' '--warn=clippy::ref_option_ref' '--warn=clippy::ref_as_ptr' '--warn=clippy::ptr_cast_constness' '--warn=clippy::ptr_as_ptr' '--warn=clippy::option_option' '--allow=clippy::new_without_default' --warn=missing_docs '--allow=clippy::manual_flatten' '--warn=clippy::macro_use_imports' '--warn=clippy::lossy_float_literal' '--warn=clippy::linkedlist' '--allow=clippy::len_without_is_empty' '--warn=clippy::inefficient_to_string' '--warn=clippy::imprecise_flops' '--warn=clippy::implicit_clone' '--warn=clippy::fn_params_excessive_bools' '--warn=clippy::filter_map_next' '--warn=clippy::debug_assert_with_mut_call' '--warn=clippy::dbg_macro' '--allow=clippy::collapsible_match' '--allow=clippy::collapsible_if' '--allow=clippy::collapsible_else_if' '--allow=clippy::box_default' '--allow=clippy::bool_assert_comparison' '--warn=clippy::allow_attributes' --check-cfg 'cfg(trick_rust_analyzer_into_highlighting_interpolated_bits)' --check-cfg 'cfg(docsrs,test)' --check-cfg 'cfg(feature, values())' -C metadata=ec67af55c8fa08ec -C extra-filename=-7c624e026b9fccce --out-dir /home/ruize/openvmm-restore-v1/target/verus-partial/debug/deps -C incremental=/home/ruize/openvmm-restore-v1/target/verus-partial/debug/incremental -L dependency=/home/ruize/openvmm-restore-v1/target/verus-partial/debug/deps --extern mesh=/home/ruize/openvmm-restore-v1/target/verus-partial/debug/deps/libmesh-57a4fc15b8866963.rmeta --extern vm_resource=/home/ruize/openvmm-restore-v1/target/verus-partial/debug/deps/libvm_resource-993cabff7fd1557b.rmeta -Cforce-frame-pointers=yes -Csymbol-mangling-version=v0 -Z checksum-hash-algorithm=blake3`
     Running `/home/ruize/openvmm-restore-v1/toolchain/verus-src/source/target-verus/release/verus /home/ruize/.rustup/toolchains/1.94.0-x86_64-unknown-linux-gnu/bin/rustc --crate-name vmgs_resources --edition=2024 vm/vmgs/vmgs_resources/src/lib.rs --error-format=json --json=diagnostic-rendered-ansi,artifacts,future-incompat --crate-type lib --emit=dep-info,metadata -C panic=abort -C embed-bitcode=no -C debuginfo=2 --warn=rust_2018_idioms --deny=future_incompatible --warn=unused_qualifications --forbid=unsafe_op_in_unsafe_fn --deny=unsafe_code '--warn=clippy::unnecessary_box_returns' '--allow=clippy::uninlined_format_args' --warn=unexpected_cfgs '--warn=clippy::undocumented_unsafe_blocks' '--allow=clippy::type_complexity' '--allow=clippy::too_many_arguments' '--warn=clippy::suboptimal_flops' '--allow=clippy::single_range_in_vec_init' '--warn=clippy::rest_pat_in_fully_bound_structs' '--warn=clippy::ref_option_ref' '--warn=clippy::ref_as_ptr' '--warn=clippy::ptr_cast_constness' '--warn=clippy::ptr_as_ptr' '--warn=clippy::option_option' '--allow=clippy::new_without_default' --warn=missing_docs '--allow=clippy::manual_flatten' '--warn=clippy::macro_use_imports' '--warn=clippy::lossy_float_literal' '--warn=clippy::linkedlist' '--allow=clippy::len_without_is_empty' '--warn=clippy::inefficient_to_string' '--warn=clippy::imprecise_flops' '--warn=clippy::implicit_clone' '--warn=clippy::fn_params_excessive_bools' '--warn=clippy::filter_map_next' '--warn=clippy::debug_assert_with_mut_call' '--warn=clippy::dbg_macro' '--allow=clippy::collapsible_match' '--allow=clippy::collapsible_if' '--allow=clippy::collapsible_else_if' '--allow=clippy::box_default' '--allow=clippy::bool_assert_comparison' '--warn=clippy::allow_attributes' --check-cfg 'cfg(trick_rust_analyzer_into_highlighting_interpolated_bits)' --check-cfg 'cfg(docsrs,test)' --check-cfg 'cfg(feature, values())' -C metadata=fb8488af3b17debd -C extra-filename=-1db2743ff0956ae3 --out-dir /home/ruize/openvmm-restore-v1/target/verus-partial/debug/deps -C incremental=/home/ruize/openvmm-restore-v1/target/verus-partial/debug/incremental -L dependency=/home/ruize/openvmm-restore-v1/target/verus-partial/debug/deps --extern mesh=/home/ruize/openvmm-restore-v1/target/verus-partial/debug/deps/libmesh-57a4fc15b8866963.rmeta --extern vm_resource=/home/ruize/openvmm-restore-v1/target/verus-partial/debug/deps/libvm_resource-993cabff7fd1557b.rmeta --extern vmgs_format=/home/ruize/openvmm-restore-v1/target/verus-partial/debug/deps/libvmgs_format-82bcf45f30c9392f.rmeta -Cforce-frame-pointers=yes -Csymbol-mangling-version=v0 -Z checksum-hash-algorithm=blake3`
     Running `/home/ruize/openvmm-restore-v1/toolchain/verus-src/source/target-verus/release/verus /home/ruize/.rustup/toolchains/1.94.0-x86_64-unknown-linux-gnu/bin/rustc --crate-name floppy_resources --edition=2024 vm/devices/storage/floppy_resources/src/lib.rs --error-format=json --json=diagnostic-rendered-ansi,artifacts,future-incompat --crate-type lib --emit=dep-info,metadata -C panic=abort -C embed-bitcode=no -C debuginfo=2 --warn=rust_2018_idioms --deny=future_incompatible --warn=unused_qualifications --forbid=unsafe_op_in_unsafe_fn --deny=unsafe_code '--warn=clippy::unnecessary_box_returns' '--allow=clippy::uninlined_format_args' --warn=unexpected_cfgs '--warn=clippy::undocumented_unsafe_blocks' '--allow=clippy::type_complexity' '--allow=clippy::too_many_arguments' '--warn=clippy::suboptimal_flops' '--allow=clippy::single_range_in_vec_init' '--warn=clippy::rest_pat_in_fully_bound_structs' '--warn=clippy::ref_option_ref' '--warn=clippy::ref_as_ptr' '--warn=clippy::ptr_cast_constness' '--warn=clippy::ptr_as_ptr' '--warn=clippy::option_option' '--allow=clippy::new_without_default' --warn=missing_docs '--allow=clippy::manual_flatten' '--warn=clippy::macro_use_imports' '--warn=clippy::lossy_float_literal' '--warn=clippy::linkedlist' '--allow=clippy::len_without_is_empty' '--warn=clippy::inefficient_to_string' '--warn=clippy::imprecise_flops' '--warn=clippy::implicit_clone' '--warn=clippy::fn_params_excessive_bools' '--warn=clippy::filter_map_next' '--warn=clippy::debug_assert_with_mut_call' '--warn=clippy::dbg_macro' '--allow=clippy::collapsible_match' '--allow=clippy::collapsible_if' '--allow=clippy::collapsible_else_if' '--allow=clippy::box_default' '--allow=clippy::bool_assert_comparison' '--warn=clippy::allow_attributes' --check-cfg 'cfg(trick_rust_analyzer_into_highlighting_interpolated_bits)' --check-cfg 'cfg(docsrs,test)' --check-cfg 'cfg(feature, values())' -C metadata=856864490e610940 -C extra-filename=-8ca4d0c7594f5e63 --out-dir /home/ruize/openvmm-restore-v1/target/verus-partial/debug/deps -C incremental=/home/ruize/openvmm-restore-v1/target/verus-partial/debug/incremental -L dependency=/home/ruize/openvmm-restore-v1/target/verus-partial/debug/deps --extern mesh=/home/ruize/openvmm-restore-v1/target/verus-partial/debug/deps/libmesh-57a4fc15b8866963.rmeta --extern vm_resource=/home/ruize/openvmm-restore-v1/target/verus-partial/debug/deps/libvm_resource-993cabff7fd1557b.rmeta -Cforce-frame-pointers=yes -Csymbol-mangling-version=v0 -Z checksum-hash-algorithm=blake3`
     Running `/home/ruize/openvmm-restore-v1/toolchain/verus-src/source/target-verus/release/verus /home/ruize/.rustup/toolchains/1.94.0-x86_64-unknown-linux-gnu/bin/rustc --crate-name net_backend_resources --edition=2024 vm/devices/net/net_backend_resources/src/lib.rs --error-format=json --json=diagnostic-rendered-ansi,artifacts,future-incompat --crate-type lib --emit=dep-info,metadata -C panic=abort -C embed-bitcode=no -C debuginfo=2 --warn=rust_2018_idioms --deny=future_incompatible --warn=unused_qualifications --forbid=unsafe_op_in_unsafe_fn --deny=unsafe_code '--warn=clippy::unnecessary_box_returns' '--allow=clippy::uninlined_format_args' --warn=unexpected_cfgs '--warn=clippy::undocumented_unsafe_blocks' '--allow=clippy::type_complexity' '--allow=clippy::too_many_arguments' '--warn=clippy::suboptimal_flops' '--allow=clippy::single_range_in_vec_init' '--warn=clippy::rest_pat_in_fully_bound_structs' '--warn=clippy::ref_option_ref' '--warn=clippy::ref_as_ptr' '--warn=clippy::ptr_cast_constness' '--warn=clippy::ptr_as_ptr' '--warn=clippy::option_option' '--allow=clippy::new_without_default' --warn=missing_docs '--allow=clippy::manual_flatten' '--warn=clippy::macro_use_imports' '--warn=clippy::lossy_float_literal' '--warn=clippy::linkedlist' '--allow=clippy::len_without_is_empty' '--warn=clippy::inefficient_to_string' '--warn=clippy::imprecise_flops' '--warn=clippy::implicit_clone' '--warn=clippy::fn_params_excessive_bools' '--warn=clippy::filter_map_next' '--warn=clippy::debug_assert_with_mut_call' '--warn=clippy::dbg_macro' '--allow=clippy::collapsible_match' '--allow=clippy::collapsible_if' '--allow=clippy::collapsible_else_if' '--allow=clippy::box_default' '--allow=clippy::bool_assert_comparison' '--warn=clippy::allow_attributes' --check-cfg 'cfg(trick_rust_analyzer_into_highlighting_interpolated_bits)' --check-cfg 'cfg(docsrs,test)' --check-cfg 'cfg(feature, values())' -C metadata=b0c42cae2e7d7d2b -C extra-filename=-78e326445cc7afed --out-dir /home/ruize/openvmm-restore-v1/target/verus-partial/debug/deps -C incremental=/home/ruize/openvmm-restore-v1/target/verus-partial/debug/incremental -L dependency=/home/ruize/openvmm-restore-v1/target/verus-partial/debug/deps --extern guid=/home/ruize/openvmm-restore-v1/target/verus-partial/debug/deps/libguid-c5aadcc960c694cf.rmeta --extern inspect=/home/ruize/openvmm-restore-v1/target/verus-partial/debug/deps/libinspect-73522c66cc8d2005.rmeta --extern mesh=/home/ruize/openvmm-restore-v1/target/verus-partial/debug/deps/libmesh-57a4fc15b8866963.rmeta --extern thiserror=/home/ruize/openvmm-restore-v1/target/verus-partial/debug/deps/libthiserror-bb5470d7886e4e69.rmeta --extern vm_resource=/home/ruize/openvmm-restore-v1/target/verus-partial/debug/deps/libvm_resource-993cabff7fd1557b.rmeta -Cforce-frame-pointers=yes -Csymbol-mangling-version=v0 -Z checksum-hash-algorithm=blake3`
     Running `/home/ruize/openvmm-restore-v1/toolchain/verus-src/source/target-verus/release/verus /home/ruize/.rustup/toolchains/1.94.0-x86_64-unknown-linux-gnu/bin/rustc --crate-name hypervisor_resources --edition=2024 openvmm/hypervisor_resources/src/lib.rs --error-format=json --json=diagnostic-rendered-ansi,artifacts,future-incompat --crate-type lib --emit=dep-info,metadata -C panic=abort -C embed-bitcode=no -C debuginfo=2 --warn=rust_2018_idioms --deny=future_incompatible --warn=unused_qualifications --forbid=unsafe_op_in_unsafe_fn --deny=unsafe_code '--warn=clippy::unnecessary_box_returns' '--allow=clippy::uninlined_format_args' --warn=unexpected_cfgs '--warn=clippy::undocumented_unsafe_blocks' '--allow=clippy::type_complexity' '--allow=clippy::too_many_arguments' '--warn=clippy::suboptimal_flops' '--allow=clippy::single_range_in_vec_init' '--warn=clippy::rest_pat_in_fully_bound_structs' '--warn=clippy::ref_option_ref' '--warn=clippy::ref_as_ptr' '--warn=clippy::ptr_cast_constness' '--warn=clippy::ptr_as_ptr' '--warn=clippy::option_option' '--allow=clippy::new_without_default' --warn=missing_docs '--allow=clippy::manual_flatten' '--warn=clippy::macro_use_imports' '--warn=clippy::lossy_float_literal' '--warn=clippy::linkedlist' '--allow=clippy::len_without_is_empty' '--warn=clippy::inefficient_to_string' '--warn=clippy::imprecise_flops' '--warn=clippy::implicit_clone' '--warn=clippy::fn_params_excessive_bools' '--warn=clippy::filter_map_next' '--warn=clippy::debug_assert_with_mut_call' '--warn=clippy::dbg_macro' '--allow=clippy::collapsible_match' '--allow=clippy::collapsible_if' '--allow=clippy::collapsible_else_if' '--allow=clippy::box_default' '--allow=clippy::bool_assert_comparison' '--warn=clippy::allow_attributes' --check-cfg 'cfg(trick_rust_analyzer_into_highlighting_interpolated_bits)' --check-cfg 'cfg(docsrs,test)' --check-cfg 'cfg(feature, values())' -C metadata=ed806ee357ffc050 -C extra-filename=-bd3f6f6798d22eef --out-dir /home/ruize/openvmm-restore-v1/target/verus-partial/debug/deps -C incremental=/home/ruize/openvmm-restore-v1/target/verus-partial/debug/incremental -L dependency=/home/ruize/openvmm-restore-v1/target/verus-partial/debug/deps --extern anyhow=/home/ruize/openvmm-restore-v1/target/verus-partial/debug/deps/libanyhow-1a1dcdb279f90ff5.rmeta --extern linkme=/home/ruize/openvmm-restore-v1/target/verus-partial/debug/deps/liblinkme-b30cbb555eeb2a20.rmeta --extern mesh=/home/ruize/openvmm-restore-v1/target/verus-partial/debug/deps/libmesh-57a4fc15b8866963.rmeta --extern vm_resource=/home/ruize/openvmm-restore-v1/target/verus-partial/debug/deps/libvm_resource-993cabff7fd1557b.rmeta -Cforce-frame-pointers=yes -Csymbol-mangling-version=v0 -Z checksum-hash-algorithm=blake3`
    Checking scsi_buffers v0.0.0 (/home/ruize/openvmm-restore-v1/vm/devices/storage/scsi_buffers)
     Running `/home/ruize/openvmm-restore-v1/toolchain/verus-src/source/target-verus/release/verus /home/ruize/.rustup/toolchains/1.94.0-x86_64-unknown-linux-gnu/bin/rustc --crate-name scsi_buffers --edition=2024 vm/devices/storage/scsi_buffers/src/lib.rs --error-format=json --json=diagnostic-rendered-ansi,artifacts,future-incompat --crate-type lib --emit=dep-info,metadata -C panic=abort -C embed-bitcode=no -C debuginfo=2 --warn=rust_2018_idioms --deny=future_incompatible --warn=unused_qualifications --forbid=unsafe_op_in_unsafe_fn --deny=unsafe_code '--warn=clippy::unnecessary_box_returns' '--allow=clippy::uninlined_format_args' --warn=unexpected_cfgs '--warn=clippy::undocumented_unsafe_blocks' '--allow=clippy::type_complexity' '--allow=clippy::too_many_arguments' '--warn=clippy::suboptimal_flops' '--allow=clippy::single_range_in_vec_init' '--warn=clippy::rest_pat_in_fully_bound_structs' '--warn=clippy::ref_option_ref' '--warn=clippy::ref_as_ptr' '--warn=clippy::ptr_cast_constness' '--warn=clippy::ptr_as_ptr' '--warn=clippy::option_option' '--allow=clippy::new_without_default' --warn=missing_docs '--allow=clippy::manual_flatten' '--warn=clippy::macro_use_imports' '--warn=clippy::lossy_float_literal' '--warn=clippy::linkedlist' '--allow=clippy::len_without_is_empty' '--warn=clippy::inefficient_to_string' '--warn=clippy::imprecise_flops' '--warn=clippy::implicit_clone' '--warn=clippy::fn_params_excessive_bools' '--warn=clippy::filter_map_next' '--warn=clippy::debug_assert_with_mut_call' '--warn=clippy::dbg_macro' '--allow=clippy::collapsible_match' '--allow=clippy::collapsible_if' '--allow=clippy::collapsible_else_if' '--allow=clippy::box_default' '--allow=clippy::bool_assert_comparison' '--warn=clippy::allow_attributes' --check-cfg 'cfg(trick_rust_analyzer_into_highlighting_interpolated_bits)' --check-cfg 'cfg(docsrs,test)' --check-cfg 'cfg(feature, values())' -C metadata=cb94fcb871703653 -C extra-filename=-c30d5dcad2c1f064 --out-dir /home/ruize/openvmm-restore-v1/target/verus-partial/debug/deps -C incremental=/home/ruize/openvmm-restore-v1/target/verus-partial/debug/incremental -L dependency=/home/ruize/openvmm-restore-v1/target/verus-partial/debug/deps --extern event_listener=/home/ruize/openvmm-restore-v1/target/verus-partial/debug/deps/libevent_listener-1c5d4f3f64b7833e.rmeta --extern guestmem=/home/ruize/openvmm-restore-v1/target/verus-partial/debug/deps/libguestmem-733728c3bca7fa9f.rmeta --extern safeatomic=/home/ruize/openvmm-restore-v1/target/verus-partial/debug/deps/libsafeatomic-9d5dacf6855d44bb.rmeta --extern smallvec=/home/ruize/openvmm-restore-v1/target/verus-partial/debug/deps/libsmallvec-93984935772e49f2.rmeta --extern zerocopy=/home/ruize/openvmm-restore-v1/target/verus-partial/debug/deps/libzerocopy-2fbbd02099a22f14.rmeta -Cforce-frame-pointers=yes -Csymbol-mangling-version=v0 -Z checksum-hash-algorithm=blake3`
    Checking get_resources v0.0.0 (/home/ruize/openvmm-restore-v1/vm/devices/get/get_resources)
     Running `/home/ruize/openvmm-restore-v1/toolchain/verus-src/source/target-verus/release/verus /home/ruize/.rustup/toolchains/1.94.0-x86_64-unknown-linux-gnu/bin/rustc --crate-name get_resources --edition=2024 vm/devices/get/get_resources/src/lib.rs --error-format=json --json=diagnostic-rendered-ansi,artifacts,future-incompat --crate-type lib --emit=dep-info,metadata -C panic=abort -C embed-bitcode=no -C debuginfo=2 --warn=rust_2018_idioms --deny=future_incompatible --warn=unused_qualifications --forbid=unsafe_op_in_unsafe_fn --deny=unsafe_code '--warn=clippy::unnecessary_box_returns' '--allow=clippy::uninlined_format_args' --warn=unexpected_cfgs '--warn=clippy::undocumented_unsafe_blocks' '--allow=clippy::type_complexity' '--allow=clippy::too_many_arguments' '--warn=clippy::suboptimal_flops' '--allow=clippy::single_range_in_vec_init' '--warn=clippy::rest_pat_in_fully_bound_structs' '--warn=clippy::ref_option_ref' '--warn=clippy::ref_as_ptr' '--warn=clippy::ptr_cast_constness' '--warn=clippy::ptr_as_ptr' '--warn=clippy::option_option' '--allow=clippy::new_without_default' --warn=missing_docs '--allow=clippy::manual_flatten' '--warn=clippy::macro_use_imports' '--warn=clippy::lossy_float_literal' '--warn=clippy::linkedlist' '--allow=clippy::len_without_is_empty' '--warn=clippy::inefficient_to_string' '--warn=clippy::imprecise_flops' '--warn=clippy::implicit_clone' '--warn=clippy::fn_params_excessive_bools' '--warn=clippy::filter_map_next' '--warn=clippy::debug_assert_with_mut_call' '--warn=clippy::dbg_macro' '--allow=clippy::collapsible_match' '--allow=clippy::collapsible_if' '--allow=clippy::collapsible_else_if' '--allow=clippy::box_default' '--allow=clippy::bool_assert_comparison' '--warn=clippy::allow_attributes' --check-cfg 'cfg(trick_rust_analyzer_into_highlighting_interpolated_bits)' --check-cfg 'cfg(docsrs,test)' --check-cfg 'cfg(feature, values())' -C metadata=84b4f59fdffb8b51 -C extra-filename=-f98f02162e35125a --out-dir /home/ruize/openvmm-restore-v1/target/verus-partial/debug/deps -C incremental=/home/ruize/openvmm-restore-v1/target/verus-partial/debug/incremental -L dependency=/home/ruize/openvmm-restore-v1/target/verus-partial/debug/deps --extern inspect=/home/ruize/openvmm-restore-v1/target/verus-partial/debug/deps/libinspect-73522c66cc8d2005.rmeta --extern mesh=/home/ruize/openvmm-restore-v1/target/verus-partial/debug/deps/libmesh-57a4fc15b8866963.rmeta --extern thiserror=/home/ruize/openvmm-restore-v1/target/verus-partial/debug/deps/libthiserror-bb5470d7886e4e69.rmeta --extern vm_resource=/home/ruize/openvmm-restore-v1/target/verus-partial/debug/deps/libvm_resource-993cabff7fd1557b.rmeta --extern vmgs_resources=/home/ruize/openvmm-restore-v1/target/verus-partial/debug/deps/libvmgs_resources-1db2743ff0956ae3.rmeta -Cforce-frame-pointers=yes -Csymbol-mangling-version=v0 -Z checksum-hash-algorithm=blake3`
    Checking chipset_device v0.0.0 (/home/ruize/openvmm-restore-v1/vm/chipset_device)
    Checking disk_backend v0.0.0 (/home/ruize/openvmm-restore-v1/vm/devices/storage/disk_backend)
    Checking scsi_core v0.0.0 (/home/ruize/openvmm-restore-v1/vm/devices/storage/scsi_core)
    Checking generation_id v0.0.0 (/home/ruize/openvmm-restore-v1/vm/devices/firmware/generation_id)
    Checking state_unit v0.0.0 (/home/ruize/openvmm-restore-v1/vmm_core/state_unit)
     Running `/home/ruize/openvmm-restore-v1/toolchain/verus-src/source/target-verus/release/verus /home/ruize/.rustup/toolchains/1.94.0-x86_64-unknown-linux-gnu/bin/rustc --crate-name chipset_device --edition=2024 vm/chipset_device/src/lib.rs --error-format=json --json=diagnostic-rendered-ansi,artifacts,future-incompat --crate-type lib --emit=dep-info,metadata -C panic=abort -C embed-bitcode=no -C debuginfo=2 --warn=rust_2018_idioms --deny=future_incompatible --warn=unused_qualifications --forbid=unsafe_op_in_unsafe_fn --deny=unsafe_code '--warn=clippy::unnecessary_box_returns' '--allow=clippy::uninlined_format_args' --warn=unexpected_cfgs '--warn=clippy::undocumented_unsafe_blocks' '--allow=clippy::type_complexity' '--allow=clippy::too_many_arguments' '--warn=clippy::suboptimal_flops' '--allow=clippy::single_range_in_vec_init' '--warn=clippy::rest_pat_in_fully_bound_structs' '--warn=clippy::ref_option_ref' '--warn=clippy::ref_as_ptr' '--warn=clippy::ptr_cast_constness' '--warn=clippy::ptr_as_ptr' '--warn=clippy::option_option' '--allow=clippy::new_without_default' --warn=missing_docs '--allow=clippy::manual_flatten' '--warn=clippy::macro_use_imports' '--warn=clippy::lossy_float_literal' '--warn=clippy::linkedlist' '--allow=clippy::len_without_is_empty' '--warn=clippy::inefficient_to_string' '--warn=clippy::imprecise_flops' '--warn=clippy::implicit_clone' '--warn=clippy::fn_params_excessive_bools' '--warn=clippy::filter_map_next' '--warn=clippy::debug_assert_with_mut_call' '--warn=clippy::dbg_macro' '--allow=clippy::collapsible_match' '--allow=clippy::collapsible_if' '--allow=clippy::collapsible_else_if' '--allow=clippy::box_default' '--allow=clippy::bool_assert_comparison' '--warn=clippy::allow_attributes' --check-cfg 'cfg(trick_rust_analyzer_into_highlighting_interpolated_bits)' --check-cfg 'cfg(docsrs,test)' --check-cfg 'cfg(feature, values())' -C metadata=20a1015b7ffafdf5 -C extra-filename=-3fc712194da26372 --out-dir /home/ruize/openvmm-restore-v1/target/verus-partial/debug/deps -C incremental=/home/ruize/openvmm-restore-v1/target/verus-partial/debug/incremental -L dependency=/home/ruize/openvmm-restore-v1/target/verus-partial/debug/deps --extern inspect=/home/ruize/openvmm-restore-v1/target/verus-partial/debug/deps/libinspect-73522c66cc8d2005.rmeta --extern mesh=/home/ruize/openvmm-restore-v1/target/verus-partial/debug/deps/libmesh-57a4fc15b8866963.rmeta --extern tdisp=/home/ruize/openvmm-restore-v1/target/verus-partial/debug/deps/libtdisp-7c10be8c83f8d80a.rmeta --extern vmcore=/home/ruize/openvmm-restore-v1/target/verus-partial/debug/deps/libvmcore-5b100dfb308d64b5.rmeta --extern zerocopy=/home/ruize/openvmm-restore-v1/target/verus-partial/debug/deps/libzerocopy-2fbbd02099a22f14.rmeta -Cforce-frame-pointers=yes -Csymbol-mangling-version=v0 -Z checksum-hash-algorithm=blake3`
     Running `/home/ruize/openvmm-restore-v1/toolchain/verus-src/source/target-verus/release/verus /home/ruize/.rustup/toolchains/1.94.0-x86_64-unknown-linux-gnu/bin/rustc --crate-name disk_backend --edition=2024 vm/devices/storage/disk_backend/src/lib.rs --error-format=json --json=diagnostic-rendered-ansi,artifacts,future-incompat --crate-type lib --emit=dep-info,metadata -C panic=abort -C embed-bitcode=no -C debuginfo=2 --warn=rust_2018_idioms --deny=future_incompatible --warn=unused_qualifications --forbid=unsafe_op_in_unsafe_fn --deny=unsafe_code '--warn=clippy::unnecessary_box_returns' '--allow=clippy::uninlined_format_args' --warn=unexpected_cfgs '--warn=clippy::undocumented_unsafe_blocks' '--allow=clippy::type_complexity' '--allow=clippy::too_many_arguments' '--warn=clippy::suboptimal_flops' '--allow=clippy::single_range_in_vec_init' '--warn=clippy::rest_pat_in_fully_bound_structs' '--warn=clippy::ref_option_ref' '--warn=clippy::ref_as_ptr' '--warn=clippy::ptr_cast_constness' '--warn=clippy::ptr_as_ptr' '--warn=clippy::option_option' '--allow=clippy::new_without_default' --warn=missing_docs '--allow=clippy::manual_flatten' '--warn=clippy::macro_use_imports' '--warn=clippy::lossy_float_literal' '--warn=clippy::linkedlist' '--allow=clippy::len_without_is_empty' '--warn=clippy::inefficient_to_string' '--warn=clippy::imprecise_flops' '--warn=clippy::implicit_clone' '--warn=clippy::fn_params_excessive_bools' '--warn=clippy::filter_map_next' '--warn=clippy::debug_assert_with_mut_call' '--warn=clippy::dbg_macro' '--allow=clippy::collapsible_match' '--allow=clippy::collapsible_if' '--allow=clippy::collapsible_else_if' '--allow=clippy::box_default' '--allow=clippy::bool_assert_comparison' '--warn=clippy::allow_attributes' --check-cfg 'cfg(trick_rust_analyzer_into_highlighting_interpolated_bits)' --check-cfg 'cfg(docsrs,test)' --check-cfg 'cfg(feature, values())' -C metadata=3b7478f0baaf180d -C extra-filename=-5f7265c0f692e4d5 --out-dir /home/ruize/openvmm-restore-v1/target/verus-partial/debug/deps -C incremental=/home/ruize/openvmm-restore-v1/target/verus-partial/debug/incremental -L dependency=/home/ruize/openvmm-restore-v1/target/verus-partial/debug/deps --extern async_trait=/home/ruize/openvmm-restore-v1/target/verus-partial/debug/deps/libasync_trait-c5f6c49640f81610.so --extern futures=/home/ruize/openvmm-restore-v1/target/verus-partial/debug/deps/libfutures-5a1ca119b27a8d6d.rmeta --extern guestmem=/home/ruize/openvmm-restore-v1/target/verus-partial/debug/deps/libguestmem-733728c3bca7fa9f.rmeta --extern inspect=/home/ruize/openvmm-restore-v1/target/verus-partial/debug/deps/libinspect-73522c66cc8d2005.rmeta --extern scsi_buffers=/home/ruize/openvmm-restore-v1/target/verus-partial/debug/deps/libscsi_buffers-c30d5dcad2c1f064.rmeta --extern stackfuture=/home/ruize/openvmm-restore-v1/target/verus-partial/debug/deps/libstackfuture-2a74e60334071096.rmeta --extern thiserror=/home/ruize/openvmm-restore-v1/target/verus-partial/debug/deps/libthiserror-bb5470d7886e4e69.rmeta --extern vm_resource=/home/ruize/openvmm-restore-v1/target/verus-partial/debug/deps/libvm_resource-993cabff7fd1557b.rmeta --extern vmcore=/home/ruize/openvmm-restore-v1/target/verus-partial/debug/deps/libvmcore-5b100dfb308d64b5.rmeta -Cforce-frame-pointers=yes -Csymbol-mangling-version=v0 -Z checksum-hash-algorithm=blake3`
     Running `/home/ruize/openvmm-restore-v1/toolchain/verus-src/source/target-verus/release/verus /home/ruize/.rustup/toolchains/1.94.0-x86_64-unknown-linux-gnu/bin/rustc --crate-name scsi_core --edition=2024 vm/devices/storage/scsi_core/src/lib.rs --error-format=json --json=diagnostic-rendered-ansi,artifacts,future-incompat --crate-type lib --emit=dep-info,metadata -C panic=abort -C embed-bitcode=no -C debuginfo=2 --warn=rust_2018_idioms --deny=future_incompatible --warn=unused_qualifications --forbid=unsafe_op_in_unsafe_fn --deny=unsafe_code '--warn=clippy::unnecessary_box_returns' '--allow=clippy::uninlined_format_args' --warn=unexpected_cfgs '--warn=clippy::undocumented_unsafe_blocks' '--allow=clippy::type_complexity' '--allow=clippy::too_many_arguments' '--warn=clippy::suboptimal_flops' '--allow=clippy::single_range_in_vec_init' '--warn=clippy::rest_pat_in_fully_bound_structs' '--warn=clippy::ref_option_ref' '--warn=clippy::ref_as_ptr' '--warn=clippy::ptr_cast_constness' '--warn=clippy::ptr_as_ptr' '--warn=clippy::option_option' '--allow=clippy::new_without_default' --warn=missing_docs '--allow=clippy::manual_flatten' '--warn=clippy::macro_use_imports' '--warn=clippy::lossy_float_literal' '--warn=clippy::linkedlist' '--allow=clippy::len_without_is_empty' '--warn=clippy::inefficient_to_string' '--warn=clippy::imprecise_flops' '--warn=clippy::implicit_clone' '--warn=clippy::fn_params_excessive_bools' '--warn=clippy::filter_map_next' '--warn=clippy::debug_assert_with_mut_call' '--warn=clippy::dbg_macro' '--allow=clippy::collapsible_match' '--allow=clippy::collapsible_if' '--allow=clippy::collapsible_else_if' '--allow=clippy::box_default' '--allow=clippy::bool_assert_comparison' '--warn=clippy::allow_attributes' --check-cfg 'cfg(trick_rust_analyzer_into_highlighting_interpolated_bits)' --check-cfg 'cfg(docsrs,test)' --check-cfg 'cfg(feature, values())' -C metadata=198293cdebb8a5d8 -C extra-filename=-b041d6459739989c --out-dir /home/ruize/openvmm-restore-v1/target/verus-partial/debug/deps -C incremental=/home/ruize/openvmm-restore-v1/target/verus-partial/debug/incremental -L dependency=/home/ruize/openvmm-restore-v1/target/verus-partial/debug/deps --extern inspect=/home/ruize/openvmm-restore-v1/target/verus-partial/debug/deps/libinspect-73522c66cc8d2005.rmeta --extern mesh=/home/ruize/openvmm-restore-v1/target/verus-partial/debug/deps/libmesh-57a4fc15b8866963.rmeta --extern scsi_buffers=/home/ruize/openvmm-restore-v1/target/verus-partial/debug/deps/libscsi_buffers-c30d5dcad2c1f064.rmeta --extern scsi_defs=/home/ruize/openvmm-restore-v1/target/verus-partial/debug/deps/libscsi_defs-3afd2967433cb995.rmeta --extern stackfuture=/home/ruize/openvmm-restore-v1/target/verus-partial/debug/deps/libstackfuture-2a74e60334071096.rmeta --extern vm_resource=/home/ruize/openvmm-restore-v1/target/verus-partial/debug/deps/libvm_resource-993cabff7fd1557b.rmeta --extern vmcore=/home/ruize/openvmm-restore-v1/target/verus-partial/debug/deps/libvmcore-5b100dfb308d64b5.rmeta -Cforce-frame-pointers=yes -Csymbol-mangling-version=v0 -Z checksum-hash-algorithm=blake3`
     Running `/home/ruize/openvmm-restore-v1/toolchain/verus-src/source/target-verus/release/verus /home/ruize/.rustup/toolchains/1.94.0-x86_64-unknown-linux-gnu/bin/rustc --crate-name generation_id --edition=2024 vm/devices/firmware/generation_id/src/lib.rs --error-format=json --json=diagnostic-rendered-ansi,artifacts,future-incompat --crate-type lib --emit=dep-info,metadata -C panic=abort -C embed-bitcode=no -C debuginfo=2 --warn=rust_2018_idioms --deny=future_incompatible --warn=unused_qualifications --forbid=unsafe_op_in_unsafe_fn --deny=unsafe_code '--warn=clippy::unnecessary_box_returns' '--allow=clippy::uninlined_format_args' --warn=unexpected_cfgs '--warn=clippy::undocumented_unsafe_blocks' '--allow=clippy::type_complexity' '--allow=clippy::too_many_arguments' '--warn=clippy::suboptimal_flops' '--allow=clippy::single_range_in_vec_init' '--warn=clippy::rest_pat_in_fully_bound_structs' '--warn=clippy::ref_option_ref' '--warn=clippy::ref_as_ptr' '--warn=clippy::ptr_cast_constness' '--warn=clippy::ptr_as_ptr' '--warn=clippy::option_option' '--allow=clippy::new_without_default' --warn=missing_docs '--allow=clippy::manual_flatten' '--warn=clippy::macro_use_imports' '--warn=clippy::lossy_float_literal' '--warn=clippy::linkedlist' '--allow=clippy::len_without_is_empty' '--warn=clippy::inefficient_to_string' '--warn=clippy::imprecise_flops' '--warn=clippy::implicit_clone' '--warn=clippy::fn_params_excessive_bools' '--warn=clippy::filter_map_next' '--warn=clippy::debug_assert_with_mut_call' '--warn=clippy::dbg_macro' '--allow=clippy::collapsible_match' '--allow=clippy::collapsible_if' '--allow=clippy::collapsible_else_if' '--allow=clippy::box_default' '--allow=clippy::bool_assert_comparison' '--warn=clippy::allow_attributes' --check-cfg 'cfg(trick_rust_analyzer_into_highlighting_interpolated_bits)' --check-cfg 'cfg(docsrs,test)' --check-cfg 'cfg(feature, values())' -C metadata=dba7e9c103bd0250 -C extra-filename=-81aed06f4353c947 --out-dir /home/ruize/openvmm-restore-v1/target/verus-partial/debug/deps -C incremental=/home/ruize/openvmm-restore-v1/target/verus-partial/debug/incremental -L dependency=/home/ruize/openvmm-restore-v1/target/verus-partial/debug/deps --extern getrandom=/home/ruize/openvmm-restore-v1/target/verus-partial/debug/deps/libgetrandom-26d6fb37d469a72c.rmeta --extern guestmem=/home/ruize/openvmm-restore-v1/target/verus-partial/debug/deps/libguestmem-733728c3bca7fa9f.rmeta --extern inspect=/home/ruize/openvmm-restore-v1/target/verus-partial/debug/deps/libinspect-73522c66cc8d2005.rmeta --extern mesh=/home/ruize/openvmm-restore-v1/target/verus-partial/debug/deps/libmesh-57a4fc15b8866963.rmeta --extern tracelimit=/home/ruize/openvmm-restore-v1/target/verus-partial/debug/deps/libtracelimit-ef06c7f3811b764c.rmeta --extern tracing=/home/ruize/openvmm-restore-v1/target/verus-partial/debug/deps/libtracing-669be71d75ac272a.rmeta --extern vmcore=/home/ruize/openvmm-restore-v1/target/verus-partial/debug/deps/libvmcore-5b100dfb308d64b5.rmeta -Cforce-frame-pointers=yes -Csymbol-mangling-version=v0 -Z checksum-hash-algorithm=blake3`
     Running `/home/ruize/openvmm-restore-v1/toolchain/verus-src/source/target-verus/release/verus /home/ruize/.rustup/toolchains/1.94.0-x86_64-unknown-linux-gnu/bin/rustc --crate-name state_unit --edition=2024 vmm_core/state_unit/src/lib.rs --error-format=json --json=diagnostic-rendered-ansi,artifacts,future-incompat --crate-type lib --emit=dep-info,metadata -C panic=abort -C embed-bitcode=no -C debuginfo=2 --warn=rust_2018_idioms --deny=future_incompatible --warn=unused_qualifications --forbid=unsafe_op_in_unsafe_fn --deny=unsafe_code '--warn=clippy::unnecessary_box_returns' '--allow=clippy::uninlined_format_args' --warn=unexpected_cfgs '--warn=clippy::undocumented_unsafe_blocks' '--allow=clippy::type_complexity' '--allow=clippy::too_many_arguments' '--warn=clippy::suboptimal_flops' '--allow=clippy::single_range_in_vec_init' '--warn=clippy::rest_pat_in_fully_bound_structs' '--warn=clippy::ref_option_ref' '--warn=clippy::ref_as_ptr' '--warn=clippy::ptr_cast_constness' '--warn=clippy::ptr_as_ptr' '--warn=clippy::option_option' '--allow=clippy::new_without_default' --warn=missing_docs '--allow=clippy::manual_flatten' '--warn=clippy::macro_use_imports' '--warn=clippy::lossy_float_literal' '--warn=clippy::linkedlist' '--allow=clippy::len_without_is_empty' '--warn=clippy::inefficient_to_string' '--warn=clippy::imprecise_flops' '--warn=clippy::implicit_clone' '--warn=clippy::fn_params_excessive_bools' '--warn=clippy::filter_map_next' '--warn=clippy::debug_assert_with_mut_call' '--warn=clippy::dbg_macro' '--allow=clippy::collapsible_match' '--allow=clippy::collapsible_if' '--allow=clippy::collapsible_else_if' '--allow=clippy::box_default' '--allow=clippy::bool_assert_comparison' '--warn=clippy::allow_attributes' --check-cfg 'cfg(trick_rust_analyzer_into_highlighting_interpolated_bits)' --check-cfg 'cfg(docsrs,test)' --check-cfg 'cfg(feature, values())' -C metadata=2841a6d1e087f5d1 -C extra-filename=-59cdd9a65335f457 --out-dir /home/ruize/openvmm-restore-v1/target/verus-partial/debug/deps -C incremental=/home/ruize/openvmm-restore-v1/target/verus-partial/debug/incremental -L dependency=/home/ruize/openvmm-restore-v1/target/verus-partial/debug/deps --extern anyhow=/home/ruize/openvmm-restore-v1/target/verus-partial/debug/deps/libanyhow-1a1dcdb279f90ff5.rmeta --extern event_listener=/home/ruize/openvmm-restore-v1/target/verus-partial/debug/deps/libevent_listener-1c5d4f3f64b7833e.rmeta --extern futures=/home/ruize/openvmm-restore-v1/target/verus-partial/debug/deps/libfutures-5a1ca119b27a8d6d.rmeta --extern futures_concurrency=/home/ruize/openvmm-restore-v1/target/verus-partial/debug/deps/libfutures_concurrency-b7017fe683035931.rmeta --extern inspect=/home/ruize/openvmm-restore-v1/target/verus-partial/debug/deps/libinspect-73522c66cc8d2005.rmeta --extern mesh=/home/ruize/openvmm-restore-v1/target/verus-partial/debug/deps/libmesh-57a4fc15b8866963.rmeta --extern pal_async=/home/ruize/openvmm-restore-v1/target/verus-partial/debug/deps/libpal_async-dca12e1bbf362961.rmeta --extern parking_lot=/home/ruize/openvmm-restore-v1/target/verus-partial/debug/deps/libparking_lot-3957aa1b9559146d.rmeta --extern thiserror=/home/ruize/openvmm-restore-v1/target/verus-partial/debug/deps/libthiserror-bb5470d7886e4e69.rmeta --extern tracing=/home/ruize/openvmm-restore-v1/target/verus-partial/debug/deps/libtracing-669be71d75ac272a.rmeta --extern vmcore=/home/ruize/openvmm-restore-v1/target/verus-partial/debug/deps/libvmcore-5b100dfb308d64b5.rmeta --extern vstd=/home/ruize/openvmm-restore-v1/target/verus-partial/debug/deps/libvstd-0b932679964ce3b0.rmeta -Cforce-frame-pointers=yes -Csymbol-mangling-version=v0 -Z checksum-hash-algorithm=blake3`
    Checking pci_core v0.0.0 (/home/ruize/openvmm-restore-v1/vm/devices/pci/pci_core)
    Checking chipset_device_resources v0.0.0 (/home/ruize/openvmm-restore-v1/vm/chipset_device_resources)
    Checking floppy_pcat_stub v0.0.0 (/home/ruize/openvmm-restore-v1/vm/devices/storage/floppy_pcat_stub)
    Checking framebuffer v0.0.0 (/home/ruize/openvmm-restore-v1/vm/devices/framebuffer)
     Running `/home/ruize/openvmm-restore-v1/toolchain/verus-src/source/target-verus/release/verus /home/ruize/.rustup/toolchains/1.94.0-x86_64-unknown-linux-gnu/bin/rustc --crate-name pci_core --edition=2024 vm/devices/pci/pci_core/src/lib.rs --error-format=json --json=diagnostic-rendered-ansi,artifacts,future-incompat --crate-type lib --emit=dep-info,metadata -C panic=abort -C embed-bitcode=no -C debuginfo=2 --warn=rust_2018_idioms --deny=future_incompatible --warn=unused_qualifications --forbid=unsafe_op_in_unsafe_fn --deny=unsafe_code '--warn=clippy::unnecessary_box_returns' '--allow=clippy::uninlined_format_args' --warn=unexpected_cfgs '--warn=clippy::undocumented_unsafe_blocks' '--allow=clippy::type_complexity' '--allow=clippy::too_many_arguments' '--warn=clippy::suboptimal_flops' '--allow=clippy::single_range_in_vec_init' '--warn=clippy::rest_pat_in_fully_bound_structs' '--warn=clippy::ref_option_ref' '--warn=clippy::ref_as_ptr' '--warn=clippy::ptr_cast_constness' '--warn=clippy::ptr_as_ptr' '--warn=clippy::option_option' '--allow=clippy::new_without_default' --warn=missing_docs '--allow=clippy::manual_flatten' '--warn=clippy::macro_use_imports' '--warn=clippy::lossy_float_literal' '--warn=clippy::linkedlist' '--allow=clippy::len_without_is_empty' '--warn=clippy::inefficient_to_string' '--warn=clippy::imprecise_flops' '--warn=clippy::implicit_clone' '--warn=clippy::fn_params_excessive_bools' '--warn=clippy::filter_map_next' '--warn=clippy::debug_assert_with_mut_call' '--warn=clippy::dbg_macro' '--allow=clippy::collapsible_match' '--allow=clippy::collapsible_if' '--allow=clippy::collapsible_else_if' '--allow=clippy::box_default' '--allow=clippy::bool_assert_comparison' '--warn=clippy::allow_attributes' --check-cfg 'cfg(trick_rust_analyzer_into_highlighting_interpolated_bits)' --check-cfg 'cfg(docsrs,test)' --check-cfg 'cfg(feature, values())' -C metadata=f0bf8b898a35a2d8 -C extra-filename=-ed71e3c3d5e2c665 --out-dir /home/ruize/openvmm-restore-v1/target/verus-partial/debug/deps -C incremental=/home/ruize/openvmm-restore-v1/target/verus-partial/debug/incremental -L dependency=/home/ruize/openvmm-restore-v1/target/verus-partial/debug/deps --extern anyhow=/home/ruize/openvmm-restore-v1/target/verus-partial/debug/deps/libanyhow-1a1dcdb279f90ff5.rmeta --extern bitfield_struct=/home/ruize/openvmm-restore-v1/target/verus-partial/debug/deps/libbitfield_struct-338153e689b05499.so --extern chipset_device=/home/ruize/openvmm-restore-v1/target/verus-partial/debug/deps/libchipset_device-3fc712194da26372.rmeta --extern guestmem=/home/ruize/openvmm-restore-v1/target/verus-partial/debug/deps/libguestmem-733728c3bca7fa9f.rmeta --extern inspect=/home/ruize/openvmm-restore-v1/target/verus-partial/debug/deps/libinspect-73522c66cc8d2005.rmeta --extern mesh=/home/ruize/openvmm-restore-v1/target/verus-partial/debug/deps/libmesh-57a4fc15b8866963.rmeta --extern open_enum=/home/ruize/openvmm-restore-v1/target/verus-partial/debug/deps/libopen_enum-44a4a1432a2a3dff.rmeta --extern pal_event=/home/ruize/openvmm-restore-v1/target/verus-partial/debug/deps/libpal_event-ad8314a85626886e.rmeta --extern parking_lot=/home/ruize/openvmm-restore-v1/target/verus-partial/debug/deps/libparking_lot-3957aa1b9559146d.rmeta --extern thiserror=/home/ruize/openvmm-restore-v1/target/verus-partial/debug/deps/libthiserror-bb5470d7886e4e69.rmeta --extern tracelimit=/home/ruize/openvmm-restore-v1/target/verus-partial/debug/deps/libtracelimit-ef06c7f3811b764c.rmeta --extern tracing=/home/ruize/openvmm-restore-v1/target/verus-partial/debug/deps/libtracing-669be71d75ac272a.rmeta --extern vmcore=/home/ruize/openvmm-restore-v1/target/verus-partial/debug/deps/libvmcore-5b100dfb308d64b5.rmeta --extern zerocopy=/home/ruize/openvmm-restore-v1/target/verus-partial/debug/deps/libzerocopy-2fbbd02099a22f14.rmeta -Cforce-frame-pointers=yes -Csymbol-mangling-version=v0 -Z checksum-hash-algorithm=blake3`
     Running `/home/ruize/openvmm-restore-v1/toolchain/verus-src/source/target-verus/release/verus /home/ruize/.rustup/toolchains/1.94.0-x86_64-unknown-linux-gnu/bin/rustc --crate-name floppy_pcat_stub --edition=2024 vm/devices/storage/floppy_pcat_stub/src/lib.rs --error-format=json --json=diagnostic-rendered-ansi,artifacts,future-incompat --crate-type lib --emit=dep-info,metadata -C panic=abort -C embed-bitcode=no -C debuginfo=2 --warn=rust_2018_idioms --deny=future_incompatible --warn=unused_qualifications --forbid=unsafe_op_in_unsafe_fn --deny=unsafe_code '--warn=clippy::unnecessary_box_returns' '--allow=clippy::uninlined_format_args' --warn=unexpected_cfgs '--warn=clippy::undocumented_unsafe_blocks' '--allow=clippy::type_complexity' '--allow=clippy::too_many_arguments' '--warn=clippy::suboptimal_flops' '--allow=clippy::single_range_in_vec_init' '--warn=clippy::rest_pat_in_fully_bound_structs' '--warn=clippy::ref_option_ref' '--warn=clippy::ref_as_ptr' '--warn=clippy::ptr_cast_constness' '--warn=clippy::ptr_as_ptr' '--warn=clippy::option_option' '--allow=clippy::new_without_default' --warn=missing_docs '--allow=clippy::manual_flatten' '--warn=clippy::macro_use_imports' '--warn=clippy::lossy_float_literal' '--warn=clippy::linkedlist' '--allow=clippy::len_without_is_empty' '--warn=clippy::inefficient_to_string' '--warn=clippy::imprecise_flops' '--warn=clippy::implicit_clone' '--warn=clippy::fn_params_excessive_bools' '--warn=clippy::filter_map_next' '--warn=clippy::debug_assert_with_mut_call' '--warn=clippy::dbg_macro' '--allow=clippy::collapsible_match' '--allow=clippy::collapsible_if' '--allow=clippy::collapsible_else_if' '--allow=clippy::box_default' '--allow=clippy::bool_assert_comparison' '--warn=clippy::allow_attributes' --check-cfg 'cfg(trick_rust_analyzer_into_highlighting_interpolated_bits)' --check-cfg 'cfg(docsrs,test)' --check-cfg 'cfg(feature, values())' -C metadata=d01f623cd798fee0 -C extra-filename=-6509d2cacfa11680 --out-dir /home/ruize/openvmm-restore-v1/target/verus-partial/debug/deps -C incremental=/home/ruize/openvmm-restore-v1/target/verus-partial/debug/incremental -L dependency=/home/ruize/openvmm-restore-v1/target/verus-partial/debug/deps --extern arrayvec=/home/ruize/openvmm-restore-v1/target/verus-partial/debug/deps/libarrayvec-e6f5a65ad261fe52.rmeta --extern bitfield_struct=/home/ruize/openvmm-restore-v1/target/verus-partial/debug/deps/libbitfield_struct-338153e689b05499.so --extern chipset_device=/home/ruize/openvmm-restore-v1/target/verus-partial/debug/deps/libchipset_device-3fc712194da26372.rmeta --extern inspect=/home/ruize/openvmm-restore-v1/target/verus-partial/debug/deps/libinspect-73522c66cc8d2005.rmeta --extern mesh=/home/ruize/openvmm-restore-v1/target/verus-partial/debug/deps/libmesh-57a4fc15b8866963.rmeta --extern open_enum=/home/ruize/openvmm-restore-v1/target/verus-partial/debug/deps/libopen_enum-44a4a1432a2a3dff.rmeta --extern tracelimit=/home/ruize/openvmm-restore-v1/target/verus-partial/debug/deps/libtracelimit-ef06c7f3811b764c.rmeta --extern tracing=/home/ruize/openvmm-restore-v1/target/verus-partial/debug/deps/libtracing-669be71d75ac272a.rmeta --extern vmcore=/home/ruize/openvmm-restore-v1/target/verus-partial/debug/deps/libvmcore-5b100dfb308d64b5.rmeta -Cforce-frame-pointers=yes -Csymbol-mangling-version=v0 -Z checksum-hash-algorithm=blake3`
     Running `/home/ruize/openvmm-restore-v1/toolchain/verus-src/source/target-verus/release/verus /home/ruize/.rustup/toolchains/1.94.0-x86_64-unknown-linux-gnu/bin/rustc --crate-name chipset_device_resources --edition=2024 vm/chipset_device_resources/src/lib.rs --error-format=json --json=diagnostic-rendered-ansi,artifacts,future-incompat --crate-type lib --emit=dep-info,metadata -C panic=abort -C embed-bitcode=no -C debuginfo=2 --warn=rust_2018_idioms --deny=future_incompatible --warn=unused_qualifications --forbid=unsafe_op_in_unsafe_fn --deny=unsafe_code '--warn=clippy::unnecessary_box_returns' '--allow=clippy::uninlined_format_args' --warn=unexpected_cfgs '--warn=clippy::undocumented_unsafe_blocks' '--allow=clippy::type_complexity' '--allow=clippy::too_many_arguments' '--warn=clippy::suboptimal_flops' '--allow=clippy::single_range_in_vec_init' '--warn=clippy::rest_pat_in_fully_bound_structs' '--warn=clippy::ref_option_ref' '--warn=clippy::ref_as_ptr' '--warn=clippy::ptr_cast_constness' '--warn=clippy::ptr_as_ptr' '--warn=clippy::option_option' '--allow=clippy::new_without_default' --warn=missing_docs '--allow=clippy::manual_flatten' '--warn=clippy::macro_use_imports' '--warn=clippy::lossy_float_literal' '--warn=clippy::linkedlist' '--allow=clippy::len_without_is_empty' '--warn=clippy::inefficient_to_string' '--warn=clippy::imprecise_flops' '--warn=clippy::implicit_clone' '--warn=clippy::fn_params_excessive_bools' '--warn=clippy::filter_map_next' '--warn=clippy::debug_assert_with_mut_call' '--warn=clippy::dbg_macro' '--allow=clippy::collapsible_match' '--allow=clippy::collapsible_if' '--allow=clippy::collapsible_else_if' '--allow=clippy::box_default' '--allow=clippy::bool_assert_comparison' '--warn=clippy::allow_attributes' --check-cfg 'cfg(trick_rust_analyzer_into_highlighting_interpolated_bits)' --check-cfg 'cfg(docsrs,test)' --check-cfg 'cfg(feature, values())' -C metadata=48971e52ce22d57f -C extra-filename=-00181d1a9c20f4ad --out-dir /home/ruize/openvmm-restore-v1/target/verus-partial/debug/deps -C incremental=/home/ruize/openvmm-restore-v1/target/verus-partial/debug/incremental -L dependency=/home/ruize/openvmm-restore-v1/target/verus-partial/debug/deps --extern anyhow=/home/ruize/openvmm-restore-v1/target/verus-partial/debug/deps/libanyhow-1a1dcdb279f90ff5.rmeta --extern async_trait=/home/ruize/openvmm-restore-v1/target/verus-partial/debug/deps/libasync_trait-c5f6c49640f81610.so --extern chipset_device=/home/ruize/openvmm-restore-v1/target/verus-partial/debug/deps/libchipset_device-3fc712194da26372.rmeta --extern guestmem=/home/ruize/openvmm-restore-v1/target/verus-partial/debug/deps/libguestmem-733728c3bca7fa9f.rmeta --extern inspect=/home/ruize/openvmm-restore-v1/target/verus-partial/debug/deps/libinspect-73522c66cc8d2005.rmeta --extern tdisp=/home/ruize/openvmm-restore-v1/target/verus-partial/debug/deps/libtdisp-7c10be8c83f8d80a.rmeta --extern vm_resource=/home/ruize/openvmm-restore-v1/target/verus-partial/debug/deps/libvm_resource-993cabff7fd1557b.rmeta --extern vmcore=/home/ruize/openvmm-restore-v1/target/verus-partial/debug/deps/libvmcore-5b100dfb308d64b5.rmeta -Cforce-frame-pointers=yes -Csymbol-mangling-version=v0 -Z checksum-hash-algorithm=blake3`
     Running `/home/ruize/openvmm-restore-v1/toolchain/verus-src/source/target-verus/release/verus /home/ruize/.rustup/toolchains/1.94.0-x86_64-unknown-linux-gnu/bin/rustc --crate-name framebuffer --edition=2024 vm/devices/framebuffer/src/lib.rs --error-format=json --json=diagnostic-rendered-ansi,artifacts,future-incompat --crate-type lib --emit=dep-info,metadata -C panic=abort -C embed-bitcode=no -C debuginfo=2 --warn=rust_2018_idioms --deny=future_incompatible --warn=unused_qualifications --forbid=unsafe_op_in_unsafe_fn --deny=unsafe_code '--warn=clippy::unnecessary_box_returns' '--allow=clippy::uninlined_format_args' --warn=unexpected_cfgs '--warn=clippy::undocumented_unsafe_blocks' '--allow=clippy::type_complexity' '--allow=clippy::too_many_arguments' '--warn=clippy::suboptimal_flops' '--allow=clippy::single_range_in_vec_init' '--warn=clippy::rest_pat_in_fully_bound_structs' '--warn=clippy::ref_option_ref' '--warn=clippy::ref_as_ptr' '--warn=clippy::ptr_cast_constness' '--warn=clippy::ptr_as_ptr' '--warn=clippy::option_option' '--allow=clippy::new_without_default' --warn=missing_docs '--allow=clippy::manual_flatten' '--warn=clippy::macro_use_imports' '--warn=clippy::lossy_float_literal' '--warn=clippy::linkedlist' '--allow=clippy::len_without_is_empty' '--warn=clippy::inefficient_to_string' '--warn=clippy::imprecise_flops' '--warn=clippy::implicit_clone' '--warn=clippy::fn_params_excessive_bools' '--warn=clippy::filter_map_next' '--warn=clippy::debug_assert_with_mut_call' '--warn=clippy::dbg_macro' '--allow=clippy::collapsible_match' '--allow=clippy::collapsible_if' '--allow=clippy::collapsible_else_if' '--allow=clippy::box_default' '--allow=clippy::bool_assert_comparison' '--warn=clippy::allow_attributes' --check-cfg 'cfg(trick_rust_analyzer_into_highlighting_interpolated_bits)' --check-cfg 'cfg(docsrs,test)' --check-cfg 'cfg(feature, values())' -C metadata=865e06f54f7d74ef -C extra-filename=-d90dc0c097fc8524 --out-dir /home/ruize/openvmm-restore-v1/target/verus-partial/debug/deps -C incremental=/home/ruize/openvmm-restore-v1/target/verus-partial/debug/incremental -L dependency=/home/ruize/openvmm-restore-v1/target/verus-partial/debug/deps --extern anyhow=/home/ruize/openvmm-restore-v1/target/verus-partial/debug/deps/libanyhow-1a1dcdb279f90ff5.rmeta --extern async_trait=/home/ruize/openvmm-restore-v1/target/verus-partial/debug/deps/libasync_trait-c5f6c49640f81610.so --extern chipset_device=/home/ruize/openvmm-restore-v1/target/verus-partial/debug/deps/libchipset_device-3fc712194da26372.rmeta --extern guestmem=/home/ruize/openvmm-restore-v1/target/verus-partial/debug/deps/libguestmem-733728c3bca7fa9f.rmeta --extern inspect=/home/ruize/openvmm-restore-v1/target/verus-partial/debug/deps/libinspect-73522c66cc8d2005.rmeta --extern memory_range=/home/ruize/openvmm-restore-v1/target/verus-partial/debug/deps/libmemory_range-15ee9310ad9fd0ca.rmeta --extern mesh=/home/ruize/openvmm-restore-v1/target/verus-partial/debug/deps/libmesh-57a4fc15b8866963.rmeta --extern parking_lot=/home/ruize/openvmm-restore-v1/target/verus-partial/debug/deps/libparking_lot-3957aa1b9559146d.rmeta --extern sparse_mmap=/home/ruize/openvmm-restore-v1/target/verus-partial/debug/deps/libsparse_mmap-e236a47d6ff2e9ae.rmeta --extern tracing=/home/ruize/openvmm-restore-v1/target/verus-partial/debug/deps/libtracing-669be71d75ac272a.rmeta --extern video_core=/home/ruize/openvmm-restore-v1/target/verus-partial/debug/deps/libvideo_core-ebc7f9a109a0d56b.rmeta --extern vm_resource=/home/ruize/openvmm-restore-v1/target/verus-partial/debug/deps/libvm_resource-993cabff7fd1557b.rmeta --extern vmcore=/home/ruize/openvmm-restore-v1/target/verus-partial/debug/deps/libvmcore-5b100dfb308d64b5.rmeta -Cforce-frame-pointers=yes -Csymbol-mangling-version=v0 -Z checksum-hash-algorithm=blake3`
    Checking floppy v0.0.0 (/home/ruize/openvmm-restore-v1/vm/devices/storage/floppy)
     Running `/home/ruize/openvmm-restore-v1/toolchain/verus-src/source/target-verus/release/verus /home/ruize/.rustup/toolchains/1.94.0-x86_64-unknown-linux-gnu/bin/rustc --crate-name floppy --edition=2024 vm/devices/storage/floppy/src/lib.rs --error-format=json --json=diagnostic-rendered-ansi,artifacts,future-incompat --crate-type lib --emit=dep-info,metadata -C panic=abort -C embed-bitcode=no -C debuginfo=2 --warn=rust_2018_idioms --deny=future_incompatible --warn=unused_qualifications --forbid=unsafe_op_in_unsafe_fn --deny=unsafe_code '--warn=clippy::unnecessary_box_returns' '--allow=clippy::uninlined_format_args' --warn=unexpected_cfgs '--warn=clippy::undocumented_unsafe_blocks' '--allow=clippy::type_complexity' '--allow=clippy::too_many_arguments' '--warn=clippy::suboptimal_flops' '--allow=clippy::single_range_in_vec_init' '--warn=clippy::rest_pat_in_fully_bound_structs' '--warn=clippy::ref_option_ref' '--warn=clippy::ref_as_ptr' '--warn=clippy::ptr_cast_constness' '--warn=clippy::ptr_as_ptr' '--warn=clippy::option_option' '--allow=clippy::new_without_default' --warn=missing_docs '--allow=clippy::manual_flatten' '--warn=clippy::macro_use_imports' '--warn=clippy::lossy_float_literal' '--warn=clippy::linkedlist' '--allow=clippy::len_without_is_empty' '--warn=clippy::inefficient_to_string' '--warn=clippy::imprecise_flops' '--warn=clippy::implicit_clone' '--warn=clippy::fn_params_excessive_bools' '--warn=clippy::filter_map_next' '--warn=clippy::debug_assert_with_mut_call' '--warn=clippy::dbg_macro' '--allow=clippy::collapsible_match' '--allow=clippy::collapsible_if' '--allow=clippy::collapsible_else_if' '--allow=clippy::box_default' '--allow=clippy::bool_assert_comparison' '--warn=clippy::allow_attributes' --check-cfg 'cfg(trick_rust_analyzer_into_highlighting_interpolated_bits)' --check-cfg 'cfg(docsrs,test)' --check-cfg 'cfg(feature, values())' -C metadata=f11a9d75139d1c36 -C extra-filename=-98fe3c5309e79656 --out-dir /home/ruize/openvmm-restore-v1/target/verus-partial/debug/deps -C incremental=/home/ruize/openvmm-restore-v1/target/verus-partial/debug/incremental -L dependency=/home/ruize/openvmm-restore-v1/target/verus-partial/debug/deps --extern arrayvec=/home/ruize/openvmm-restore-v1/target/verus-partial/debug/deps/libarrayvec-e6f5a65ad261fe52.rmeta --extern bitfield_struct=/home/ruize/openvmm-restore-v1/target/verus-partial/debug/deps/libbitfield_struct-338153e689b05499.so --extern chipset_device=/home/ruize/openvmm-restore-v1/target/verus-partial/debug/deps/libchipset_device-3fc712194da26372.rmeta --extern disk_backend=/home/ruize/openvmm-restore-v1/target/verus-partial/debug/deps/libdisk_backend-5f7265c0f692e4d5.rmeta --extern guestmem=/home/ruize/openvmm-restore-v1/target/verus-partial/debug/deps/libguestmem-733728c3bca7fa9f.rmeta --extern inspect=/home/ruize/openvmm-restore-v1/target/verus-partial/debug/deps/libinspect-73522c66cc8d2005.rmeta --extern mesh=/home/ruize/openvmm-restore-v1/target/verus-partial/debug/deps/libmesh-57a4fc15b8866963.rmeta --extern open_enum=/home/ruize/openvmm-restore-v1/target/verus-partial/debug/deps/libopen_enum-44a4a1432a2a3dff.rmeta --extern scsi_buffers=/home/ruize/openvmm-restore-v1/target/verus-partial/debug/deps/libscsi_buffers-c30d5dcad2c1f064.rmeta --extern thiserror=/home/ruize/openvmm-restore-v1/target/verus-partial/debug/deps/libthiserror-bb5470d7886e4e69.rmeta --extern tracelimit=/home/ruize/openvmm-restore-v1/target/verus-partial/debug/deps/libtracelimit-ef06c7f3811b764c.rmeta --extern tracing=/home/ruize/openvmm-restore-v1/target/verus-partial/debug/deps/libtracing-669be71d75ac272a.rmeta --extern vmcore=/home/ruize/openvmm-restore-v1/target/verus-partial/debug/deps/libvmcore-5b100dfb308d64b5.rmeta -Cforce-frame-pointers=yes -Csymbol-mangling-version=v0 -Z checksum-hash-algorithm=blake3`
    Checking chipset v0.0.0 (/home/ruize/openvmm-restore-v1/vm/devices/chipset)
     Running `/home/ruize/openvmm-restore-v1/toolchain/verus-src/source/target-verus/release/verus /home/ruize/.rustup/toolchains/1.94.0-x86_64-unknown-linux-gnu/bin/rustc --crate-name chipset --edition=2024 vm/devices/chipset/src/lib.rs --error-format=json --json=diagnostic-rendered-ansi,artifacts,future-incompat --crate-type lib --emit=dep-info,metadata -C panic=abort -C embed-bitcode=no -C debuginfo=2 --warn=rust_2018_idioms --deny=future_incompatible --warn=unused_qualifications --forbid=unsafe_op_in_unsafe_fn --deny=unsafe_code '--warn=clippy::unnecessary_box_returns' '--allow=clippy::uninlined_format_args' --warn=unexpected_cfgs '--warn=clippy::undocumented_unsafe_blocks' '--allow=clippy::type_complexity' '--allow=clippy::too_many_arguments' '--warn=clippy::suboptimal_flops' '--allow=clippy::single_range_in_vec_init' '--warn=clippy::rest_pat_in_fully_bound_structs' '--warn=clippy::ref_option_ref' '--warn=clippy::ref_as_ptr' '--warn=clippy::ptr_cast_constness' '--warn=clippy::ptr_as_ptr' '--warn=clippy::option_option' '--allow=clippy::new_without_default' --warn=missing_docs '--allow=clippy::manual_flatten' '--warn=clippy::macro_use_imports' '--warn=clippy::lossy_float_literal' '--warn=clippy::linkedlist' '--allow=clippy::len_without_is_empty' '--warn=clippy::inefficient_to_string' '--warn=clippy::imprecise_flops' '--warn=clippy::implicit_clone' '--warn=clippy::fn_params_excessive_bools' '--warn=clippy::filter_map_next' '--warn=clippy::debug_assert_with_mut_call' '--warn=clippy::dbg_macro' '--allow=clippy::collapsible_match' '--allow=clippy::collapsible_if' '--allow=clippy::collapsible_else_if' '--allow=clippy::box_default' '--allow=clippy::bool_assert_comparison' '--warn=clippy::allow_attributes' --check-cfg 'cfg(trick_rust_analyzer_into_highlighting_interpolated_bits)' --check-cfg 'cfg(docsrs,test)' --check-cfg 'cfg(feature, values())' -C metadata=2d0ecd7fcced89b5 -C extra-filename=-bf598538eb6970e2 --out-dir /home/ruize/openvmm-restore-v1/target/verus-partial/debug/deps -C incremental=/home/ruize/openvmm-restore-v1/target/verus-partial/debug/incremental -L dependency=/home/ruize/openvmm-restore-v1/target/verus-partial/debug/deps --extern anyhow=/home/ruize/openvmm-restore-v1/target/verus-partial/debug/deps/libanyhow-1a1dcdb279f90ff5.rmeta --extern async_trait=/home/ruize/openvmm-restore-v1/target/verus-partial/debug/deps/libasync_trait-c5f6c49640f81610.so --extern bitfield_struct=/home/ruize/openvmm-restore-v1/target/verus-partial/debug/deps/libbitfield_struct-338153e689b05499.so --extern chipset_device=/home/ruize/openvmm-restore-v1/target/verus-partial/debug/deps/libchipset_device-3fc712194da26372.rmeta --extern chipset_device_resources=/home/ruize/openvmm-restore-v1/target/verus-partial/debug/deps/libchipset_device_resources-00181d1a9c20f4ad.rmeta --extern chipset_resources=/home/ruize/openvmm-restore-v1/target/verus-partial/debug/deps/libchipset_resources-3e601f1e7f1e515c.rmeta --extern futures=/home/ruize/openvmm-restore-v1/target/verus-partial/debug/deps/libfutures-5a1ca119b27a8d6d.rmeta --extern input_core=/home/ruize/openvmm-restore-v1/target/verus-partial/debug/deps/libinput_core-2d4f34cbf121e067.rmeta --extern inspect=/home/ruize/openvmm-restore-v1/target/verus-partial/debug/deps/libinspect-73522c66cc8d2005.rmeta --extern inspect_counters=/home/ruize/openvmm-restore-v1/target/verus-partial/debug/deps/libinspect_counters-a219d4fa7e52ab46.rmeta --extern jiff=/home/ruize/openvmm-restore-v1/target/verus-partial/debug/deps/libjiff-d1f1b3ec3aa4156b.rmeta --extern local_clock=/home/ruize/openvmm-restore-v1/target/verus-partial/debug/deps/liblocal_clock-b85afab63c7df6af.rmeta --extern mesh=/home/ruize/openvmm-restore-v1/target/verus-partial/debug/deps/libmesh-57a4fc15b8866963.rmeta --extern open_enum=/home/ruize/openvmm-restore-v1/target/verus-partial/debug/deps/libopen_enum-44a4a1432a2a3dff.rmeta --extern power_resources=/home/ruize/openvmm-restore-v1/target/verus-partial/debug/deps/libpower_resources-117bd49214ba8d8d.rmeta --extern serial_core=/home/ruize/openvmm-restore-v1/target/verus-partial/debug/deps/libserial_core-84b10de78163856c.rmeta --extern thiserror=/home/ruize/openvmm-restore-v1/target/verus-partial/debug/deps/libthiserror-bb5470d7886e4e69.rmeta --extern tracelimit=/home/ruize/openvmm-restore-v1/target/verus-partial/debug/deps/libtracelimit-ef06c7f3811b764c.rmeta --extern tracing=/home/ruize/openvmm-restore-v1/target/verus-partial/debug/deps/libtracing-669be71d75ac272a.rmeta --extern vm_resource=/home/ruize/openvmm-restore-v1/target/verus-partial/debug/deps/libvm_resource-993cabff7fd1557b.rmeta --extern vmcore=/home/ruize/openvmm-restore-v1/target/verus-partial/debug/deps/libvmcore-5b100dfb308d64b5.rmeta --extern x86defs=/home/ruize/openvmm-restore-v1/target/verus-partial/debug/deps/libx86defs-bd4eb58d754e9d8c.rmeta -Cforce-frame-pointers=yes -Csymbol-mangling-version=v0 -Z checksum-hash-algorithm=blake3`
    Checking pci_resources v0.0.0 (/home/ruize/openvmm-restore-v1/vm/devices/pci/pci_resources)
    Checking pci_bus v0.0.0 (/home/ruize/openvmm-restore-v1/vm/devices/pci/pci_bus)
    Checking ide v0.0.0 (/home/ruize/openvmm-restore-v1/vm/devices/storage/ide)
    Checking missing_dev v0.0.0 (/home/ruize/openvmm-restore-v1/vm/devices/missing_dev)
     Running `/home/ruize/openvmm-restore-v1/toolchain/verus-src/source/target-verus/release/verus /home/ruize/.rustup/toolchains/1.94.0-x86_64-unknown-linux-gnu/bin/rustc --crate-name pci_bus --edition=2024 vm/devices/pci/pci_bus/src/lib.rs --error-format=json --json=diagnostic-rendered-ansi,artifacts,future-incompat --crate-type lib --emit=dep-info,metadata -C panic=abort -C embed-bitcode=no -C debuginfo=2 --warn=rust_2018_idioms --deny=future_incompatible --warn=unused_qualifications --forbid=unsafe_op_in_unsafe_fn --deny=unsafe_code '--warn=clippy::unnecessary_box_returns' '--allow=clippy::uninlined_format_args' --warn=unexpected_cfgs '--warn=clippy::undocumented_unsafe_blocks' '--allow=clippy::type_complexity' '--allow=clippy::too_many_arguments' '--warn=clippy::suboptimal_flops' '--allow=clippy::single_range_in_vec_init' '--warn=clippy::rest_pat_in_fully_bound_structs' '--warn=clippy::ref_option_ref' '--warn=clippy::ref_as_ptr' '--warn=clippy::ptr_cast_constness' '--warn=clippy::ptr_as_ptr' '--warn=clippy::option_option' '--allow=clippy::new_without_default' --warn=missing_docs '--allow=clippy::manual_flatten' '--warn=clippy::macro_use_imports' '--warn=clippy::lossy_float_literal' '--warn=clippy::linkedlist' '--allow=clippy::len_without_is_empty' '--warn=clippy::inefficient_to_string' '--warn=clippy::imprecise_flops' '--warn=clippy::implicit_clone' '--warn=clippy::fn_params_excessive_bools' '--warn=clippy::filter_map_next' '--warn=clippy::debug_assert_with_mut_call' '--warn=clippy::dbg_macro' '--allow=clippy::collapsible_match' '--allow=clippy::collapsible_if' '--allow=clippy::collapsible_else_if' '--allow=clippy::box_default' '--allow=clippy::bool_assert_comparison' '--warn=clippy::allow_attributes' --check-cfg 'cfg(trick_rust_analyzer_into_highlighting_interpolated_bits)' --check-cfg 'cfg(docsrs,test)' --check-cfg 'cfg(feature, values())' -C metadata=5394c3205e09b8d5 -C extra-filename=-82f8ecbdaefc3a1c --out-dir /home/ruize/openvmm-restore-v1/target/verus-partial/debug/deps -C incremental=/home/ruize/openvmm-restore-v1/target/verus-partial/debug/incremental -L dependency=/home/ruize/openvmm-restore-v1/target/verus-partial/debug/deps --extern bitfield_struct=/home/ruize/openvmm-restore-v1/target/verus-partial/debug/deps/libbitfield_struct-338153e689b05499.so --extern chipset_device=/home/ruize/openvmm-restore-v1/target/verus-partial/debug/deps/libchipset_device-3fc712194da26372.rmeta --extern inspect=/home/ruize/openvmm-restore-v1/target/verus-partial/debug/deps/libinspect-73522c66cc8d2005.rmeta --extern mesh=/home/ruize/openvmm-restore-v1/target/verus-partial/debug/deps/libmesh-57a4fc15b8866963.rmeta --extern pci_core=/home/ruize/openvmm-restore-v1/target/verus-partial/debug/deps/libpci_core-ed71e3c3d5e2c665.rmeta --extern thiserror=/home/ruize/openvmm-restore-v1/target/verus-partial/debug/deps/libthiserror-bb5470d7886e4e69.rmeta --extern tracelimit=/home/ruize/openvmm-restore-v1/target/verus-partial/debug/deps/libtracelimit-ef06c7f3811b764c.rmeta --extern tracing=/home/ruize/openvmm-restore-v1/target/verus-partial/debug/deps/libtracing-669be71d75ac272a.rmeta --extern vmcore=/home/ruize/openvmm-restore-v1/target/verus-partial/debug/deps/libvmcore-5b100dfb308d64b5.rmeta --extern zerocopy=/home/ruize/openvmm-restore-v1/target/verus-partial/debug/deps/libzerocopy-2fbbd02099a22f14.rmeta -Cforce-frame-pointers=yes -Csymbol-mangling-version=v0 -Z checksum-hash-algorithm=blake3`
     Running `/home/ruize/openvmm-restore-v1/toolchain/verus-src/source/target-verus/release/verus /home/ruize/.rustup/toolchains/1.94.0-x86_64-unknown-linux-gnu/bin/rustc --crate-name pci_resources --edition=2024 vm/devices/pci/pci_resources/src/lib.rs --error-format=json --json=diagnostic-rendered-ansi,artifacts,future-incompat --crate-type lib --emit=dep-info,metadata -C panic=abort -C embed-bitcode=no -C debuginfo=2 --warn=rust_2018_idioms --deny=future_incompatible --warn=unused_qualifications --forbid=unsafe_op_in_unsafe_fn --deny=unsafe_code '--warn=clippy::unnecessary_box_returns' '--allow=clippy::uninlined_format_args' --warn=unexpected_cfgs '--warn=clippy::undocumented_unsafe_blocks' '--allow=clippy::type_complexity' '--allow=clippy::too_many_arguments' '--warn=clippy::suboptimal_flops' '--allow=clippy::single_range_in_vec_init' '--warn=clippy::rest_pat_in_fully_bound_structs' '--warn=clippy::ref_option_ref' '--warn=clippy::ref_as_ptr' '--warn=clippy::ptr_cast_constness' '--warn=clippy::ptr_as_ptr' '--warn=clippy::option_option' '--allow=clippy::new_without_default' --warn=missing_docs '--allow=clippy::manual_flatten' '--warn=clippy::macro_use_imports' '--warn=clippy::lossy_float_literal' '--warn=clippy::linkedlist' '--allow=clippy::len_without_is_empty' '--warn=clippy::inefficient_to_string' '--warn=clippy::imprecise_flops' '--warn=clippy::implicit_clone' '--warn=clippy::fn_params_excessive_bools' '--warn=clippy::filter_map_next' '--warn=clippy::debug_assert_with_mut_call' '--warn=clippy::dbg_macro' '--allow=clippy::collapsible_match' '--allow=clippy::collapsible_if' '--allow=clippy::collapsible_else_if' '--allow=clippy::box_default' '--allow=clippy::bool_assert_comparison' '--warn=clippy::allow_attributes' --check-cfg 'cfg(trick_rust_analyzer_into_highlighting_interpolated_bits)' --check-cfg 'cfg(docsrs,test)' --check-cfg 'cfg(feature, values())' -C metadata=47d41ddfd7467202 -C extra-filename=-9b3be4ea67658e6c --out-dir /home/ruize/openvmm-restore-v1/target/verus-partial/debug/deps -C incremental=/home/ruize/openvmm-restore-v1/target/verus-partial/debug/incremental -L dependency=/home/ruize/openvmm-restore-v1/target/verus-partial/debug/deps --extern chipset_device=/home/ruize/openvmm-restore-v1/target/verus-partial/debug/deps/libchipset_device-3fc712194da26372.rmeta --extern chipset_device_resources=/home/ruize/openvmm-restore-v1/target/verus-partial/debug/deps/libchipset_device_resources-00181d1a9c20f4ad.rmeta --extern guestmem=/home/ruize/openvmm-restore-v1/target/verus-partial/debug/deps/libguestmem-733728c3bca7fa9f.rmeta --extern pci_core=/home/ruize/openvmm-restore-v1/target/verus-partial/debug/deps/libpci_core-ed71e3c3d5e2c665.rmeta --extern vm_resource=/home/ruize/openvmm-restore-v1/target/verus-partial/debug/deps/libvm_resource-993cabff7fd1557b.rmeta --extern vmcore=/home/ruize/openvmm-restore-v1/target/verus-partial/debug/deps/libvmcore-5b100dfb308d64b5.rmeta -Cforce-frame-pointers=yes -Csymbol-mangling-version=v0 -Z checksum-hash-algorithm=blake3`
     Running `/home/ruize/openvmm-restore-v1/toolchain/verus-src/source/target-verus/release/verus /home/ruize/.rustup/toolchains/1.94.0-x86_64-unknown-linux-gnu/bin/rustc --crate-name ide --edition=2024 vm/devices/storage/ide/src/lib.rs --error-format=json --json=diagnostic-rendered-ansi,artifacts,future-incompat --crate-type lib --emit=dep-info,metadata -C panic=abort -C embed-bitcode=no -C debuginfo=2 --warn=rust_2018_idioms --deny=future_incompatible --warn=unused_qualifications --forbid=unsafe_op_in_unsafe_fn --deny=unsafe_code '--warn=clippy::unnecessary_box_returns' '--allow=clippy::uninlined_format_args' --warn=unexpected_cfgs '--warn=clippy::undocumented_unsafe_blocks' '--allow=clippy::type_complexity' '--allow=clippy::too_many_arguments' '--warn=clippy::suboptimal_flops' '--allow=clippy::single_range_in_vec_init' '--warn=clippy::rest_pat_in_fully_bound_structs' '--warn=clippy::ref_option_ref' '--warn=clippy::ref_as_ptr' '--warn=clippy::ptr_cast_constness' '--warn=clippy::ptr_as_ptr' '--warn=clippy::option_option' '--allow=clippy::new_without_default' --warn=missing_docs '--allow=clippy::manual_flatten' '--warn=clippy::macro_use_imports' '--warn=clippy::lossy_float_literal' '--warn=clippy::linkedlist' '--allow=clippy::len_without_is_empty' '--warn=clippy::inefficient_to_string' '--warn=clippy::imprecise_flops' '--warn=clippy::implicit_clone' '--warn=clippy::fn_params_excessive_bools' '--warn=clippy::filter_map_next' '--warn=clippy::debug_assert_with_mut_call' '--warn=clippy::dbg_macro' '--allow=clippy::collapsible_match' '--allow=clippy::collapsible_if' '--allow=clippy::collapsible_else_if' '--allow=clippy::box_default' '--allow=clippy::bool_assert_comparison' '--warn=clippy::allow_attributes' --check-cfg 'cfg(trick_rust_analyzer_into_highlighting_interpolated_bits)' --check-cfg 'cfg(docsrs,test)' --check-cfg 'cfg(feature, values())' -C metadata=d4661758397ef2cb -C extra-filename=-8cf6a7827544645e --out-dir /home/ruize/openvmm-restore-v1/target/verus-partial/debug/deps -C incremental=/home/ruize/openvmm-restore-v1/target/verus-partial/debug/incremental -L dependency=/home/ruize/openvmm-restore-v1/target/verus-partial/debug/deps --extern bitfield_struct=/home/ruize/openvmm-restore-v1/target/verus-partial/debug/deps/libbitfield_struct-338153e689b05499.so --extern chipset_device=/home/ruize/openvmm-restore-v1/target/verus-partial/debug/deps/libchipset_device-3fc712194da26372.rmeta --extern disk_backend=/home/ruize/openvmm-restore-v1/target/verus-partial/debug/deps/libdisk_backend-5f7265c0f692e4d5.rmeta --extern guestmem=/home/ruize/openvmm-restore-v1/target/verus-partial/debug/deps/libguestmem-733728c3bca7fa9f.rmeta --extern ide_resources=/home/ruize/openvmm-restore-v1/target/verus-partial/debug/deps/libide_resources-a5d3f462913a357f.rmeta --extern inspect=/home/ruize/openvmm-restore-v1/target/verus-partial/debug/deps/libinspect-73522c66cc8d2005.rmeta --extern mesh=/home/ruize/openvmm-restore-v1/target/verus-partial/debug/deps/libmesh-57a4fc15b8866963.rmeta --extern open_enum=/home/ruize/openvmm-restore-v1/target/verus-partial/debug/deps/libopen_enum-44a4a1432a2a3dff.rmeta --extern pci_core=/home/ruize/openvmm-restore-v1/target/verus-partial/debug/deps/libpci_core-ed71e3c3d5e2c665.rmeta --extern safeatomic=/home/ruize/openvmm-restore-v1/target/verus-partial/debug/deps/libsafeatomic-9d5dacf6855d44bb.rmeta --extern scsi_buffers=/home/ruize/openvmm-restore-v1/target/verus-partial/debug/deps/libscsi_buffers-c30d5dcad2c1f064.rmeta --extern scsi_core=/home/ruize/openvmm-restore-v1/target/verus-partial/debug/deps/libscsi_core-b041d6459739989c.rmeta --extern scsi_defs=/home/ruize/openvmm-restore-v1/target/verus-partial/debug/deps/libscsi_defs-3afd2967433cb995.rmeta --extern static_assertions=/home/ruize/openvmm-restore-v1/target/verus-partial/debug/deps/libstatic_assertions-ea2eb68e8147348e.rmeta --extern thiserror=/home/ruize/openvmm-restore-v1/target/verus-partial/debug/deps/libthiserror-bb5470d7886e4e69.rmeta --extern tracelimit=/home/ruize/openvmm-restore-v1/target/verus-partial/debug/deps/libtracelimit-ef06c7f3811b764c.rmeta --extern tracing=/home/ruize/openvmm-restore-v1/target/verus-partial/debug/deps/libtracing-669be71d75ac272a.rmeta --extern tracing_helpers=/home/ruize/openvmm-restore-v1/target/verus-partial/debug/deps/libtracing_helpers-65556fcfd22539f8.rmeta --extern vmcore=/home/ruize/openvmm-restore-v1/target/verus-partial/debug/deps/libvmcore-5b100dfb308d64b5.rmeta --extern zerocopy=/home/ruize/openvmm-restore-v1/target/verus-partial/debug/deps/libzerocopy-2fbbd02099a22f14.rmeta -Cforce-frame-pointers=yes -Csymbol-mangling-version=v0 -Z checksum-hash-algorithm=blake3`
     Running `/home/ruize/openvmm-restore-v1/toolchain/verus-src/source/target-verus/release/verus /home/ruize/.rustup/toolchains/1.94.0-x86_64-unknown-linux-gnu/bin/rustc --crate-name missing_dev --edition=2024 vm/devices/missing_dev/src/lib.rs --error-format=json --json=diagnostic-rendered-ansi,artifacts,future-incompat --crate-type lib --emit=dep-info,metadata -C panic=abort -C embed-bitcode=no -C debuginfo=2 --warn=rust_2018_idioms --deny=future_incompatible --warn=unused_qualifications --forbid=unsafe_op_in_unsafe_fn --deny=unsafe_code '--warn=clippy::unnecessary_box_returns' '--allow=clippy::uninlined_format_args' --warn=unexpected_cfgs '--warn=clippy::undocumented_unsafe_blocks' '--allow=clippy::type_complexity' '--allow=clippy::too_many_arguments' '--warn=clippy::suboptimal_flops' '--allow=clippy::single_range_in_vec_init' '--warn=clippy::rest_pat_in_fully_bound_structs' '--warn=clippy::ref_option_ref' '--warn=clippy::ref_as_ptr' '--warn=clippy::ptr_cast_constness' '--warn=clippy::ptr_as_ptr' '--warn=clippy::option_option' '--allow=clippy::new_without_default' --warn=missing_docs '--allow=clippy::manual_flatten' '--warn=clippy::macro_use_imports' '--warn=clippy::lossy_float_literal' '--warn=clippy::linkedlist' '--allow=clippy::len_without_is_empty' '--warn=clippy::inefficient_to_string' '--warn=clippy::imprecise_flops' '--warn=clippy::implicit_clone' '--warn=clippy::fn_params_excessive_bools' '--warn=clippy::filter_map_next' '--warn=clippy::debug_assert_with_mut_call' '--warn=clippy::dbg_macro' '--allow=clippy::collapsible_match' '--allow=clippy::collapsible_if' '--allow=clippy::collapsible_else_if' '--allow=clippy::box_default' '--allow=clippy::bool_assert_comparison' '--warn=clippy::allow_attributes' --check-cfg 'cfg(trick_rust_analyzer_into_highlighting_interpolated_bits)' --check-cfg 'cfg(docsrs,test)' --check-cfg 'cfg(feature, values())' -C metadata=5a5d77d0f0efe9c0 -C extra-filename=-150598fbdad3afdf --out-dir /home/ruize/openvmm-restore-v1/target/verus-partial/debug/deps -C incremental=/home/ruize/openvmm-restore-v1/target/verus-partial/debug/incremental -L dependency=/home/ruize/openvmm-restore-v1/target/verus-partial/debug/deps --extern chipset_device=/home/ruize/openvmm-restore-v1/target/verus-partial/debug/deps/libchipset_device-3fc712194da26372.rmeta --extern chipset_device_resources=/home/ruize/openvmm-restore-v1/target/verus-partial/debug/deps/libchipset_device_resources-00181d1a9c20f4ad.rmeta --extern inspect=/home/ruize/openvmm-restore-v1/target/verus-partial/debug/deps/libinspect-73522c66cc8d2005.rmeta --extern missing_dev_resources=/home/ruize/openvmm-restore-v1/target/verus-partial/debug/deps/libmissing_dev_resources-7c624e026b9fccce.rmeta --extern pci_core=/home/ruize/openvmm-restore-v1/target/verus-partial/debug/deps/libpci_core-ed71e3c3d5e2c665.rmeta --extern vm_resource=/home/ruize/openvmm-restore-v1/target/verus-partial/debug/deps/libvm_resource-993cabff7fd1557b.rmeta --extern vmcore=/home/ruize/openvmm-restore-v1/target/verus-partial/debug/deps/libvmcore-5b100dfb308d64b5.rmeta -Cforce-frame-pointers=yes -Csymbol-mangling-version=v0 -Z checksum-hash-algorithm=blake3`
    Checking cxl_spec v0.0.0 (/home/ruize/openvmm-restore-v1/vm/devices/cxl)
     Running `/home/ruize/openvmm-restore-v1/toolchain/verus-src/source/target-verus/release/verus /home/ruize/.rustup/toolchains/1.94.0-x86_64-unknown-linux-gnu/bin/rustc --crate-name cxl_spec --edition=2024 vm/devices/cxl/src/lib.rs --error-format=json --json=diagnostic-rendered-ansi,artifacts,future-incompat --crate-type lib --emit=dep-info,metadata -C panic=abort -C embed-bitcode=no -C debuginfo=2 --warn=rust_2018_idioms --deny=future_incompatible --warn=unused_qualifications --forbid=unsafe_op_in_unsafe_fn --deny=unsafe_code '--warn=clippy::unnecessary_box_returns' '--allow=clippy::uninlined_format_args' --warn=unexpected_cfgs '--warn=clippy::undocumented_unsafe_blocks' '--allow=clippy::type_complexity' '--allow=clippy::too_many_arguments' '--warn=clippy::suboptimal_flops' '--allow=clippy::single_range_in_vec_init' '--warn=clippy::rest_pat_in_fully_bound_structs' '--warn=clippy::ref_option_ref' '--warn=clippy::ref_as_ptr' '--warn=clippy::ptr_cast_constness' '--warn=clippy::ptr_as_ptr' '--warn=clippy::option_option' '--allow=clippy::new_without_default' --warn=missing_docs '--allow=clippy::manual_flatten' '--warn=clippy::macro_use_imports' '--warn=clippy::lossy_float_literal' '--warn=clippy::linkedlist' '--allow=clippy::len_without_is_empty' '--warn=clippy::inefficient_to_string' '--warn=clippy::imprecise_flops' '--warn=clippy::implicit_clone' '--warn=clippy::fn_params_excessive_bools' '--warn=clippy::filter_map_next' '--warn=clippy::debug_assert_with_mut_call' '--warn=clippy::dbg_macro' '--allow=clippy::collapsible_match' '--allow=clippy::collapsible_if' '--allow=clippy::collapsible_else_if' '--allow=clippy::box_default' '--allow=clippy::bool_assert_comparison' '--warn=clippy::allow_attributes' --check-cfg 'cfg(trick_rust_analyzer_into_highlighting_interpolated_bits)' --check-cfg 'cfg(docsrs,test)' --check-cfg 'cfg(feature, values())' -C metadata=ad9a93cb2ba3090a -C extra-filename=-3ad0f427191a2863 --out-dir /home/ruize/openvmm-restore-v1/target/verus-partial/debug/deps -C incremental=/home/ruize/openvmm-restore-v1/target/verus-partial/debug/incremental -L dependency=/home/ruize/openvmm-restore-v1/target/verus-partial/debug/deps --extern anyhow=/home/ruize/openvmm-restore-v1/target/verus-partial/debug/deps/libanyhow-1a1dcdb279f90ff5.rmeta --extern bitfield_struct=/home/ruize/openvmm-restore-v1/target/verus-partial/debug/deps/libbitfield_struct-338153e689b05499.so --extern chipset_device=/home/ruize/openvmm-restore-v1/target/verus-partial/debug/deps/libchipset_device-3fc712194da26372.rmeta --extern inspect=/home/ruize/openvmm-restore-v1/target/verus-partial/debug/deps/libinspect-73522c66cc8d2005.rmeta --extern mesh=/home/ruize/openvmm-restore-v1/target/verus-partial/debug/deps/libmesh-57a4fc15b8866963.rmeta --extern open_enum=/home/ruize/openvmm-restore-v1/target/verus-partial/debug/deps/libopen_enum-44a4a1432a2a3dff.rmeta --extern pci_core=/home/ruize/openvmm-restore-v1/target/verus-partial/debug/deps/libpci_core-ed71e3c3d5e2c665.rmeta --extern pci_resources=/home/ruize/openvmm-restore-v1/target/verus-partial/debug/deps/libpci_resources-9b3be4ea67658e6c.rmeta --extern thiserror=/home/ruize/openvmm-restore-v1/target/verus-partial/debug/deps/libthiserror-bb5470d7886e4e69.rmeta --extern tracing=/home/ruize/openvmm-restore-v1/target/verus-partial/debug/deps/libtracing-669be71d75ac272a.rmeta --extern vm_resource=/home/ruize/openvmm-restore-v1/target/verus-partial/debug/deps/libvm_resource-993cabff7fd1557b.rmeta --extern vmcore=/home/ruize/openvmm-restore-v1/target/verus-partial/debug/deps/libvmcore-5b100dfb308d64b5.rmeta -Cforce-frame-pointers=yes -Csymbol-mangling-version=v0 -Z checksum-hash-algorithm=blake3`
    Checking chipset_legacy v0.0.0 (/home/ruize/openvmm-restore-v1/vm/devices/chipset_legacy)
     Running `/home/ruize/openvmm-restore-v1/toolchain/verus-src/source/target-verus/release/verus /home/ruize/.rustup/toolchains/1.94.0-x86_64-unknown-linux-gnu/bin/rustc --crate-name chipset_legacy --edition=2024 vm/devices/chipset_legacy/src/lib.rs --error-format=json --json=diagnostic-rendered-ansi,artifacts,future-incompat --crate-type lib --emit=dep-info,metadata -C panic=abort -C embed-bitcode=no -C debuginfo=2 --warn=rust_2018_idioms --deny=future_incompatible --warn=unused_qualifications --forbid=unsafe_op_in_unsafe_fn --deny=unsafe_code '--warn=clippy::unnecessary_box_returns' '--allow=clippy::uninlined_format_args' --warn=unexpected_cfgs '--warn=clippy::undocumented_unsafe_blocks' '--allow=clippy::type_complexity' '--allow=clippy::too_many_arguments' '--warn=clippy::suboptimal_flops' '--allow=clippy::single_range_in_vec_init' '--warn=clippy::rest_pat_in_fully_bound_structs' '--warn=clippy::ref_option_ref' '--warn=clippy::ref_as_ptr' '--warn=clippy::ptr_cast_constness' '--warn=clippy::ptr_as_ptr' '--warn=clippy::option_option' '--allow=clippy::new_without_default' --warn=missing_docs '--allow=clippy::manual_flatten' '--warn=clippy::macro_use_imports' '--warn=clippy::lossy_float_literal' '--warn=clippy::linkedlist' '--allow=clippy::len_without_is_empty' '--warn=clippy::inefficient_to_string' '--warn=clippy::imprecise_flops' '--warn=clippy::implicit_clone' '--warn=clippy::fn_params_excessive_bools' '--warn=clippy::filter_map_next' '--warn=clippy::debug_assert_with_mut_call' '--warn=clippy::dbg_macro' '--allow=clippy::collapsible_match' '--allow=clippy::collapsible_if' '--allow=clippy::collapsible_else_if' '--allow=clippy::box_default' '--allow=clippy::bool_assert_comparison' '--warn=clippy::allow_attributes' --check-cfg 'cfg(trick_rust_analyzer_into_highlighting_interpolated_bits)' --check-cfg 'cfg(docsrs,test)' --check-cfg 'cfg(feature, values())' -C metadata=932323baf156eb7b -C extra-filename=-cf2d7795cb63cf78 --out-dir /home/ruize/openvmm-restore-v1/target/verus-partial/debug/deps -C incremental=/home/ruize/openvmm-restore-v1/target/verus-partial/debug/incremental -L dependency=/home/ruize/openvmm-restore-v1/target/verus-partial/debug/deps --extern anyhow=/home/ruize/openvmm-restore-v1/target/verus-partial/debug/deps/libanyhow-1a1dcdb279f90ff5.rmeta --extern async_trait=/home/ruize/openvmm-restore-v1/target/verus-partial/debug/deps/libasync_trait-c5f6c49640f81610.so --extern chipset=/home/ruize/openvmm-restore-v1/target/verus-partial/debug/deps/libchipset-bf598538eb6970e2.rmeta --extern chipset_device=/home/ruize/openvmm-restore-v1/target/verus-partial/debug/deps/libchipset_device-3fc712194da26372.rmeta --extern chipset_device_resources=/home/ruize/openvmm-restore-v1/target/verus-partial/debug/deps/libchipset_device_resources-00181d1a9c20f4ad.rmeta --extern chipset_resources=/home/ruize/openvmm-restore-v1/target/verus-partial/debug/deps/libchipset_resources-3e601f1e7f1e515c.rmeta --extern floppy=/home/ruize/openvmm-restore-v1/target/verus-partial/debug/deps/libfloppy-98fe3c5309e79656.rmeta --extern floppy_pcat_stub=/home/ruize/openvmm-restore-v1/target/verus-partial/debug/deps/libfloppy_pcat_stub-6509d2cacfa11680.rmeta --extern guestmem=/home/ruize/openvmm-restore-v1/target/verus-partial/debug/deps/libguestmem-733728c3bca7fa9f.rmeta --extern inspect=/home/ruize/openvmm-restore-v1/target/verus-partial/debug/deps/libinspect-73522c66cc8d2005.rmeta --extern local_clock=/home/ruize/openvmm-restore-v1/target/verus-partial/debug/deps/liblocal_clock-b85afab63c7df6af.rmeta --extern memory_range=/home/ruize/openvmm-restore-v1/target/verus-partial/debug/deps/libmemory_range-15ee9310ad9fd0ca.rmeta --extern mesh=/home/ruize/openvmm-restore-v1/target/verus-partial/debug/deps/libmesh-57a4fc15b8866963.rmeta --extern open_enum=/home/ruize/openvmm-restore-v1/target/verus-partial/debug/deps/libopen_enum-44a4a1432a2a3dff.rmeta --extern pci_bus=/home/ruize/openvmm-restore-v1/target/verus-partial/debug/deps/libpci_bus-82f8ecbdaefc3a1c.rmeta --extern pci_core=/home/ruize/openvmm-restore-v1/target/verus-partial/debug/deps/libpci_core-ed71e3c3d5e2c665.rmeta --extern power_resources=/home/ruize/openvmm-restore-v1/target/verus-partial/debug/deps/libpower_resources-117bd49214ba8d8d.rmeta --extern thiserror=/home/ruize/openvmm-restore-v1/target/verus-partial/debug/deps/libthiserror-bb5470d7886e4e69.rmeta --extern tracelimit=/home/ruize/openvmm-restore-v1/target/verus-partial/debug/deps/libtracelimit-ef06c7f3811b764c.rmeta --extern tracing=/home/ruize/openvmm-restore-v1/target/verus-partial/debug/deps/libtracing-669be71d75ac272a.rmeta --extern vm_resource=/home/ruize/openvmm-restore-v1/target/verus-partial/debug/deps/libvm_resource-993cabff7fd1557b.rmeta --extern vmcore=/home/ruize/openvmm-restore-v1/target/verus-partial/debug/deps/libvmcore-5b100dfb308d64b5.rmeta -Cforce-frame-pointers=yes -Csymbol-mangling-version=v0 -Z checksum-hash-algorithm=blake3`
    Checking pcie v0.0.0 (/home/ruize/openvmm-restore-v1/vm/devices/pci/pcie)
     Running `/home/ruize/openvmm-restore-v1/toolchain/verus-src/source/target-verus/release/verus /home/ruize/.rustup/toolchains/1.94.0-x86_64-unknown-linux-gnu/bin/rustc --crate-name vm_topology --edition=2024 vm/vmcore/vm_topology/src/lib.rs --error-format=json --json=diagnostic-rendered-ansi,artifacts,future-incompat --crate-type lib --emit=dep-info,metadata -C panic=abort -C embed-bitcode=no -C debuginfo=2 --warn=rust_2018_idioms --deny=future_incompatible --warn=unused_qualifications --forbid=unsafe_op_in_unsafe_fn --deny=unsafe_code '--warn=clippy::unnecessary_box_returns' '--allow=clippy::uninlined_format_args' --warn=unexpected_cfgs '--warn=clippy::undocumented_unsafe_blocks' '--allow=clippy::type_complexity' '--allow=clippy::too_many_arguments' '--warn=clippy::suboptimal_flops' '--allow=clippy::single_range_in_vec_init' '--warn=clippy::rest_pat_in_fully_bound_structs' '--warn=clippy::ref_option_ref' '--warn=clippy::ref_as_ptr' '--warn=clippy::ptr_cast_constness' '--warn=clippy::ptr_as_ptr' '--warn=clippy::option_option' '--allow=clippy::new_without_default' --warn=missing_docs '--allow=clippy::manual_flatten' '--warn=clippy::macro_use_imports' '--warn=clippy::lossy_float_literal' '--warn=clippy::linkedlist' '--allow=clippy::len_without_is_empty' '--warn=clippy::inefficient_to_string' '--warn=clippy::imprecise_flops' '--warn=clippy::implicit_clone' '--warn=clippy::fn_params_excessive_bools' '--warn=clippy::filter_map_next' '--warn=clippy::debug_assert_with_mut_call' '--warn=clippy::dbg_macro' '--allow=clippy::collapsible_match' '--allow=clippy::collapsible_if' '--allow=clippy::collapsible_else_if' '--allow=clippy::box_default' '--allow=clippy::bool_assert_comparison' '--warn=clippy::allow_attributes' --check-cfg 'cfg(trick_rust_analyzer_into_highlighting_interpolated_bits)' --cfg 'feature="default"' --cfg 'feature="inspect"' --check-cfg 'cfg(docsrs,test)' --check-cfg 'cfg(feature, values("default", "inspect", "mesh"))' -C metadata=b83bef81ac2f52e0 -C extra-filename=-b81138d3426bacf3 --out-dir /home/ruize/openvmm-restore-v1/target/verus-partial/debug/deps -C incremental=/home/ruize/openvmm-restore-v1/target/verus-partial/debug/incremental -L dependency=/home/ruize/openvmm-restore-v1/target/verus-partial/debug/deps --extern aarch64defs=/home/ruize/openvmm-restore-v1/target/verus-partial/debug/deps/libaarch64defs-b4833e62dae90d43.rmeta --extern cfg_if=/home/ruize/openvmm-restore-v1/target/verus-partial/debug/deps/libcfg_if-c9a8a9f3a3adcb02.rmeta --extern cxl_spec=/home/ruize/openvmm-restore-v1/target/verus-partial/debug/deps/libcxl_spec-3ad0f427191a2863.rmeta --extern inspect=/home/ruize/openvmm-restore-v1/target/verus-partial/debug/deps/libinspect-73522c66cc8d2005.rmeta --extern memory_range=/home/ruize/openvmm-restore-v1/target/verus-partial/debug/deps/libmemory_range-15ee9310ad9fd0ca.rmeta --extern safe_intrinsics=/home/ruize/openvmm-restore-v1/target/verus-partial/debug/deps/libsafe_intrinsics-10420edab6aac69a.rmeta --extern thiserror=/home/ruize/openvmm-restore-v1/target/verus-partial/debug/deps/libthiserror-bb5470d7886e4e69.rmeta --extern x86defs=/home/ruize/openvmm-restore-v1/target/verus-partial/debug/deps/libx86defs-bd4eb58d754e9d8c.rmeta -Cforce-frame-pointers=yes -Csymbol-mangling-version=v0 -Z checksum-hash-algorithm=blake3 --cfg 'guest_arch="x86_64"' --cfg guest_is_native --check-cfg 'cfg(guest_arch, values("x86_64","aarch64"))' --check-cfg 'cfg(guest_is_native)'`
     Running `/home/ruize/openvmm-restore-v1/toolchain/verus-src/source/target-verus/release/verus /home/ruize/.rustup/toolchains/1.94.0-x86_64-unknown-linux-gnu/bin/rustc --crate-name pcie --edition=2024 vm/devices/pci/pcie/src/lib.rs --error-format=json --json=diagnostic-rendered-ansi,artifacts,future-incompat --crate-type lib --emit=dep-info,metadata -C panic=abort -C embed-bitcode=no -C debuginfo=2 --warn=rust_2018_idioms --deny=future_incompatible --warn=unused_qualifications --forbid=unsafe_op_in_unsafe_fn --deny=unsafe_code '--warn=clippy::unnecessary_box_returns' '--allow=clippy::uninlined_format_args' --warn=unexpected_cfgs '--warn=clippy::undocumented_unsafe_blocks' '--allow=clippy::type_complexity' '--allow=clippy::too_many_arguments' '--warn=clippy::suboptimal_flops' '--allow=clippy::single_range_in_vec_init' '--warn=clippy::rest_pat_in_fully_bound_structs' '--warn=clippy::ref_option_ref' '--warn=clippy::ref_as_ptr' '--warn=clippy::ptr_cast_constness' '--warn=clippy::ptr_as_ptr' '--warn=clippy::option_option' '--allow=clippy::new_without_default' --warn=missing_docs '--allow=clippy::manual_flatten' '--warn=clippy::macro_use_imports' '--warn=clippy::lossy_float_literal' '--warn=clippy::linkedlist' '--allow=clippy::len_without_is_empty' '--warn=clippy::inefficient_to_string' '--warn=clippy::imprecise_flops' '--warn=clippy::implicit_clone' '--warn=clippy::fn_params_excessive_bools' '--warn=clippy::filter_map_next' '--warn=clippy::debug_assert_with_mut_call' '--warn=clippy::dbg_macro' '--allow=clippy::collapsible_match' '--allow=clippy::collapsible_if' '--allow=clippy::collapsible_else_if' '--allow=clippy::box_default' '--allow=clippy::bool_assert_comparison' '--warn=clippy::allow_attributes' --check-cfg 'cfg(trick_rust_analyzer_into_highlighting_interpolated_bits)' --check-cfg 'cfg(docsrs,test)' --check-cfg 'cfg(feature, values("fuzz"))' -C metadata=c10de34d1aaaa6f1 -C extra-filename=-adec009769d7c9b7 --out-dir /home/ruize/openvmm-restore-v1/target/verus-partial/debug/deps -C incremental=/home/ruize/openvmm-restore-v1/target/verus-partial/debug/incremental -L dependency=/home/ruize/openvmm-restore-v1/target/verus-partial/debug/deps --extern anyhow=/home/ruize/openvmm-restore-v1/target/verus-partial/debug/deps/libanyhow-1a1dcdb279f90ff5.rmeta --extern chipset_device=/home/ruize/openvmm-restore-v1/target/verus-partial/debug/deps/libchipset_device-3fc712194da26372.rmeta --extern cxl_spec=/home/ruize/openvmm-restore-v1/target/verus-partial/debug/deps/libcxl_spec-3ad0f427191a2863.rmeta --extern inspect=/home/ruize/openvmm-restore-v1/target/verus-partial/debug/deps/libinspect-73522c66cc8d2005.rmeta --extern memory_range=/home/ruize/openvmm-restore-v1/target/verus-partial/debug/deps/libmemory_range-15ee9310ad9fd0ca.rmeta --extern mesh=/home/ruize/openvmm-restore-v1/target/verus-partial/debug/deps/libmesh-57a4fc15b8866963.rmeta --extern pal_async=/home/ruize/openvmm-restore-v1/target/verus-partial/debug/deps/libpal_async-dca12e1bbf362961.rmeta --extern pal_event=/home/ruize/openvmm-restore-v1/target/verus-partial/debug/deps/libpal_event-ad8314a85626886e.rmeta --extern pci_bus=/home/ruize/openvmm-restore-v1/target/verus-partial/debug/deps/libpci_bus-82f8ecbdaefc3a1c.rmeta --extern pci_core=/home/ruize/openvmm-restore-v1/target/verus-partial/debug/deps/libpci_core-ed71e3c3d5e2c665.rmeta --extern thiserror=/home/ruize/openvmm-restore-v1/target/verus-partial/debug/deps/libthiserror-bb5470d7886e4e69.rmeta --extern tracelimit=/home/ruize/openvmm-restore-v1/target/verus-partial/debug/deps/libtracelimit-ef06c7f3811b764c.rmeta --extern tracing=/home/ruize/openvmm-restore-v1/target/verus-partial/debug/deps/libtracing-669be71d75ac272a.rmeta --extern vmcore=/home/ruize/openvmm-restore-v1/target/verus-partial/debug/deps/libvmcore-5b100dfb308d64b5.rmeta --extern zerocopy=/home/ruize/openvmm-restore-v1/target/verus-partial/debug/deps/libzerocopy-2fbbd02099a22f14.rmeta -Cforce-frame-pointers=yes -Csymbol-mangling-version=v0 -Z checksum-hash-algorithm=blake3`
    Checking virt v0.0.0 (/home/ruize/openvmm-restore-v1/vmm_core/virt)
    Checking firmware_pcat v0.0.0 (/home/ruize/openvmm-restore-v1/vm/devices/firmware/firmware_pcat)
     Running `/home/ruize/openvmm-restore-v1/toolchain/verus-src/source/target-verus/release/verus /home/ruize/.rustup/toolchains/1.94.0-x86_64-unknown-linux-gnu/bin/rustc --crate-name virt --edition=2024 vmm_core/virt/src/lib.rs --error-format=json --json=diagnostic-rendered-ansi,artifacts,future-incompat --crate-type lib --emit=dep-info,metadata -C panic=abort -C embed-bitcode=no -C debuginfo=2 --warn=rust_2018_idioms --deny=future_incompatible --warn=unused_qualifications --forbid=unsafe_op_in_unsafe_fn --deny=unsafe_code '--warn=clippy::unnecessary_box_returns' '--allow=clippy::uninlined_format_args' --warn=unexpected_cfgs '--warn=clippy::undocumented_unsafe_blocks' '--allow=clippy::type_complexity' '--allow=clippy::too_many_arguments' '--warn=clippy::suboptimal_flops' '--allow=clippy::single_range_in_vec_init' '--warn=clippy::rest_pat_in_fully_bound_structs' '--warn=clippy::ref_option_ref' '--warn=clippy::ref_as_ptr' '--warn=clippy::ptr_cast_constness' '--warn=clippy::ptr_as_ptr' '--warn=clippy::option_option' '--allow=clippy::new_without_default' --warn=missing_docs '--allow=clippy::manual_flatten' '--warn=clippy::macro_use_imports' '--warn=clippy::lossy_float_literal' '--warn=clippy::linkedlist' '--allow=clippy::len_without_is_empty' '--warn=clippy::inefficient_to_string' '--warn=clippy::imprecise_flops' '--warn=clippy::implicit_clone' '--warn=clippy::fn_params_excessive_bools' '--warn=clippy::filter_map_next' '--warn=clippy::debug_assert_with_mut_call' '--warn=clippy::dbg_macro' '--allow=clippy::collapsible_match' '--allow=clippy::collapsible_if' '--allow=clippy::collapsible_else_if' '--allow=clippy::box_default' '--allow=clippy::bool_assert_comparison' '--warn=clippy::allow_attributes' --check-cfg 'cfg(trick_rust_analyzer_into_highlighting_interpolated_bits)' --check-cfg 'cfg(docsrs,test)' --check-cfg 'cfg(feature, values())' -C metadata=817e6aaf8284424b -C extra-filename=-66cdd31123de813c --out-dir /home/ruize/openvmm-restore-v1/target/verus-partial/debug/deps -C incremental=/home/ruize/openvmm-restore-v1/target/verus-partial/debug/incremental -L dependency=/home/ruize/openvmm-restore-v1/target/verus-partial/debug/deps --extern aarch64defs=/home/ruize/openvmm-restore-v1/target/verus-partial/debug/deps/libaarch64defs-b4833e62dae90d43.rmeta --extern anyhow=/home/ruize/openvmm-restore-v1/target/verus-partial/debug/deps/libanyhow-1a1dcdb279f90ff5.rmeta --extern guestmem=/home/ruize/openvmm-restore-v1/target/verus-partial/debug/deps/libguestmem-733728c3bca7fa9f.rmeta --extern hvdef=/home/ruize/openvmm-restore-v1/target/verus-partial/debug/deps/libhvdef-1817752b7aff5f9b.rmeta --extern inspect=/home/ruize/openvmm-restore-v1/target/verus-partial/debug/deps/libinspect-73522c66cc8d2005.rmeta --extern memory_range=/home/ruize/openvmm-restore-v1/target/verus-partial/debug/deps/libmemory_range-15ee9310ad9fd0ca.rmeta --extern mesh_protobuf=/home/ruize/openvmm-restore-v1/target/verus-partial/debug/deps/libmesh_protobuf-5612e213728e73ed.rmeta --extern pal_event=/home/ruize/openvmm-restore-v1/target/verus-partial/debug/deps/libpal_event-ad8314a85626886e.rmeta --extern parking_lot=/home/ruize/openvmm-restore-v1/target/verus-partial/debug/deps/libparking_lot-3957aa1b9559146d.rmeta --extern pci_core=/home/ruize/openvmm-restore-v1/target/verus-partial/debug/deps/libpci_core-ed71e3c3d5e2c665.rmeta --extern slab=/home/ruize/openvmm-restore-v1/target/verus-partial/debug/deps/libslab-9bfce0c6112d4e19.rmeta --extern thiserror=/home/ruize/openvmm-restore-v1/target/verus-partial/debug/deps/libthiserror-bb5470d7886e4e69.rmeta --extern tracelimit=/home/ruize/openvmm-restore-v1/target/verus-partial/debug/deps/libtracelimit-ef06c7f3811b764c.rmeta --extern tracing=/home/ruize/openvmm-restore-v1/target/verus-partial/debug/deps/libtracing-669be71d75ac272a.rmeta --extern vm_topology=/home/ruize/openvmm-restore-v1/target/verus-partial/debug/deps/libvm_topology-b81138d3426bacf3.rmeta --extern vmcore=/home/ruize/openvmm-restore-v1/target/verus-partial/debug/deps/libvmcore-5b100dfb308d64b5.rmeta --extern x86defs=/home/ruize/openvmm-restore-v1/target/verus-partial/debug/deps/libx86defs-bd4eb58d754e9d8c.rmeta --extern zerocopy=/home/ruize/openvmm-restore-v1/target/verus-partial/debug/deps/libzerocopy-2fbbd02099a22f14.rmeta -Cforce-frame-pointers=yes -Csymbol-mangling-version=v0 -Z checksum-hash-algorithm=blake3 --cfg 'guest_arch="x86_64"' --cfg guest_is_native --check-cfg 'cfg(guest_arch, values("x86_64","aarch64"))' --check-cfg 'cfg(guest_is_native)'`
     Running `/home/ruize/openvmm-restore-v1/toolchain/verus-src/source/target-verus/release/verus /home/ruize/.rustup/toolchains/1.94.0-x86_64-unknown-linux-gnu/bin/rustc --crate-name firmware_pcat --edition=2024 vm/devices/firmware/firmware_pcat/src/lib.rs --error-format=json --json=diagnostic-rendered-ansi,artifacts,future-incompat --crate-type lib --emit=dep-info,metadata -C panic=abort -C embed-bitcode=no -C debuginfo=2 --warn=rust_2018_idioms --deny=future_incompatible --warn=unused_qualifications --forbid=unsafe_op_in_unsafe_fn --deny=unsafe_code '--warn=clippy::unnecessary_box_returns' '--allow=clippy::uninlined_format_args' --warn=unexpected_cfgs '--warn=clippy::undocumented_unsafe_blocks' '--allow=clippy::type_complexity' '--allow=clippy::too_many_arguments' '--warn=clippy::suboptimal_flops' '--allow=clippy::single_range_in_vec_init' '--warn=clippy::rest_pat_in_fully_bound_structs' '--warn=clippy::ref_option_ref' '--warn=clippy::ref_as_ptr' '--warn=clippy::ptr_cast_constness' '--warn=clippy::ptr_as_ptr' '--warn=clippy::option_option' '--allow=clippy::new_without_default' --warn=missing_docs '--allow=clippy::manual_flatten' '--warn=clippy::macro_use_imports' '--warn=clippy::lossy_float_literal' '--warn=clippy::linkedlist' '--allow=clippy::len_without_is_empty' '--warn=clippy::inefficient_to_string' '--warn=clippy::imprecise_flops' '--warn=clippy::implicit_clone' '--warn=clippy::fn_params_excessive_bools' '--warn=clippy::filter_map_next' '--warn=clippy::debug_assert_with_mut_call' '--warn=clippy::dbg_macro' '--allow=clippy::collapsible_match' '--allow=clippy::collapsible_if' '--allow=clippy::collapsible_else_if' '--allow=clippy::box_default' '--allow=clippy::bool_assert_comparison' '--warn=clippy::allow_attributes' --check-cfg 'cfg(trick_rust_analyzer_into_highlighting_interpolated_bits)' --check-cfg 'cfg(docsrs,test)' --check-cfg 'cfg(feature, values())' -C metadata=cc160a94b7cbda7c -C extra-filename=-a04ef41a76c23e90 --out-dir /home/ruize/openvmm-restore-v1/target/verus-partial/debug/deps -C incremental=/home/ruize/openvmm-restore-v1/target/verus-partial/debug/incremental -L dependency=/home/ruize/openvmm-restore-v1/target/verus-partial/debug/deps --extern chipset_device=/home/ruize/openvmm-restore-v1/target/verus-partial/debug/deps/libchipset_device-3fc712194da26372.rmeta --extern generation_id=/home/ruize/openvmm-restore-v1/target/verus-partial/debug/deps/libgeneration_id-81aed06f4353c947.rmeta --extern getrandom=/home/ruize/openvmm-restore-v1/target/verus-partial/debug/deps/libgetrandom-26d6fb37d469a72c.rmeta --extern guestmem=/home/ruize/openvmm-restore-v1/target/verus-partial/debug/deps/libguestmem-733728c3bca7fa9f.rmeta --extern guid=/home/ruize/openvmm-restore-v1/target/verus-partial/debug/deps/libguid-c5aadcc960c694cf.rmeta --extern inspect=/home/ruize/openvmm-restore-v1/target/verus-partial/debug/deps/libinspect-73522c66cc8d2005.rmeta --extern memory_range=/home/ruize/openvmm-restore-v1/target/verus-partial/debug/deps/libmemory_range-15ee9310ad9fd0ca.rmeta --extern mesh=/home/ruize/openvmm-restore-v1/target/verus-partial/debug/deps/libmesh-57a4fc15b8866963.rmeta --extern open_enum=/home/ruize/openvmm-restore-v1/target/verus-partial/debug/deps/libopen_enum-44a4a1432a2a3dff.rmeta --extern static_assertions=/home/ruize/openvmm-restore-v1/target/verus-partial/debug/deps/libstatic_assertions-ea2eb68e8147348e.rmeta --extern thiserror=/home/ruize/openvmm-restore-v1/target/verus-partial/debug/deps/libthiserror-bb5470d7886e4e69.rmeta --extern tracelimit=/home/ruize/openvmm-restore-v1/target/verus-partial/debug/deps/libtracelimit-ef06c7f3811b764c.rmeta --extern tracing=/home/ruize/openvmm-restore-v1/target/verus-partial/debug/deps/libtracing-669be71d75ac272a.rmeta --extern vm_topology=/home/ruize/openvmm-restore-v1/target/verus-partial/debug/deps/libvm_topology-b81138d3426bacf3.rmeta --extern vmcore=/home/ruize/openvmm-restore-v1/target/verus-partial/debug/deps/libvmcore-5b100dfb308d64b5.rmeta --extern zerocopy=/home/ruize/openvmm-restore-v1/target/verus-partial/debug/deps/libzerocopy-2fbbd02099a22f14.rmeta -Cforce-frame-pointers=yes -Csymbol-mangling-version=v0 -Z checksum-hash-algorithm=blake3`
    Checking vmotherboard v0.0.0 (/home/ruize/openvmm-restore-v1/vmm_core/vmotherboard)
     Running `/home/ruize/openvmm-restore-v1/toolchain/verus-src/source/target-verus/release/verus /home/ruize/.rustup/toolchains/1.94.0-x86_64-unknown-linux-gnu/bin/rustc --crate-name vmotherboard --edition=2024 vmm_core/vmotherboard/src/lib.rs --error-format=json --json=diagnostic-rendered-ansi,artifacts,future-incompat --crate-type lib --emit=dep-info,metadata -C panic=abort -C embed-bitcode=no -C debuginfo=2 --warn=rust_2018_idioms --deny=future_incompatible --warn=unused_qualifications --forbid=unsafe_op_in_unsafe_fn --deny=unsafe_code '--warn=clippy::unnecessary_box_returns' '--allow=clippy::uninlined_format_args' --warn=unexpected_cfgs '--warn=clippy::undocumented_unsafe_blocks' '--allow=clippy::type_complexity' '--allow=clippy::too_many_arguments' '--warn=clippy::suboptimal_flops' '--allow=clippy::single_range_in_vec_init' '--warn=clippy::rest_pat_in_fully_bound_structs' '--warn=clippy::ref_option_ref' '--warn=clippy::ref_as_ptr' '--warn=clippy::ptr_cast_constness' '--warn=clippy::ptr_as_ptr' '--warn=clippy::option_option' '--allow=clippy::new_without_default' --warn=missing_docs '--allow=clippy::manual_flatten' '--warn=clippy::macro_use_imports' '--warn=clippy::lossy_float_literal' '--warn=clippy::linkedlist' '--allow=clippy::len_without_is_empty' '--warn=clippy::inefficient_to_string' '--warn=clippy::imprecise_flops' '--warn=clippy::implicit_clone' '--warn=clippy::fn_params_excessive_bools' '--warn=clippy::filter_map_next' '--warn=clippy::debug_assert_with_mut_call' '--warn=clippy::dbg_macro' '--allow=clippy::collapsible_match' '--allow=clippy::collapsible_if' '--allow=clippy::collapsible_else_if' '--allow=clippy::box_default' '--allow=clippy::bool_assert_comparison' '--warn=clippy::allow_attributes' --check-cfg 'cfg(trick_rust_analyzer_into_highlighting_interpolated_bits)' --check-cfg 'cfg(docsrs,test)' --check-cfg 'cfg(feature, values("dev_generic_isa_floppy", "dev_hyperv_vga", "dev_underhill_vga_proxy", "dev_winbond_super_io_and_floppy_full", "dev_winbond_super_io_and_floppy_stub"))' -C metadata=50909dd225fbb5bd -C extra-filename=-e89c1a93da950f4a --out-dir /home/ruize/openvmm-restore-v1/target/verus-partial/debug/deps -C incremental=/home/ruize/openvmm-restore-v1/target/verus-partial/debug/incremental -L dependency=/home/ruize/openvmm-restore-v1/target/verus-partial/debug/deps --extern address_filter=/home/ruize/openvmm-restore-v1/target/verus-partial/debug/deps/libaddress_filter-f7c77a0c1492838b.rmeta --extern anyhow=/home/ruize/openvmm-restore-v1/target/verus-partial/debug/deps/libanyhow-1a1dcdb279f90ff5.rmeta --extern arc_cyclic_builder=/home/ruize/openvmm-restore-v1/target/verus-partial/debug/deps/libarc_cyclic_builder-08784ee23a9d8b67.rmeta --extern async_trait=/home/ruize/openvmm-restore-v1/target/verus-partial/debug/deps/libasync_trait-c5f6c49640f81610.so --extern chipset=/home/ruize/openvmm-restore-v1/target/verus-partial/debug/deps/libchipset-bf598538eb6970e2.rmeta --extern chipset_device=/home/ruize/openvmm-restore-v1/target/verus-partial/debug/deps/libchipset_device-3fc712194da26372.rmeta --extern chipset_device_resources=/home/ruize/openvmm-restore-v1/target/verus-partial/debug/deps/libchipset_device_resources-00181d1a9c20f4ad.rmeta --extern chipset_legacy=/home/ruize/openvmm-restore-v1/target/verus-partial/debug/deps/libchipset_legacy-cf2d7795cb63cf78.rmeta --extern chipset_resources=/home/ruize/openvmm-restore-v1/target/verus-partial/debug/deps/libchipset_resources-3e601f1e7f1e515c.rmeta --extern closeable_mutex=/home/ruize/openvmm-restore-v1/target/verus-partial/debug/deps/libcloseable_mutex-ac72aba52f986417.rmeta --extern cvm_tracing=/home/ruize/openvmm-restore-v1/target/verus-partial/debug/deps/libcvm_tracing-fc5e91fcfc87e17c.rmeta --extern firmware_pcat=/home/ruize/openvmm-restore-v1/target/verus-partial/debug/deps/libfirmware_pcat-a04ef41a76c23e90.rmeta --extern framebuffer=/home/ruize/openvmm-restore-v1/target/verus-partial/debug/deps/libframebuffer-d90dc0c097fc8524.rmeta --extern futures=/home/ruize/openvmm-restore-v1/target/verus-partial/debug/deps/libfutures-5a1ca119b27a8d6d.rmeta --extern generation_id=/home/ruize/openvmm-restore-v1/target/verus-partial/debug/deps/libgeneration_id-81aed06f4353c947.rmeta --extern guestmem=/home/ruize/openvmm-restore-v1/target/verus-partial/debug/deps/libguestmem-733728c3bca7fa9f.rmeta --extern ide=/home/ruize/openvmm-restore-v1/target/verus-partial/debug/deps/libide-8cf6a7827544645e.rmeta --extern inspect=/home/ruize/openvmm-restore-v1/target/verus-partial/debug/deps/libinspect-73522c66cc8d2005.rmeta --extern inspect_counters=/home/ruize/openvmm-restore-v1/target/verus-partial/debug/deps/libinspect_counters-a219d4fa7e52ab46.rmeta --extern mesh=/home/ruize/openvmm-restore-v1/target/verus-partial/debug/deps/libmesh-57a4fc15b8866963.rmeta --extern missing_dev=/home/ruize/openvmm-restore-v1/target/verus-partial/debug/deps/libmissing_dev-150598fbdad3afdf.rmeta --extern pal_async=/home/ruize/openvmm-restore-v1/target/verus-partial/debug/deps/libpal_async-dca12e1bbf362961.rmeta --extern parking_lot=/home/ruize/openvmm-restore-v1/target/verus-partial/debug/deps/libparking_lot-3957aa1b9559146d.rmeta --extern paste=/home/ruize/openvmm-restore-v1/target/verus-partial/debug/deps/libpaste-c9b820920d8c49b6.so --extern pci_bus=/home/ruize/openvmm-restore-v1/target/verus-partial/debug/deps/libpci_bus-82f8ecbdaefc3a1c.rmeta --extern pcie=/home/ruize/openvmm-restore-v1/target/verus-partial/debug/deps/libpcie-adec009769d7c9b7.rmeta --extern range_map_vec=/home/ruize/openvmm-restore-v1/target/verus-partial/debug/deps/librange_map_vec-6e31398199fb45bf.rmeta --extern state_unit=/home/ruize/openvmm-restore-v1/target/verus-partial/debug/deps/libstate_unit-59cdd9a65335f457.rmeta --extern thiserror=/home/ruize/openvmm-restore-v1/target/verus-partial/debug/deps/libthiserror-bb5470d7886e4e69.rmeta --extern tracelimit=/home/ruize/openvmm-restore-v1/target/verus-partial/debug/deps/libtracelimit-ef06c7f3811b764c.rmeta --extern tracing=/home/ruize/openvmm-restore-v1/target/verus-partial/debug/deps/libtracing-669be71d75ac272a.rmeta --extern vm_resource=/home/ruize/openvmm-restore-v1/target/verus-partial/debug/deps/libvm_resource-993cabff7fd1557b.rmeta --extern vmcore=/home/ruize/openvmm-restore-v1/target/verus-partial/debug/deps/libvmcore-5b100dfb308d64b5.rmeta -Cforce-frame-pointers=yes -Csymbol-mangling-version=v0 -Z checksum-hash-algorithm=blake3`
    Checking vmm_core_defs v0.0.0 (/home/ruize/openvmm-restore-v1/vmm_core/vmm_core_defs)
     Running `/home/ruize/openvmm-restore-v1/toolchain/verus-src/source/target-verus/release/verus /home/ruize/.rustup/toolchains/1.94.0-x86_64-unknown-linux-gnu/bin/rustc --crate-name vmm_core_defs --edition=2024 vmm_core/vmm_core_defs/src/lib.rs --error-format=json --json=diagnostic-rendered-ansi,artifacts,future-incompat --crate-type lib --emit=dep-info,metadata -C panic=abort -C embed-bitcode=no -C debuginfo=2 --warn=rust_2018_idioms --deny=future_incompatible --warn=unused_qualifications --forbid=unsafe_op_in_unsafe_fn --deny=unsafe_code '--warn=clippy::unnecessary_box_returns' '--allow=clippy::uninlined_format_args' --warn=unexpected_cfgs '--warn=clippy::undocumented_unsafe_blocks' '--allow=clippy::type_complexity' '--allow=clippy::too_many_arguments' '--warn=clippy::suboptimal_flops' '--allow=clippy::single_range_in_vec_init' '--warn=clippy::rest_pat_in_fully_bound_structs' '--warn=clippy::ref_option_ref' '--warn=clippy::ref_as_ptr' '--warn=clippy::ptr_cast_constness' '--warn=clippy::ptr_as_ptr' '--warn=clippy::option_option' '--allow=clippy::new_without_default' --warn=missing_docs '--allow=clippy::manual_flatten' '--warn=clippy::macro_use_imports' '--warn=clippy::lossy_float_literal' '--warn=clippy::linkedlist' '--allow=clippy::len_without_is_empty' '--warn=clippy::inefficient_to_string' '--warn=clippy::imprecise_flops' '--warn=clippy::implicit_clone' '--warn=clippy::fn_params_excessive_bools' '--warn=clippy::filter_map_next' '--warn=clippy::debug_assert_with_mut_call' '--warn=clippy::dbg_macro' '--allow=clippy::collapsible_match' '--allow=clippy::collapsible_if' '--allow=clippy::collapsible_else_if' '--allow=clippy::box_default' '--allow=clippy::bool_assert_comparison' '--warn=clippy::allow_attributes' --check-cfg 'cfg(trick_rust_analyzer_into_highlighting_interpolated_bits)' --check-cfg 'cfg(docsrs,test)' --check-cfg 'cfg(feature, values())' -C metadata=7d28c3abcbcac21b -C extra-filename=-ade7e6329751ab00 --out-dir /home/ruize/openvmm-restore-v1/target/verus-partial/debug/deps -C incremental=/home/ruize/openvmm-restore-v1/target/verus-partial/debug/incremental -L dependency=/home/ruize/openvmm-restore-v1/target/verus-partial/debug/deps --extern inspect=/home/ruize/openvmm-restore-v1/target/verus-partial/debug/deps/libinspect-73522c66cc8d2005.rmeta --extern mesh=/home/ruize/openvmm-restore-v1/target/verus-partial/debug/deps/libmesh-57a4fc15b8866963.rmeta --extern virt=/home/ruize/openvmm-restore-v1/target/verus-partial/debug/deps/libvirt-66cdd31123de813c.rmeta --extern vstd=/home/ruize/openvmm-restore-v1/target/verus-partial/debug/deps/libvstd-0b932679964ce3b0.rmeta -Cforce-frame-pointers=yes -Csymbol-mangling-version=v0 -Z checksum-hash-algorithm=blake3`
error: disallowed: pattern constructor for an opaque datatype
  --> vmm_core/vmm_core_defs/src/lib.rs:36:17
   |
36 |   #[derive(Debug, Clone, Eq, PartialEq, Protobuf, Inspect)]
   |                   ^^^^^ this pattern constructor is disallowed
...
40 | / pub enum HaltReason {
41 | |     PowerOff,
42 | |     Reset,
43 | |     Hibernate,
...  |
69 | |     },
70 | | }
   | |_- Verus treats this datatype as 'opaque' because it is marked 'external_body'

error: `virt::x86::vp::Registers` is not supported (note: you may be able to add a Verus specification to this type with the `external_type_specification` attribute)
  --> vmm_core/vmm_core_defs/src/lib.rs:40:1
   |
40 | / pub enum HaltReason {
41 | |     PowerOff,
42 | |     Reset,
43 | |     Hibernate,
...  |
69 | |     },
70 | | }
   | |_^

error: `virt::x86::HardwareBreakpoint` is not supported (note: you may be able to add a Verus specification to this type with the `external_type_specification` attribute)
  --> vmm_core/vmm_core_defs/src/lib.rs:40:1
   |
40 | / pub enum HaltReason {
41 | |     PowerOff,
42 | |     Reset,
43 | |     Hibernate,
...  |
69 | |     },
70 | | }
   | |_^
   |
   = help: The following declaration may resolve this error:
           #[verifier::external_type_specification]
           pub struct ExHardwareBreakpoint(virt::x86::HardwareBreakpoint);

warning: autoderive Clone impl does not take the form Verus expects; continuing, but without adding a specification for the derived Clone impl
  --> vmm_core/vmm_core_defs/src/lib.rs:36:17
   |
36 | #[derive(Debug, Clone, Eq, PartialEq, Protobuf, Inspect)]
   |                 ^^^^^
   |
   = help: to suppress this warning, use `#[verifier::allow(autoderive_clone_without_spec)]` on the surrounding function, datatype, or module or `#![verifier::allow(autoderive_clone_without_spec)]` in the module or crate

warning: `vmm_core_defs` (lib) generated 1 warning
error: could not compile `vmm_core_defs` (lib) due to 3 previous errors; 1 warning emitted

Caused by:
  process didn't exit successfully: `/home/ruize/openvmm-restore-v1/toolchain/verus-src/source/target-verus/release/verus /home/ruize/.rustup/toolchains/1.94.0-x86_64-unknown-linux-gnu/bin/rustc --crate-name vmm_core_defs --edition=2024 vmm_core/vmm_core_defs/src/lib.rs --error-format=json --json=diagnostic-rendered-ansi,artifacts,future-incompat --crate-type lib --emit=dep-info,metadata -C panic=abort -C embed-bitcode=no -C debuginfo=2 --warn=rust_2018_idioms --deny=future_incompatible --warn=unused_qualifications --forbid=unsafe_op_in_unsafe_fn --deny=unsafe_code '--warn=clippy::unnecessary_box_returns' '--allow=clippy::uninlined_format_args' --warn=unexpected_cfgs '--warn=clippy::undocumented_unsafe_blocks' '--allow=clippy::type_complexity' '--allow=clippy::too_many_arguments' '--warn=clippy::suboptimal_flops' '--allow=clippy::single_range_in_vec_init' '--warn=clippy::rest_pat_in_fully_bound_structs' '--warn=clippy::ref_option_ref' '--warn=clippy::ref_as_ptr' '--warn=clippy::ptr_cast_constness' '--warn=clippy::ptr_as_ptr' '--warn=clippy::option_option' '--allow=clippy::new_without_default' --warn=missing_docs '--allow=clippy::manual_flatten' '--warn=clippy::macro_use_imports' '--warn=clippy::lossy_float_literal' '--warn=clippy::linkedlist' '--allow=clippy::len_without_is_empty' '--warn=clippy::inefficient_to_string' '--warn=clippy::imprecise_flops' '--warn=clippy::implicit_clone' '--warn=clippy::fn_params_excessive_bools' '--warn=clippy::filter_map_next' '--warn=clippy::debug_assert_with_mut_call' '--warn=clippy::dbg_macro' '--allow=clippy::collapsible_match' '--allow=clippy::collapsible_if' '--allow=clippy::collapsible_else_if' '--allow=clippy::box_default' '--allow=clippy::bool_assert_comparison' '--warn=clippy::allow_attributes' --check-cfg 'cfg(trick_rust_analyzer_into_highlighting_interpolated_bits)' --check-cfg 'cfg(docsrs,test)' --check-cfg 'cfg(feature, values())' -C metadata=7d28c3abcbcac21b -C extra-filename=-ade7e6329751ab00 --out-dir /home/ruize/openvmm-restore-v1/target/verus-partial/debug/deps -C incremental=/home/ruize/openvmm-restore-v1/target/verus-partial/debug/incremental -L dependency=/home/ruize/openvmm-restore-v1/target/verus-partial/debug/deps --extern inspect=/home/ruize/openvmm-restore-v1/target/verus-partial/debug/deps/libinspect-73522c66cc8d2005.rmeta --extern mesh=/home/ruize/openvmm-restore-v1/target/verus-partial/debug/deps/libmesh-57a4fc15b8866963.rmeta --extern virt=/home/ruize/openvmm-restore-v1/target/verus-partial/debug/deps/libvirt-66cdd31123de813c.rmeta --extern vstd=/home/ruize/openvmm-restore-v1/target/verus-partial/debug/deps/libvstd-0b932679964ce3b0.rmeta -Cforce-frame-pointers=yes -Csymbol-mangling-version=v0 -Z checksum-hash-algorithm=blake3` (exit status: 1)
Command exited with non-zero status 101
elapsed_s=9.73 exit=101
