verbosity level = 2; forwarding 1 `-v` arg(s) to Cargo
verbosity level = 2; forwarding 1 `-v` arg(s) to Cargo
verbosity level >= 2; forwarding 1 `-v` to Verus
forwarding Verus args to crates: <roots>
running cargo command:
cd "/home/ruize/openvmm-restore-v1" &&  __VERUS_DRIVER_ARGS_FOR_chipset_resources-0.0.0-c7b5a44104e2="__VERUS_DRIVER_ARGS_SEP__--no-verify__VERUS_DRIVER_ARGS_SEP__--VIA-CARGO__VERUS_DRIVER_ARGS_SEP__import-dep-if-present=vstd__VERUS_DRIVER_ARGS_SEP__--VIA-CARGO__VERUS_DRIVER_ARGS_SEP__import-dep-if-present=pal_async__VERUS_DRIVER_ARGS_SEP__--VIA-CARGO__VERUS_DRIVER_ARGS_SEP__import-dep-if-present=mesh_channel__VERUS_DRIVER_ARGS_SEP__--VIA-CARGO__VERUS_DRIVER_ARGS_SEP__import-dep-if-present=mesh_protobuf__VERUS_DRIVER_ARGS_SEP__--VIA-CARGO__VERUS_DRIVER_ARGS_SEP__import-dep-if-present=mesh_channel_core"  __VERUS_DRIVER_ARGS_FOR_mesh_channel-0.0.0-354e9bcb8413="__VERUS_DRIVER_ARGS_SEP__--no-verify__VERUS_DRIVER_ARGS_SEP__--VIA-CARGO__VERUS_DRIVER_ARGS_SEP__import-dep-if-present=mesh_channel_core__VERUS_DRIVER_ARGS_SEP__--VIA-CARGO__VERUS_DRIVER_ARGS_SEP__import-dep-if-present=mesh_protobuf__VERUS_DRIVER_ARGS_SEP__--VIA-CARGO__VERUS_DRIVER_ARGS_SEP__import-dep-if-present=pal_async__VERUS_DRIVER_ARGS_SEP__--VIA-CARGO__VERUS_DRIVER_ARGS_SEP__import-dep-if-present=vstd__VERUS_DRIVER_ARGS_SEP__--VIA-CARGO__VERUS_DRIVER_ARGS_SEP__import-dep-if-present=mesh_channel"  __VERUS_DRIVER_ARGS_FOR_mesh_channel_core-0.0.0-268fb5d46958="__VERUS_DRIVER_ARGS_SEP__--no-verify__VERUS_DRIVER_ARGS_SEP__--VIA-CARGO__VERUS_DRIVER_ARGS_SEP__import-dep-if-present=mesh_protobuf__VERUS_DRIVER_ARGS_SEP__--VIA-CARGO__VERUS_DRIVER_ARGS_SEP__import-dep-if-present=vstd__VERUS_DRIVER_ARGS_SEP__--VIA-CARGO__VERUS_DRIVER_ARGS_SEP__import-dep-if-present=pal_async"  __VERUS_DRIVER_ARGS_FOR_mesh_protobuf-0.0.0-b7284b63c0a5="__VERUS_DRIVER_ARGS_SEP__--no-verify__VERUS_DRIVER_ARGS_SEP__--VIA-CARGO__VERUS_DRIVER_ARGS_SEP__import-dep-if-present=vstd__VERUS_DRIVER_ARGS_SEP__--VIA-CARGO__VERUS_DRIVER_ARGS_SEP__import-dep-if-present=mesh_protobuf"  __VERUS_DRIVER_ARGS_FOR_pal_async-0.0.0-fb265dcddc43="__VERUS_DRIVER_ARGS_SEP__--no-verify__VERUS_DRIVER_ARGS_SEP__--VIA-CARGO__VERUS_DRIVER_ARGS_SEP__import-dep-if-present=vstd__VERUS_DRIVER_ARGS_SEP__--VIA-CARGO__VERUS_DRIVER_ARGS_SEP__import-dep-if-present=mesh_protobuf"  __VERUS_DRIVER_ARGS_FOR_state_unit-0.0.0-e60641a5d4f9="__VERUS_DRIVER_ARGS_SEP__--no-verify__VERUS_DRIVER_ARGS_SEP__--VIA-CARGO__VERUS_DRIVER_ARGS_SEP__import-dep-if-present=pal_async__VERUS_DRIVER_ARGS_SEP__--VIA-CARGO__VERUS_DRIVER_ARGS_SEP__import-dep-if-present=vstd__VERUS_DRIVER_ARGS_SEP__--VIA-CARGO__VERUS_DRIVER_ARGS_SEP__import-dep-if-present=mesh_channel__VERUS_DRIVER_ARGS_SEP__--VIA-CARGO__VERUS_DRIVER_ARGS_SEP__import-dep-if-present=mesh_protobuf__VERUS_DRIVER_ARGS_SEP__--VIA-CARGO__VERUS_DRIVER_ARGS_SEP__import-dep-if-present=mesh_channel_core"  __VERUS_DRIVER_ARGS_FOR_virt-0.0.0-968be197f10a="__VERUS_DRIVER_ARGS_SEP__--no-verify__VERUS_DRIVER_ARGS_SEP__--VIA-CARGO__VERUS_DRIVER_ARGS_SEP__import-dep-if-present=mesh_protobuf__VERUS_DRIVER_ARGS_SEP__--VIA-CARGO__VERUS_DRIVER_ARGS_SEP__import-dep-if-present=vstd__VERUS_DRIVER_ARGS_SEP__--VIA-CARGO__VERUS_DRIVER_ARGS_SEP__import-dep-if-present=pal_async__VERUS_DRIVER_ARGS_SEP__--VIA-CARGO__VERUS_DRIVER_ARGS_SEP__import-dep-if-present=mesh_channel__VERUS_DRIVER_ARGS_SEP__--VIA-CARGO__VERUS_DRIVER_ARGS_SEP__import-dep-if-present=mesh_channel_core__VERUS_DRIVER_ARGS_SEP__--VIA-CARGO__VERUS_DRIVER_ARGS_SEP__import-dep-if-present=virt"  __VERUS_DRIVER_ARGS_FOR_vmm_core-0.0.0-82860007aa19="__VERUS_DRIVER_ARGS_SEP__--VIA-CARGO__VERUS_DRIVER_ARGS_SEP__import-dep-if-present=pal_async__VERUS_DRIVER_ARGS_SEP__--VIA-CARGO__VERUS_DRIVER_ARGS_SEP__import-dep-if-present=vstd__VERUS_DRIVER_ARGS_SEP__--VIA-CARGO__VERUS_DRIVER_ARGS_SEP__import-dep-if-present=chipset_resources__VERUS_DRIVER_ARGS_SEP__--VIA-CARGO__VERUS_DRIVER_ARGS_SEP__import-dep-if-present=state_unit__VERUS_DRIVER_ARGS_SEP__--VIA-CARGO__VERUS_DRIVER_ARGS_SEP__import-dep-if-present=virt__VERUS_DRIVER_ARGS_SEP__--VIA-CARGO__VERUS_DRIVER_ARGS_SEP__import-dep-if-present=vmm_core_defs__VERUS_DRIVER_ARGS_SEP__--VIA-CARGO__VERUS_DRIVER_ARGS_SEP__import-dep-if-present=mesh_channel__VERUS_DRIVER_ARGS_SEP__--VIA-CARGO__VERUS_DRIVER_ARGS_SEP__import-dep-if-present=mesh_protobuf__VERUS_DRIVER_ARGS_SEP__--VIA-CARGO__VERUS_DRIVER_ARGS_SEP__import-dep-if-present=mesh_channel_core__VERUS_DRIVER_ARGS_SEP__--VIA-CARGO__VERUS_DRIVER_ARGS_SEP__import-dep-if-present=vmm_core__VERUS_DRIVER_ARGS_SEP__--verify-only-module__VERUS_DRIVER_ARGS_SEP__partition_unit__VERUS_DRIVER_ARGS_SEP__--no-lifetime__VERUS_DRIVER_ARGS_SEP__--multiple-errors__VERUS_DRIVER_ARGS_SEP__20__VERUS_DRIVER_ARGS_SEP__--num-threads__VERUS_DRIVER_ARGS_SEP__1__VERUS_DRIVER_ARGS_SEP__--triggers-mode__VERUS_DRIVER_ARGS_SEP__silent"  __VERUS_DRIVER_ARGS_FOR_vmm_core_defs-0.0.0-cea4d9bc1ae4="__VERUS_DRIVER_ARGS_SEP__--no-verify__VERUS_DRIVER_ARGS_SEP__--VIA-CARGO__VERUS_DRIVER_ARGS_SEP__import-dep-if-present=vstd__VERUS_DRIVER_ARGS_SEP__--VIA-CARGO__VERUS_DRIVER_ARGS_SEP__import-dep-if-present=virt__VERUS_DRIVER_ARGS_SEP__--VIA-CARGO__VERUS_DRIVER_ARGS_SEP__import-dep-if-present=pal_async__VERUS_DRIVER_ARGS_SEP__--VIA-CARGO__VERUS_DRIVER_ARGS_SEP__import-dep-if-present=mesh_channel__VERUS_DRIVER_ARGS_SEP__--VIA-CARGO__VERUS_DRIVER_ARGS_SEP__import-dep-if-present=mesh_protobuf__VERUS_DRIVER_ARGS_SEP__--VIA-CARGO__VERUS_DRIVER_ARGS_SEP__import-dep-if-present=mesh_channel_core"  __VERUS_DRIVER_ARGS_FOR_vstd-0.0.0-2026-09-16-0054-9a268c610fa8="__VERUS_DRIVER_ARGS_SEP__--is-vstd__VERUS_DRIVER_ARGS_SEP__--no-verify__VERUS_DRIVER_ARGS_SEP__--VIA-CARGO__VERUS_DRIVER_ARGS_SEP__import-dep-if-present=vstd"  __VERUS_DRIVER_ARGS__="__VERUS_DRIVER_ARGS_SEP__--VIA-CARGO__VERUS_DRIVER_ARGS_SEP__compile-when-not-primary-package__VERUS_DRIVER_ARGS_SEP__-v"  __VERUS_DRIVER_IS_BUILTIN_MACROS_verus_builtin_macros-0.0.0-2026-09-06-0133-94884b16541d="1"  __VERUS_DRIVER_IS_BUILTIN_verus_builtin-0.0.0-2026-09-16-0054-efe0d11dd23e="1" CARGO_UNSTABLE_CHECKSUM_FRESHNESS="true" RUSTC_BOOTSTRAP="1" RUSTC_WRAPPER="/home/ruize/openvmm-restore-v1/toolchain/verus-src/source/target-verus/release/verus" __CARGO_DEFAULT_LIB_METADATA="verus" __VERUS_DRIVER_VERIFY_chipset_resources-0.0.0-c7b5a44104e2="1" __VERUS_DRIVER_VERIFY_mesh_channel-0.0.0-354e9bcb8413="1" __VERUS_DRIVER_VERIFY_mesh_channel_core-0.0.0-268fb5d46958="1" __VERUS_DRIVER_VERIFY_mesh_protobuf-0.0.0-b7284b63c0a5="1" __VERUS_DRIVER_VERIFY_pal_async-0.0.0-fb265dcddc43="1" __VERUS_DRIVER_VERIFY_state_unit-0.0.0-e60641a5d4f9="1" __VERUS_DRIVER_VERIFY_virt-0.0.0-968be197f10a="1" __VERUS_DRIVER_VERIFY_vmm_core-0.0.0-82860007aa19="1" __VERUS_DRIVER_VERIFY_vmm_core_defs-0.0.0-cea4d9bc1ae4="1" __VERUS_DRIVER_VERIFY_vstd-0.0.0-2026-09-16-0054-9a268c610fa8="1" __VERUS_DRIVER_VIA_CARGO__="1" "/home/ruize/.rustup/toolchains/1.94.0-x86_64-unknown-linux-gnu/bin/cargo" "check" "-v" "--features" "dump" "--target-dir" "/home/ruize/openvmm-restore-v1/target/verus-partial" "--package" "vmm_core"
       Fresh unicode-ident v1.0.18
       Fresh proc-macro2 v1.0.107
       Fresh quote v1.0.40
       Fresh autocfg v1.5.0
       Fresh pin-project-lite v0.2.16
       Fresh smallvec v1.15.1
       Fresh futures-core v0.3.31
       Fresh equivalent v1.0.2
       Fresh hashbrown v0.15.5
       Fresh scopeguard v1.2.0
       Fresh open_enum v0.0.0 (/home/ruize/openvmm-restore-v1/support/open_enum)
       Fresh futures-io v0.3.31
       Fresh futures-sink v0.3.31
       Fresh convert_case v0.4.0
       Fresh slab v0.4.11
       Fresh pin-utils v0.1.0
       Fresh futures-task v0.3.31
       Fresh memchr v2.7.5
       Fresh verus_builtin v0.0.0-2026-09-16-0054 (/home/ruize/openvmm-restore-v1/toolchain/verus-src/source/builtin)
       Fresh heck v0.5.0
       Fresh parking v2.2.1
       Fresh static_assertions v1.1.0
       Fresh async-task v4.7.1
       Fresh either v1.15.0
       Fresh loan_cell v0.0.0 (/home/ruize/openvmm-restore-v1/support/loan_cell)
       Fresh diatomic-waker v0.2.3
       Fresh cordyceps v0.3.4
       Fresh spin v0.10.0
       Fresh jiff v0.2.15
       Fresh bitflags v2.9.3
       Fresh fixedbitset v0.5.7
       Fresh regex-syntax v0.8.6
       Fresh linux-raw-sys v0.9.4
       Fresh linux-raw-sys v0.4.15
       Fresh cfg-if v1.0.3
       Fresh home v0.5.11
       Fresh once_cell v1.21.3
       Fresh fastrand v2.3.0
       Fresh fixedbitset v0.4.2
       Fresh heck v0.4.1
       Fresh multimap v0.8.3
       Fresh bytes v1.11.1
       Fresh build_rs_guest_arch v0.0.0 (/home/ruize/openvmm-restore-v1/vm/vmcore/build_rs_guest_arch)
       Fresh lazy_static v1.5.0
       Fresh log v0.4.27
       Fresh syn v2.0.106
       Fresh tracing-core v0.1.35
       Fresh indexmap v2.11.0
       Fresh futures-channel v0.3.31
       Fresh futures-lite v2.6.1
       Fresh itertools v0.10.5
       Fresh futures-buffered v0.2.12
       Fresh regex-automata v0.4.14
       Fresh safe_intrinsics v0.0.0 (/home/ruize/openvmm-restore-v1/support/safe_intrinsics)
       Fresh sharded-slab v0.1.7
       Fresh thread_local v1.1.9
       Fresh stackfuture v0.3.0
       Fresh nu-ansi-term v0.50.1
       Fresh arrayvec v0.7.6
       Fresh uniset v0.2.4
       Fresh range_map_vec v0.2.0
       Fresh arc_cyclic_builder v0.0.0 (/home/ruize/openvmm-restore-v1/support/arc_cyclic_builder)
       Fresh device_emulators v0.0.0 (/home/ruize/openvmm-restore-v1/vm/devices/support/device_emulators)
       Fresh zerocopy-derive v0.8.27
       Fresh thiserror-impl v2.0.16
       Fresh verus_syn v0.0.0-2026-09-06-0133 (/home/ruize/openvmm-restore-v1/toolchain/verus-src/dependencies/syn)
       Fresh tracing-attributes v0.1.31
       Fresh bitfield-struct v0.11.0
       Fresh synstructure v0.13.2
       Fresh futures-macro v0.3.31
       Fresh mesh_derive v0.0.0 (/home/ruize/openvmm-restore-v1/support/mesh/mesh_derive)
       Fresh inspect_derive v0.0.0 (/home/ruize/openvmm-restore-v1/support/inspect_derive)
       Fresh async-trait v0.1.89
       Fresh thiserror-impl v1.0.69
       Fresh enumflags2_derive v0.7.12
       Fresh linkme-impl v0.3.33
       Fresh crossbeam-utils v0.8.21
       Fresh syn v1.0.109
       Fresh pal_async_test v0.0.0 (/home/ruize/openvmm-restore-v1/support/pal/pal_async_test)
       Fresh smallbox v0.8.8
       Fresh pin-project-internal v1.1.10
       Fresh anyhow v1.0.99
       Fresh save_restore_derive v0.0.0 (/home/ruize/openvmm-restore-v1/vm/vmcore/save_restore_derive)
       Fresh libc v0.2.184
       Fresh rustix v0.38.44
       Fresh rustix v1.0.8
       Fresh petgraph v0.6.5
       Fresh regex v1.12.3
       Fresh tracing-log v0.2.0
       Fresh zerocopy v0.8.27
       Fresh thiserror v2.0.16
       Fresh fs-err v3.1.1
       Fresh parking_lot_core v0.9.11
       Fresh tracing v0.1.43
       Fresh lock_api v0.4.13
       Fresh verus_prettyplease v0.0.0-2026-09-06-0133 (/home/ruize/openvmm-restore-v1/toolchain/verus-src/dependencies/prettyplease)
       Fresh verus_state_machines_macros v0.0.0-2026-09-06-0133 (/home/ruize/openvmm-restore-v1/toolchain/verus-src/source/state_machines_macros)
       Fresh futures-util v0.3.31
       Fresh getrandom v0.4.2
       Fresh thiserror v1.0.69
       Fresh enumflags2 v0.7.12
       Fresh seccompiler v0.5.0
       Fresh linkme v0.3.33
       Fresh concurrent-queue v2.5.0
       Fresh io-uring v0.7.11
       Fresh socket2 v0.6.0
       Fresh unix_socket v0.0.0 (/home/ruize/openvmm-restore-v1/support/unix_socket)
       Fresh pin-project v1.1.10
       Fresh prost-derive v0.11.9
       Fresh getrandom v0.3.3
       Fresh prettyplease v0.1.25
       Fresh which v4.4.2
       Fresh tracing-subscriber v0.3.22
       Fresh wchar-impl v0.11.0
       Fresh crc32fast v1.5.0
       Fresh paste v1.0.15
       Fresh parking_lot v0.12.4
       Fresh verus_builtin_macros v0.0.0-2026-09-06-0133 (/home/ruize/openvmm-restore-v1/toolchain/verus-src/source/builtin_macros)
       Fresh futures-executor v0.3.31
       Fresh caps v0.5.5
       Fresh landlock v0.4.2
       Fresh event-listener v5.4.1
       Fresh hvdef v0.0.0 (/home/ruize/openvmm-restore-v1/vm/hv1/hvdef)
       Fresh trycopy v0.0.0 (/home/ruize/openvmm-restore-v1/support/trycopy)
       Fresh futures-concurrency v7.6.3
       Fresh tempfile v3.21.0
       Fresh prost v0.11.9
       Fresh safeatomic v0.0.0 (/home/ruize/openvmm-restore-v1/support/safeatomic)
       Fresh x86defs v0.0.0 (/home/ruize/openvmm-restore-v1/vm/x86/x86defs)
       Fresh aarch64defs v0.0.0 (/home/ruize/openvmm-restore-v1/vm/aarch64/aarch64defs)
       Fresh scsi_defs v0.0.0 (/home/ruize/openvmm-restore-v1/vm/devices/storage/scsi_defs)
       Fresh wchar v0.11.1
       Fresh ucs2 v0.0.0 (/home/ruize/openvmm-restore-v1/support/ucs2)
       Fresh cvm_tracing v0.0.0 (/home/ruize/openvmm-restore-v1/vm/cvm_tracing)
       Fresh tracing_helpers v0.0.0 (/home/ruize/openvmm-restore-v1/support/tracing_helpers)
    Checking hvs_file v0.0.0 (/home/ruize/openvmm-restore-v1/support/hvs_file)
    Checking acpi_spec v0.0.0 (/home/ruize/openvmm-restore-v1/vm/acpi_spec)
       Fresh cache_topology v0.0.0 (/home/ruize/openvmm-restore-v1/support/cache_topology)
       Fresh vstd v0.0.0-2026-09-16-0054 (/home/ruize/openvmm-restore-v1/toolchain/verus-src/source/vstd)
       Fresh futures v0.3.31
       Fresh pal v0.0.0 (/home/ruize/openvmm-restore-v1/support/pal)
       Fresh event-listener-strategy v0.5.4
       Fresh tracelimit v0.0.0 (/home/ruize/openvmm-restore-v1/support/tracelimit)
       Fresh prost-types v0.11.9
       Fresh fast_select v0.0.0 (/home/ruize/openvmm-restore-v1/support/fast_select)
       Fresh closeable_mutex v0.0.0 (/home/ruize/openvmm-restore-v1/support/closeable_mutex)
       Fresh unicycle v0.10.2
     Running `/home/ruize/openvmm-restore-v1/toolchain/verus-src/source/target-verus/release/verus /home/ruize/.rustup/toolchains/1.94.0-x86_64-unknown-linux-gnu/bin/rustc --crate-name acpi_spec --edition=2024 vm/acpi_spec/src/lib.rs --error-format=json --json=diagnostic-rendered-ansi,artifacts,future-incompat --crate-type lib --emit=dep-info,metadata -C panic=abort -C embed-bitcode=no -C debuginfo=2 --warn=rust_2018_idioms --deny=future_incompatible --warn=unused_qualifications --forbid=unsafe_op_in_unsafe_fn --deny=unsafe_code '--warn=clippy::unnecessary_box_returns' '--allow=clippy::uninlined_format_args' --warn=unexpected_cfgs '--warn=clippy::undocumented_unsafe_blocks' '--allow=clippy::type_complexity' '--allow=clippy::too_many_arguments' '--warn=clippy::suboptimal_flops' '--allow=clippy::single_range_in_vec_init' '--warn=clippy::rest_pat_in_fully_bound_structs' '--warn=clippy::ref_option_ref' '--warn=clippy::ref_as_ptr' '--warn=clippy::ptr_cast_constness' '--warn=clippy::ptr_as_ptr' '--warn=clippy::option_option' '--allow=clippy::new_without_default' --warn=missing_docs '--allow=clippy::manual_flatten' '--warn=clippy::macro_use_imports' '--warn=clippy::lossy_float_literal' '--warn=clippy::linkedlist' '--allow=clippy::len_without_is_empty' '--warn=clippy::inefficient_to_string' '--warn=clippy::imprecise_flops' '--warn=clippy::implicit_clone' '--warn=clippy::fn_params_excessive_bools' '--warn=clippy::filter_map_next' '--warn=clippy::debug_assert_with_mut_call' '--warn=clippy::dbg_macro' '--allow=clippy::collapsible_match' '--allow=clippy::collapsible_if' '--allow=clippy::collapsible_else_if' '--allow=clippy::box_default' '--allow=clippy::bool_assert_comparison' '--warn=clippy::allow_attributes' --check-cfg 'cfg(trick_rust_analyzer_into_highlighting_interpolated_bits)' --cfg 'feature="alloc"' --cfg 'feature="default"' --cfg 'feature="std"' --check-cfg 'cfg(docsrs,test)' --check-cfg 'cfg(feature, values("alloc", "default", "std"))' -C metadata=67b554c38a5ec9ac -C extra-filename=-9dcd2da939cfd015 --out-dir /home/ruize/openvmm-restore-v1/target/verus-partial/debug/deps -C incremental=/home/ruize/openvmm-restore-v1/target/verus-partial/debug/incremental -L dependency=/home/ruize/openvmm-restore-v1/target/verus-partial/debug/deps --extern bitfield_struct=/home/ruize/openvmm-restore-v1/target/verus-partial/debug/deps/libbitfield_struct-338153e689b05499.so --extern open_enum=/home/ruize/openvmm-restore-v1/target/verus-partial/debug/deps/libopen_enum-44a4a1432a2a3dff.rmeta --extern static_assertions=/home/ruize/openvmm-restore-v1/target/verus-partial/debug/deps/libstatic_assertions-ea2eb68e8147348e.rmeta --extern thiserror=/home/ruize/openvmm-restore-v1/target/verus-partial/debug/deps/libthiserror-bb5470d7886e4e69.rmeta --extern zerocopy=/home/ruize/openvmm-restore-v1/target/verus-partial/debug/deps/libzerocopy-2fbbd02099a22f14.rmeta -Cforce-frame-pointers=yes -Csymbol-mangling-version=v0 -Z checksum-hash-algorithm=blake3`
     Running `/home/ruize/openvmm-restore-v1/toolchain/verus-src/source/target-verus/release/verus /home/ruize/.rustup/toolchains/1.94.0-x86_64-unknown-linux-gnu/bin/rustc --crate-name hvs_file --edition=2024 support/hvs_file/src/lib.rs --error-format=json --json=diagnostic-rendered-ansi,artifacts,future-incompat --crate-type lib --emit=dep-info,metadata -C panic=abort -C embed-bitcode=no -C debuginfo=2 --warn=rust_2018_idioms --deny=future_incompatible --warn=unused_qualifications --forbid=unsafe_op_in_unsafe_fn --deny=unsafe_code '--warn=clippy::unnecessary_box_returns' '--allow=clippy::uninlined_format_args' --warn=unexpected_cfgs '--warn=clippy::undocumented_unsafe_blocks' '--allow=clippy::type_complexity' '--allow=clippy::too_many_arguments' '--warn=clippy::suboptimal_flops' '--allow=clippy::single_range_in_vec_init' '--warn=clippy::rest_pat_in_fully_bound_structs' '--warn=clippy::ref_option_ref' '--warn=clippy::ref_as_ptr' '--warn=clippy::ptr_cast_constness' '--warn=clippy::ptr_as_ptr' '--warn=clippy::option_option' '--allow=clippy::new_without_default' --warn=missing_docs '--allow=clippy::manual_flatten' '--warn=clippy::macro_use_imports' '--warn=clippy::lossy_float_literal' '--warn=clippy::linkedlist' '--allow=clippy::len_without_is_empty' '--warn=clippy::inefficient_to_string' '--warn=clippy::imprecise_flops' '--warn=clippy::implicit_clone' '--warn=clippy::fn_params_excessive_bools' '--warn=clippy::filter_map_next' '--warn=clippy::debug_assert_with_mut_call' '--warn=clippy::dbg_macro' '--allow=clippy::collapsible_match' '--allow=clippy::collapsible_if' '--allow=clippy::collapsible_else_if' '--allow=clippy::box_default' '--allow=clippy::bool_assert_comparison' '--warn=clippy::allow_attributes' --check-cfg 'cfg(trick_rust_analyzer_into_highlighting_interpolated_bits)' --check-cfg 'cfg(docsrs,test)' --check-cfg 'cfg(feature, values())' -C metadata=b18fccee637e44b8 -C extra-filename=-ad071ef86e0f2cfb --out-dir /home/ruize/openvmm-restore-v1/target/verus-partial/debug/deps -C incremental=/home/ruize/openvmm-restore-v1/target/verus-partial/debug/incremental -L dependency=/home/ruize/openvmm-restore-v1/target/verus-partial/debug/deps --extern crc32fast=/home/ruize/openvmm-restore-v1/target/verus-partial/debug/deps/libcrc32fast-1d4e41d3e666f44c.rmeta --extern open_enum=/home/ruize/openvmm-restore-v1/target/verus-partial/debug/deps/libopen_enum-44a4a1432a2a3dff.rmeta --extern static_assertions=/home/ruize/openvmm-restore-v1/target/verus-partial/debug/deps/libstatic_assertions-ea2eb68e8147348e.rmeta --extern thiserror=/home/ruize/openvmm-restore-v1/target/verus-partial/debug/deps/libthiserror-bb5470d7886e4e69.rmeta --extern zerocopy=/home/ruize/openvmm-restore-v1/target/verus-partial/debug/deps/libzerocopy-2fbbd02099a22f14.rmeta -Cforce-frame-pointers=yes -Csymbol-mangling-version=v0 -Z checksum-hash-algorithm=blake3`
       Fresh mesh_protobuf v0.0.0 (/home/ruize/openvmm-restore-v1/support/mesh/mesh_protobuf)
       Fresh async-channel v2.5.0
       Fresh sparse_mmap v0.0.0 (/home/ruize/openvmm-restore-v1/support/sparse_mmap)
       Fresh prost-build v0.11.9
       Fresh mesh_node v0.0.0 (/home/ruize/openvmm-restore-v1/support/mesh/mesh_node)
       Fresh pal_event v0.0.0 (/home/ruize/openvmm-restore-v1/support/pal/pal_event)
       Fresh mesh_channel_core v0.0.0 (/home/ruize/openvmm-restore-v1/support/mesh/mesh_channel_core)
    Checking pal_async v0.0.0 (/home/ruize/openvmm-restore-v1/support/pal/pal_async)
       Fresh mesh_channel v0.0.0 (/home/ruize/openvmm-restore-v1/support/mesh/mesh_channel)
       Fresh mesh v0.0.0 (/home/ruize/openvmm-restore-v1/support/mesh)
       Fresh inspect v0.0.0 (/home/ruize/openvmm-restore-v1/support/inspect)
       Fresh vm_resource v0.0.0 (/home/ruize/openvmm-restore-v1/vm/vmcore/vm_resource)
       Fresh guestmem v0.0.0 (/home/ruize/openvmm-restore-v1/vm/vmcore/guestmem)
       Fresh tdisp_proto v0.0.0 (/home/ruize/openvmm-restore-v1/vm/devices/tdisp_proto)
       Fresh guid v0.0.0 (/home/ruize/openvmm-restore-v1/support/guid)
       Fresh memory_range v0.0.0 (/home/ruize/openvmm-restore-v1/vm/vmcore/memory_range)
       Fresh inspect_counters v0.0.0 (/home/ruize/openvmm-restore-v1/support/inspect_counters)
       Fresh local_clock v0.0.0 (/home/ruize/openvmm-restore-v1/support/local_clock)
       Fresh address_filter v0.0.0 (/home/ruize/openvmm-restore-v1/support/address_filter)
    Checking hcl_compat_uefi_nvram_resources v0.0.0 (/home/ruize/openvmm-restore-v1/vm/devices/firmware/hcl_compat_uefi_nvram_resources)
     Running `/home/ruize/openvmm-restore-v1/toolchain/verus-src/source/target-verus/release/verus /home/ruize/.rustup/toolchains/1.94.0-x86_64-unknown-linux-gnu/bin/rustc --crate-name pal_async --edition=2024 support/pal/pal_async/src/lib.rs --error-format=json --json=diagnostic-rendered-ansi,artifacts,future-incompat --crate-type lib --emit=dep-info,metadata -C panic=abort -C embed-bitcode=no -C debuginfo=2 --warn=rust_2018_idioms --deny=future_incompatible --warn=unused_qualifications --forbid=unsafe_op_in_unsafe_fn --deny=unsafe_code '--warn=clippy::unnecessary_box_returns' '--allow=clippy::uninlined_format_args' --warn=unexpected_cfgs '--warn=clippy::undocumented_unsafe_blocks' '--allow=clippy::type_complexity' '--allow=clippy::too_many_arguments' '--warn=clippy::suboptimal_flops' '--allow=clippy::single_range_in_vec_init' '--warn=clippy::rest_pat_in_fully_bound_structs' '--warn=clippy::ref_option_ref' '--warn=clippy::ref_as_ptr' '--warn=clippy::ptr_cast_constness' '--warn=clippy::ptr_as_ptr' '--warn=clippy::option_option' '--allow=clippy::new_without_default' --warn=missing_docs '--allow=clippy::manual_flatten' '--warn=clippy::macro_use_imports' '--warn=clippy::lossy_float_literal' '--warn=clippy::linkedlist' '--allow=clippy::len_without_is_empty' '--warn=clippy::inefficient_to_string' '--warn=clippy::imprecise_flops' '--warn=clippy::implicit_clone' '--warn=clippy::fn_params_excessive_bools' '--warn=clippy::filter_map_next' '--warn=clippy::debug_assert_with_mut_call' '--warn=clippy::dbg_macro' '--allow=clippy::collapsible_match' '--allow=clippy::collapsible_if' '--allow=clippy::collapsible_else_if' '--allow=clippy::box_default' '--allow=clippy::bool_assert_comparison' '--warn=clippy::allow_attributes' --check-cfg 'cfg(trick_rust_analyzer_into_highlighting_interpolated_bits)' --check-cfg 'cfg(docsrs,test)' --check-cfg 'cfg(feature, values("tests"))' -C metadata=095e03cac5c15220 -C extra-filename=-86a1d7663b7ae6aa --out-dir /home/ruize/openvmm-restore-v1/target/verus-partial/debug/deps -C incremental=/home/ruize/openvmm-restore-v1/target/verus-partial/debug/incremental -L dependency=/home/ruize/openvmm-restore-v1/target/verus-partial/debug/deps --extern async_channel=/home/ruize/openvmm-restore-v1/target/verus-partial/debug/deps/libasync_channel-3358593cb01da08f.rmeta --extern async_task=/home/ruize/openvmm-restore-v1/target/verus-partial/debug/deps/libasync_task-ac14c996757c8cd1.rmeta --extern cfg_if=/home/ruize/openvmm-restore-v1/target/verus-partial/debug/deps/libcfg_if-c9a8a9f3a3adcb02.rmeta --extern futures=/home/ruize/openvmm-restore-v1/target/verus-partial/debug/deps/libfutures-5a1ca119b27a8d6d.rmeta --extern io_uring=/home/ruize/openvmm-restore-v1/target/verus-partial/debug/deps/libio_uring-ac6e8ab64cab1d98.rmeta --extern libc=/home/ruize/openvmm-restore-v1/target/verus-partial/debug/deps/liblibc-94d8653e1a9f7efa.rmeta --extern loan_cell=/home/ruize/openvmm-restore-v1/target/verus-partial/debug/deps/libloan_cell-c4f23d0b64506974.rmeta --extern once_cell=/home/ruize/openvmm-restore-v1/target/verus-partial/debug/deps/libonce_cell-e27c432f5fb3cabc.rmeta --extern pal=/home/ruize/openvmm-restore-v1/target/verus-partial/debug/deps/libpal-7c33264d46675559.rmeta --extern pal_async_test=/home/ruize/openvmm-restore-v1/target/verus-partial/debug/deps/libpal_async_test-d876ccf823f52c48.so --extern pal_event=/home/ruize/openvmm-restore-v1/target/verus-partial/debug/deps/libpal_event-ad8314a85626886e.rmeta --extern parking_lot=/home/ruize/openvmm-restore-v1/target/verus-partial/debug/deps/libparking_lot-3957aa1b9559146d.rmeta --extern slab=/home/ruize/openvmm-restore-v1/target/verus-partial/debug/deps/libslab-9bfce0c6112d4e19.rmeta --extern smallbox=/home/ruize/openvmm-restore-v1/target/verus-partial/debug/deps/libsmallbox-90575f6c1a603770.rmeta --extern socket2=/home/ruize/openvmm-restore-v1/target/verus-partial/debug/deps/libsocket2-3aa55e0e73ee4a9d.rmeta --extern unix_socket=/home/ruize/openvmm-restore-v1/target/verus-partial/debug/deps/libunix_socket-c2345ad6cf1f56ff.rmeta --extern vstd=/home/ruize/openvmm-restore-v1/target/verus-partial/debug/deps/libvstd-0b932679964ce3b0.rmeta -Cforce-frame-pointers=yes -Csymbol-mangling-version=v0 -Z checksum-hash-algorithm=blake3`
       Fresh tdisp v0.0.0 (/home/ruize/openvmm-restore-v1/vm/devices/tdisp)
       Fresh scsi_buffers v0.0.0 (/home/ruize/openvmm-restore-v1/vm/devices/storage/scsi_buffers)
    Checking vmbus_core v0.0.0 (/home/ruize/openvmm-restore-v1/vm/devices/vmbus/vmbus_core)
    Checking vmbus_ring v0.0.0 (/home/ruize/openvmm-restore-v1/vm/devices/vmbus/vmbus_ring)
       Fresh power_resources v0.0.0 (/home/ruize/openvmm-restore-v1/vm/power_resources)
       Fresh input_core v0.0.0 (/home/ruize/openvmm-restore-v1/vm/devices/input_core)
       Fresh chipset_resources v0.0.0 (/home/ruize/openvmm-restore-v1/vm/devices/chipset_resources)
       Fresh missing_dev_resources v0.0.0 (/home/ruize/openvmm-restore-v1/vm/devices/missing_dev_resources)
       Fresh ide_resources v0.0.0 (/home/ruize/openvmm-restore-v1/vm/devices/storage/ide_resources)
       Fresh video_core v0.0.0 (/home/ruize/openvmm-restore-v1/vm/devices/video_core)
    Checking uefi_specs v0.0.0 (/home/ruize/openvmm-restore-v1/vm/devices/firmware/uefi_specs)
    Checking vpci_protocol v0.0.0 (/home/ruize/openvmm-restore-v1/vm/devices/pci/vpci_protocol)
    Checking hybrid_vsock v0.0.0 (/home/ruize/openvmm-restore-v1/support/hybrid_vsock)
     Running `/home/ruize/openvmm-restore-v1/toolchain/verus-src/source/target-verus/release/verus /home/ruize/.rustup/toolchains/1.94.0-x86_64-unknown-linux-gnu/bin/rustc --crate-name hcl_compat_uefi_nvram_resources --edition=2024 vm/devices/firmware/hcl_compat_uefi_nvram_resources/src/lib.rs --error-format=json --json=diagnostic-rendered-ansi,artifacts,future-incompat --crate-type lib --emit=dep-info,metadata -C panic=abort -C embed-bitcode=no -C debuginfo=2 --warn=rust_2018_idioms --deny=future_incompatible --warn=unused_qualifications --forbid=unsafe_op_in_unsafe_fn --deny=unsafe_code '--warn=clippy::unnecessary_box_returns' '--allow=clippy::uninlined_format_args' --warn=unexpected_cfgs '--warn=clippy::undocumented_unsafe_blocks' '--allow=clippy::type_complexity' '--allow=clippy::too_many_arguments' '--warn=clippy::suboptimal_flops' '--allow=clippy::single_range_in_vec_init' '--warn=clippy::rest_pat_in_fully_bound_structs' '--warn=clippy::ref_option_ref' '--warn=clippy::ref_as_ptr' '--warn=clippy::ptr_cast_constness' '--warn=clippy::ptr_as_ptr' '--warn=clippy::option_option' '--allow=clippy::new_without_default' --warn=missing_docs '--allow=clippy::manual_flatten' '--warn=clippy::macro_use_imports' '--warn=clippy::lossy_float_literal' '--warn=clippy::linkedlist' '--allow=clippy::len_without_is_empty' '--warn=clippy::inefficient_to_string' '--warn=clippy::imprecise_flops' '--warn=clippy::implicit_clone' '--warn=clippy::fn_params_excessive_bools' '--warn=clippy::filter_map_next' '--warn=clippy::debug_assert_with_mut_call' '--warn=clippy::dbg_macro' '--allow=clippy::collapsible_match' '--allow=clippy::collapsible_if' '--allow=clippy::collapsible_else_if' '--allow=clippy::box_default' '--allow=clippy::bool_assert_comparison' '--warn=clippy::allow_attributes' --check-cfg 'cfg(trick_rust_analyzer_into_highlighting_interpolated_bits)' --check-cfg 'cfg(docsrs,test)' --check-cfg 'cfg(feature, values())' -C metadata=c7e6ffe826e2e15e -C extra-filename=-2c32a07a3eb6670c --out-dir /home/ruize/openvmm-restore-v1/target/verus-partial/debug/deps -C incremental=/home/ruize/openvmm-restore-v1/target/verus-partial/debug/incremental -L dependency=/home/ruize/openvmm-restore-v1/target/verus-partial/debug/deps --extern inspect=/home/ruize/openvmm-restore-v1/target/verus-partial/debug/deps/libinspect-73522c66cc8d2005.rmeta --extern mesh_protobuf=/home/ruize/openvmm-restore-v1/target/verus-partial/debug/deps/libmesh_protobuf-5612e213728e73ed.rmeta -Cforce-frame-pointers=yes -Csymbol-mangling-version=v0 -Z checksum-hash-algorithm=blake3`
     Running `/home/ruize/openvmm-restore-v1/toolchain/verus-src/source/target-verus/release/verus /home/ruize/.rustup/toolchains/1.94.0-x86_64-unknown-linux-gnu/bin/rustc --crate-name vmbus_ring --edition=2024 vm/devices/vmbus/vmbus_ring/src/lib.rs --error-format=json --json=diagnostic-rendered-ansi,artifacts,future-incompat --crate-type lib --emit=dep-info,metadata -C panic=abort -C embed-bitcode=no -C debuginfo=2 --warn=rust_2018_idioms --deny=future_incompatible --warn=unused_qualifications --forbid=unsafe_op_in_unsafe_fn --deny=unsafe_code '--warn=clippy::unnecessary_box_returns' '--allow=clippy::uninlined_format_args' --warn=unexpected_cfgs '--warn=clippy::undocumented_unsafe_blocks' '--allow=clippy::type_complexity' '--allow=clippy::too_many_arguments' '--warn=clippy::suboptimal_flops' '--allow=clippy::single_range_in_vec_init' '--warn=clippy::rest_pat_in_fully_bound_structs' '--warn=clippy::ref_option_ref' '--warn=clippy::ref_as_ptr' '--warn=clippy::ptr_cast_constness' '--warn=clippy::ptr_as_ptr' '--warn=clippy::option_option' '--allow=clippy::new_without_default' --warn=missing_docs '--allow=clippy::manual_flatten' '--warn=clippy::macro_use_imports' '--warn=clippy::lossy_float_literal' '--warn=clippy::linkedlist' '--allow=clippy::len_without_is_empty' '--warn=clippy::inefficient_to_string' '--warn=clippy::imprecise_flops' '--warn=clippy::implicit_clone' '--warn=clippy::fn_params_excessive_bools' '--warn=clippy::filter_map_next' '--warn=clippy::debug_assert_with_mut_call' '--warn=clippy::dbg_macro' '--allow=clippy::collapsible_match' '--allow=clippy::collapsible_if' '--allow=clippy::collapsible_else_if' '--allow=clippy::box_default' '--allow=clippy::bool_assert_comparison' '--warn=clippy::allow_attributes' --check-cfg 'cfg(trick_rust_analyzer_into_highlighting_interpolated_bits)' --check-cfg 'cfg(docsrs,test)' --check-cfg 'cfg(feature, values())' -C metadata=8d7f22d79256b660 -C extra-filename=-209836fa9dc1e5e4 --out-dir /home/ruize/openvmm-restore-v1/target/verus-partial/debug/deps -C incremental=/home/ruize/openvmm-restore-v1/target/verus-partial/debug/incremental -L dependency=/home/ruize/openvmm-restore-v1/target/verus-partial/debug/deps --extern guestmem=/home/ruize/openvmm-restore-v1/target/verus-partial/debug/deps/libguestmem-733728c3bca7fa9f.rmeta --extern inspect=/home/ruize/openvmm-restore-v1/target/verus-partial/debug/deps/libinspect-73522c66cc8d2005.rmeta --extern safeatomic=/home/ruize/openvmm-restore-v1/target/verus-partial/debug/deps/libsafeatomic-9d5dacf6855d44bb.rmeta --extern thiserror=/home/ruize/openvmm-restore-v1/target/verus-partial/debug/deps/libthiserror-bb5470d7886e4e69.rmeta --extern zerocopy=/home/ruize/openvmm-restore-v1/target/verus-partial/debug/deps/libzerocopy-2fbbd02099a22f14.rmeta -Cforce-frame-pointers=yes -Csymbol-mangling-version=v0 -Z checksum-hash-algorithm=blake3`
     Running `/home/ruize/openvmm-restore-v1/toolchain/verus-src/source/target-verus/release/verus /home/ruize/.rustup/toolchains/1.94.0-x86_64-unknown-linux-gnu/bin/rustc --crate-name vmbus_core --edition=2024 vm/devices/vmbus/vmbus_core/src/lib.rs --error-format=json --json=diagnostic-rendered-ansi,artifacts,future-incompat --crate-type lib --emit=dep-info,metadata -C panic=abort -C embed-bitcode=no -C debuginfo=2 --warn=rust_2018_idioms --deny=future_incompatible --warn=unused_qualifications --forbid=unsafe_op_in_unsafe_fn --deny=unsafe_code '--warn=clippy::unnecessary_box_returns' '--allow=clippy::uninlined_format_args' --warn=unexpected_cfgs '--warn=clippy::undocumented_unsafe_blocks' '--allow=clippy::type_complexity' '--allow=clippy::too_many_arguments' '--warn=clippy::suboptimal_flops' '--allow=clippy::single_range_in_vec_init' '--warn=clippy::rest_pat_in_fully_bound_structs' '--warn=clippy::ref_option_ref' '--warn=clippy::ref_as_ptr' '--warn=clippy::ptr_cast_constness' '--warn=clippy::ptr_as_ptr' '--warn=clippy::option_option' '--allow=clippy::new_without_default' --warn=missing_docs '--allow=clippy::manual_flatten' '--warn=clippy::macro_use_imports' '--warn=clippy::lossy_float_literal' '--warn=clippy::linkedlist' '--allow=clippy::len_without_is_empty' '--warn=clippy::inefficient_to_string' '--warn=clippy::imprecise_flops' '--warn=clippy::implicit_clone' '--warn=clippy::fn_params_excessive_bools' '--warn=clippy::filter_map_next' '--warn=clippy::debug_assert_with_mut_call' '--warn=clippy::dbg_macro' '--allow=clippy::collapsible_match' '--allow=clippy::collapsible_if' '--allow=clippy::collapsible_else_if' '--allow=clippy::box_default' '--allow=clippy::bool_assert_comparison' '--warn=clippy::allow_attributes' --check-cfg 'cfg(trick_rust_analyzer_into_highlighting_interpolated_bits)' --check-cfg 'cfg(docsrs,test)' --check-cfg 'cfg(feature, values())' -C metadata=9364c145a5c185bc -C extra-filename=-7b2eaa475b683a51 --out-dir /home/ruize/openvmm-restore-v1/target/verus-partial/debug/deps -C incremental=/home/ruize/openvmm-restore-v1/target/verus-partial/debug/incremental -L dependency=/home/ruize/openvmm-restore-v1/target/verus-partial/debug/deps --extern bitfield_struct=/home/ruize/openvmm-restore-v1/target/verus-partial/debug/deps/libbitfield_struct-338153e689b05499.so --extern futures=/home/ruize/openvmm-restore-v1/target/verus-partial/debug/deps/libfutures-5a1ca119b27a8d6d.rmeta --extern guid=/home/ruize/openvmm-restore-v1/target/verus-partial/debug/deps/libguid-c5aadcc960c694cf.rmeta --extern hvdef=/home/ruize/openvmm-restore-v1/target/verus-partial/debug/deps/libhvdef-1817752b7aff5f9b.rmeta --extern inspect=/home/ruize/openvmm-restore-v1/target/verus-partial/debug/deps/libinspect-73522c66cc8d2005.rmeta --extern mesh=/home/ruize/openvmm-restore-v1/target/verus-partial/debug/deps/libmesh-57a4fc15b8866963.rmeta --extern open_enum=/home/ruize/openvmm-restore-v1/target/verus-partial/debug/deps/libopen_enum-44a4a1432a2a3dff.rmeta --extern static_assertions=/home/ruize/openvmm-restore-v1/target/verus-partial/debug/deps/libstatic_assertions-ea2eb68e8147348e.rmeta --extern thiserror=/home/ruize/openvmm-restore-v1/target/verus-partial/debug/deps/libthiserror-bb5470d7886e4e69.rmeta --extern zerocopy=/home/ruize/openvmm-restore-v1/target/verus-partial/debug/deps/libzerocopy-2fbbd02099a22f14.rmeta -Cforce-frame-pointers=yes -Csymbol-mangling-version=v0 -Z checksum-hash-algorithm=blake3`
     Running `/home/ruize/openvmm-restore-v1/toolchain/verus-src/source/target-verus/release/verus /home/ruize/.rustup/toolchains/1.94.0-x86_64-unknown-linux-gnu/bin/rustc --crate-name uefi_specs --edition=2024 vm/devices/firmware/uefi_specs/src/lib.rs --error-format=json --json=diagnostic-rendered-ansi,artifacts,future-incompat --crate-type lib --emit=dep-info,metadata -C panic=abort -C embed-bitcode=no -C debuginfo=2 --warn=rust_2018_idioms --deny=future_incompatible --warn=unused_qualifications --forbid=unsafe_op_in_unsafe_fn --deny=unsafe_code '--warn=clippy::unnecessary_box_returns' '--allow=clippy::uninlined_format_args' --warn=unexpected_cfgs '--warn=clippy::undocumented_unsafe_blocks' '--allow=clippy::type_complexity' '--allow=clippy::too_many_arguments' '--warn=clippy::suboptimal_flops' '--allow=clippy::single_range_in_vec_init' '--warn=clippy::rest_pat_in_fully_bound_structs' '--warn=clippy::ref_option_ref' '--warn=clippy::ref_as_ptr' '--warn=clippy::ptr_cast_constness' '--warn=clippy::ptr_as_ptr' '--warn=clippy::option_option' '--allow=clippy::new_without_default' --warn=missing_docs '--allow=clippy::manual_flatten' '--warn=clippy::macro_use_imports' '--warn=clippy::lossy_float_literal' '--warn=clippy::linkedlist' '--allow=clippy::len_without_is_empty' '--warn=clippy::inefficient_to_string' '--warn=clippy::imprecise_flops' '--warn=clippy::implicit_clone' '--warn=clippy::fn_params_excessive_bools' '--warn=clippy::filter_map_next' '--warn=clippy::debug_assert_with_mut_call' '--warn=clippy::dbg_macro' '--allow=clippy::collapsible_match' '--allow=clippy::collapsible_if' '--allow=clippy::collapsible_else_if' '--allow=clippy::box_default' '--allow=clippy::bool_assert_comparison' '--warn=clippy::allow_attributes' --check-cfg 'cfg(trick_rust_analyzer_into_highlighting_interpolated_bits)' --cfg 'feature="default"' --check-cfg 'cfg(docsrs,test)' --check-cfg 'cfg(feature, values("default", "inspect"))' -C metadata=a4cbab3a07f89b5c -C extra-filename=-45a8a4fbae58c072 --out-dir /home/ruize/openvmm-restore-v1/target/verus-partial/debug/deps -C incremental=/home/ruize/openvmm-restore-v1/target/verus-partial/debug/incremental -L dependency=/home/ruize/openvmm-restore-v1/target/verus-partial/debug/deps --extern bitfield_struct=/home/ruize/openvmm-restore-v1/target/verus-partial/debug/deps/libbitfield_struct-338153e689b05499.so --extern guid=/home/ruize/openvmm-restore-v1/target/verus-partial/debug/deps/libguid-c5aadcc960c694cf.rmeta --extern open_enum=/home/ruize/openvmm-restore-v1/target/verus-partial/debug/deps/libopen_enum-44a4a1432a2a3dff.rmeta --extern static_assertions=/home/ruize/openvmm-restore-v1/target/verus-partial/debug/deps/libstatic_assertions-ea2eb68e8147348e.rmeta --extern ucs2=/home/ruize/openvmm-restore-v1/target/verus-partial/debug/deps/libucs2-b88b708b35f1ee10.rmeta --extern wchar=/home/ruize/openvmm-restore-v1/target/verus-partial/debug/deps/libwchar-173f5badf4e64c41.rmeta --extern zerocopy=/home/ruize/openvmm-restore-v1/target/verus-partial/debug/deps/libzerocopy-2fbbd02099a22f14.rmeta -Cforce-frame-pointers=yes -Csymbol-mangling-version=v0 -Z checksum-hash-algorithm=blake3`
     Running `/home/ruize/openvmm-restore-v1/toolchain/verus-src/source/target-verus/release/verus /home/ruize/.rustup/toolchains/1.94.0-x86_64-unknown-linux-gnu/bin/rustc --crate-name vpci_protocol --edition=2024 vm/devices/pci/vpci_protocol/src/lib.rs --error-format=json --json=diagnostic-rendered-ansi,artifacts,future-incompat --crate-type lib --emit=dep-info,metadata -C panic=abort -C embed-bitcode=no -C debuginfo=2 --warn=rust_2018_idioms --deny=future_incompatible --warn=unused_qualifications --forbid=unsafe_op_in_unsafe_fn --deny=unsafe_code '--warn=clippy::unnecessary_box_returns' '--allow=clippy::uninlined_format_args' --warn=unexpected_cfgs '--warn=clippy::undocumented_unsafe_blocks' '--allow=clippy::type_complexity' '--allow=clippy::too_many_arguments' '--warn=clippy::suboptimal_flops' '--allow=clippy::single_range_in_vec_init' '--warn=clippy::rest_pat_in_fully_bound_structs' '--warn=clippy::ref_option_ref' '--warn=clippy::ref_as_ptr' '--warn=clippy::ptr_cast_constness' '--warn=clippy::ptr_as_ptr' '--warn=clippy::option_option' '--allow=clippy::new_without_default' --warn=missing_docs '--allow=clippy::manual_flatten' '--warn=clippy::macro_use_imports' '--warn=clippy::lossy_float_literal' '--warn=clippy::linkedlist' '--allow=clippy::len_without_is_empty' '--warn=clippy::inefficient_to_string' '--warn=clippy::imprecise_flops' '--warn=clippy::implicit_clone' '--warn=clippy::fn_params_excessive_bools' '--warn=clippy::filter_map_next' '--warn=clippy::debug_assert_with_mut_call' '--warn=clippy::dbg_macro' '--allow=clippy::collapsible_match' '--allow=clippy::collapsible_if' '--allow=clippy::collapsible_else_if' '--allow=clippy::box_default' '--allow=clippy::bool_assert_comparison' '--warn=clippy::allow_attributes' --check-cfg 'cfg(trick_rust_analyzer_into_highlighting_interpolated_bits)' --check-cfg 'cfg(docsrs,test)' --check-cfg 'cfg(feature, values())' -C metadata=fef0156e5c9f4fc6 -C extra-filename=-3c2ff762b01a4bef --out-dir /home/ruize/openvmm-restore-v1/target/verus-partial/debug/deps -C incremental=/home/ruize/openvmm-restore-v1/target/verus-partial/debug/incremental -L dependency=/home/ruize/openvmm-restore-v1/target/verus-partial/debug/deps --extern bitfield_struct=/home/ruize/openvmm-restore-v1/target/verus-partial/debug/deps/libbitfield_struct-338153e689b05499.so --extern guid=/home/ruize/openvmm-restore-v1/target/verus-partial/debug/deps/libguid-c5aadcc960c694cf.rmeta --extern open_enum=/home/ruize/openvmm-restore-v1/target/verus-partial/debug/deps/libopen_enum-44a4a1432a2a3dff.rmeta --extern zerocopy=/home/ruize/openvmm-restore-v1/target/verus-partial/debug/deps/libzerocopy-2fbbd02099a22f14.rmeta -Cforce-frame-pointers=yes -Csymbol-mangling-version=v0 -Z checksum-hash-algorithm=blake3`
     Running `/home/ruize/openvmm-restore-v1/toolchain/verus-src/source/target-verus/release/verus /home/ruize/.rustup/toolchains/1.94.0-x86_64-unknown-linux-gnu/bin/rustc --crate-name hybrid_vsock --edition=2024 support/hybrid_vsock/src/lib.rs --error-format=json --json=diagnostic-rendered-ansi,artifacts,future-incompat --crate-type lib --emit=dep-info,metadata -C panic=abort -C embed-bitcode=no -C debuginfo=2 --warn=rust_2018_idioms --deny=future_incompatible --warn=unused_qualifications --forbid=unsafe_op_in_unsafe_fn --deny=unsafe_code '--warn=clippy::unnecessary_box_returns' '--allow=clippy::uninlined_format_args' --warn=unexpected_cfgs '--warn=clippy::undocumented_unsafe_blocks' '--allow=clippy::type_complexity' '--allow=clippy::too_many_arguments' '--warn=clippy::suboptimal_flops' '--allow=clippy::single_range_in_vec_init' '--warn=clippy::rest_pat_in_fully_bound_structs' '--warn=clippy::ref_option_ref' '--warn=clippy::ref_as_ptr' '--warn=clippy::ptr_cast_constness' '--warn=clippy::ptr_as_ptr' '--warn=clippy::option_option' '--allow=clippy::new_without_default' --warn=missing_docs '--allow=clippy::manual_flatten' '--warn=clippy::macro_use_imports' '--warn=clippy::lossy_float_literal' '--warn=clippy::linkedlist' '--allow=clippy::len_without_is_empty' '--warn=clippy::inefficient_to_string' '--warn=clippy::imprecise_flops' '--warn=clippy::implicit_clone' '--warn=clippy::fn_params_excessive_bools' '--warn=clippy::filter_map_next' '--warn=clippy::debug_assert_with_mut_call' '--warn=clippy::dbg_macro' '--allow=clippy::collapsible_match' '--allow=clippy::collapsible_if' '--allow=clippy::collapsible_else_if' '--allow=clippy::box_default' '--allow=clippy::bool_assert_comparison' '--warn=clippy::allow_attributes' --check-cfg 'cfg(trick_rust_analyzer_into_highlighting_interpolated_bits)' --check-cfg 'cfg(docsrs,test)' --check-cfg 'cfg(feature, values())' -C metadata=75c6969955bce4bc -C extra-filename=-8b1a10f14fdcfee0 --out-dir /home/ruize/openvmm-restore-v1/target/verus-partial/debug/deps -C incremental=/home/ruize/openvmm-restore-v1/target/verus-partial/debug/incremental -L dependency=/home/ruize/openvmm-restore-v1/target/verus-partial/debug/deps --extern fs_err=/home/ruize/openvmm-restore-v1/target/verus-partial/debug/deps/libfs_err-f20dc713fe9ba4b8.rmeta --extern guid=/home/ruize/openvmm-restore-v1/target/verus-partial/debug/deps/libguid-c5aadcc960c694cf.rmeta --extern thiserror=/home/ruize/openvmm-restore-v1/target/verus-partial/debug/deps/libthiserror-bb5470d7886e4e69.rmeta -Cforce-frame-pointers=yes -Csymbol-mangling-version=v0 -Z checksum-hash-algorithm=blake3`
    Checking uefi_nvram_storage v0.0.0 (/home/ruize/openvmm-restore-v1/vm/devices/firmware/uefi_nvram_storage)
     Running `/home/ruize/openvmm-restore-v1/toolchain/verus-src/source/target-verus/release/verus /home/ruize/.rustup/toolchains/1.94.0-x86_64-unknown-linux-gnu/bin/rustc --crate-name uefi_nvram_storage --edition=2024 vm/devices/firmware/uefi_nvram_storage/src/lib.rs --error-format=json --json=diagnostic-rendered-ansi,artifacts,future-incompat --crate-type lib --emit=dep-info,metadata -C panic=abort -C embed-bitcode=no -C debuginfo=2 --warn=rust_2018_idioms --deny=future_incompatible --warn=unused_qualifications --forbid=unsafe_op_in_unsafe_fn --deny=unsafe_code '--warn=clippy::unnecessary_box_returns' '--allow=clippy::uninlined_format_args' --warn=unexpected_cfgs '--warn=clippy::undocumented_unsafe_blocks' '--allow=clippy::type_complexity' '--allow=clippy::too_many_arguments' '--warn=clippy::suboptimal_flops' '--allow=clippy::single_range_in_vec_init' '--warn=clippy::rest_pat_in_fully_bound_structs' '--warn=clippy::ref_option_ref' '--warn=clippy::ref_as_ptr' '--warn=clippy::ptr_cast_constness' '--warn=clippy::ptr_as_ptr' '--warn=clippy::option_option' '--allow=clippy::new_without_default' --warn=missing_docs '--allow=clippy::manual_flatten' '--warn=clippy::macro_use_imports' '--warn=clippy::lossy_float_literal' '--warn=clippy::linkedlist' '--allow=clippy::len_without_is_empty' '--warn=clippy::inefficient_to_string' '--warn=clippy::imprecise_flops' '--warn=clippy::implicit_clone' '--warn=clippy::fn_params_excessive_bools' '--warn=clippy::filter_map_next' '--warn=clippy::debug_assert_with_mut_call' '--warn=clippy::dbg_macro' '--allow=clippy::collapsible_match' '--allow=clippy::collapsible_if' '--allow=clippy::collapsible_else_if' '--allow=clippy::box_default' '--allow=clippy::bool_assert_comparison' '--warn=clippy::allow_attributes' --check-cfg 'cfg(trick_rust_analyzer_into_highlighting_interpolated_bits)' --cfg 'feature="default"' --check-cfg 'cfg(docsrs,test)' --check-cfg 'cfg(feature, values("default", "inspect", "save_restore"))' -C metadata=1daeedd213370ce0 -C extra-filename=-e136ff05909e1467 --out-dir /home/ruize/openvmm-restore-v1/target/verus-partial/debug/deps -C incremental=/home/ruize/openvmm-restore-v1/target/verus-partial/debug/incremental -L dependency=/home/ruize/openvmm-restore-v1/target/verus-partial/debug/deps --extern async_trait=/home/ruize/openvmm-restore-v1/target/verus-partial/debug/deps/libasync_trait-c5f6c49640f81610.so --extern guid=/home/ruize/openvmm-restore-v1/target/verus-partial/debug/deps/libguid-c5aadcc960c694cf.rmeta --extern thiserror=/home/ruize/openvmm-restore-v1/target/verus-partial/debug/deps/libthiserror-bb5470d7886e4e69.rmeta --extern ucs2=/home/ruize/openvmm-restore-v1/target/verus-partial/debug/deps/libucs2-b88b708b35f1ee10.rmeta --extern uefi_specs=/home/ruize/openvmm-restore-v1/target/verus-partial/debug/deps/libuefi_specs-45a8a4fbae58c072.rmeta --extern wchar=/home/ruize/openvmm-restore-v1/target/verus-partial/debug/deps/libwchar-173f5badf4e64c41.rmeta --extern zerocopy=/home/ruize/openvmm-restore-v1/target/verus-partial/debug/deps/libzerocopy-2fbbd02099a22f14.rmeta -Cforce-frame-pointers=yes -Csymbol-mangling-version=v0 -Z checksum-hash-algorithm=blake3`
    Checking hcl_compat_uefi_nvram_storage v0.0.0 (/home/ruize/openvmm-restore-v1/vm/devices/firmware/hcl_compat_uefi_nvram_storage)
     Running `/home/ruize/openvmm-restore-v1/toolchain/verus-src/source/target-verus/release/verus /home/ruize/.rustup/toolchains/1.94.0-x86_64-unknown-linux-gnu/bin/rustc --crate-name hcl_compat_uefi_nvram_storage --edition=2024 vm/devices/firmware/hcl_compat_uefi_nvram_storage/src/lib.rs --error-format=json --json=diagnostic-rendered-ansi,artifacts,future-incompat --crate-type lib --emit=dep-info,metadata -C panic=abort -C embed-bitcode=no -C debuginfo=2 --warn=rust_2018_idioms --deny=future_incompatible --warn=unused_qualifications --forbid=unsafe_op_in_unsafe_fn --deny=unsafe_code '--warn=clippy::unnecessary_box_returns' '--allow=clippy::uninlined_format_args' --warn=unexpected_cfgs '--warn=clippy::undocumented_unsafe_blocks' '--allow=clippy::type_complexity' '--allow=clippy::too_many_arguments' '--warn=clippy::suboptimal_flops' '--allow=clippy::single_range_in_vec_init' '--warn=clippy::rest_pat_in_fully_bound_structs' '--warn=clippy::ref_option_ref' '--warn=clippy::ref_as_ptr' '--warn=clippy::ptr_cast_constness' '--warn=clippy::ptr_as_ptr' '--warn=clippy::option_option' '--allow=clippy::new_without_default' --warn=missing_docs '--allow=clippy::manual_flatten' '--warn=clippy::macro_use_imports' '--warn=clippy::lossy_float_literal' '--warn=clippy::linkedlist' '--allow=clippy::len_without_is_empty' '--warn=clippy::inefficient_to_string' '--warn=clippy::imprecise_flops' '--warn=clippy::implicit_clone' '--warn=clippy::fn_params_excessive_bools' '--warn=clippy::filter_map_next' '--warn=clippy::debug_assert_with_mut_call' '--warn=clippy::dbg_macro' '--allow=clippy::collapsible_match' '--allow=clippy::collapsible_if' '--allow=clippy::collapsible_else_if' '--allow=clippy::box_default' '--allow=clippy::bool_assert_comparison' '--warn=clippy::allow_attributes' --check-cfg 'cfg(trick_rust_analyzer_into_highlighting_interpolated_bits)' --cfg 'feature="default"' --check-cfg 'cfg(docsrs,test)' --check-cfg 'cfg(feature, values("default", "inspect", "save_restore"))' -C metadata=385023d9d97a9d15 -C extra-filename=-8ba7b8536c96c911 --out-dir /home/ruize/openvmm-restore-v1/target/verus-partial/debug/deps -C incremental=/home/ruize/openvmm-restore-v1/target/verus-partial/debug/incremental -L dependency=/home/ruize/openvmm-restore-v1/target/verus-partial/debug/deps --extern anyhow=/home/ruize/openvmm-restore-v1/target/verus-partial/debug/deps/libanyhow-1a1dcdb279f90ff5.rmeta --extern async_trait=/home/ruize/openvmm-restore-v1/target/verus-partial/debug/deps/libasync_trait-c5f6c49640f81610.so --extern cvm_tracing=/home/ruize/openvmm-restore-v1/target/verus-partial/debug/deps/libcvm_tracing-fc5e91fcfc87e17c.rmeta --extern guid=/home/ruize/openvmm-restore-v1/target/verus-partial/debug/deps/libguid-c5aadcc960c694cf.rmeta --extern hcl_compat_uefi_nvram_resources=/home/ruize/openvmm-restore-v1/target/verus-partial/debug/deps/libhcl_compat_uefi_nvram_resources-2c32a07a3eb6670c.rmeta --extern open_enum=/home/ruize/openvmm-restore-v1/target/verus-partial/debug/deps/libopen_enum-44a4a1432a2a3dff.rmeta --extern static_assertions=/home/ruize/openvmm-restore-v1/target/verus-partial/debug/deps/libstatic_assertions-ea2eb68e8147348e.rmeta --extern thiserror=/home/ruize/openvmm-restore-v1/target/verus-partial/debug/deps/libthiserror-bb5470d7886e4e69.rmeta --extern tracing=/home/ruize/openvmm-restore-v1/target/verus-partial/debug/deps/libtracing-669be71d75ac272a.rmeta --extern ucs2=/home/ruize/openvmm-restore-v1/target/verus-partial/debug/deps/libucs2-b88b708b35f1ee10.rmeta --extern uefi_nvram_storage=/home/ruize/openvmm-restore-v1/target/verus-partial/debug/deps/libuefi_nvram_storage-e136ff05909e1467.rmeta --extern zerocopy=/home/ruize/openvmm-restore-v1/target/verus-partial/debug/deps/libzerocopy-2fbbd02099a22f14.rmeta -Cforce-frame-pointers=yes -Csymbol-mangling-version=v0 -Z checksum-hash-algorithm=blake3`
    Checking vmcore v0.0.0 (/home/ruize/openvmm-restore-v1/vm/vmcore)
    Checking task_control v0.0.0 (/home/ruize/openvmm-restore-v1/support/task_control)
    Checking serial_core v0.0.0 (/home/ruize/openvmm-restore-v1/vm/devices/serial/serial_core)
     Running `/home/ruize/openvmm-restore-v1/toolchain/verus-src/source/target-verus/release/verus /home/ruize/.rustup/toolchains/1.94.0-x86_64-unknown-linux-gnu/bin/rustc --crate-name task_control --edition=2024 support/task_control/src/lib.rs --error-format=json --json=diagnostic-rendered-ansi,artifacts,future-incompat --crate-type lib --emit=dep-info,metadata -C panic=abort -C embed-bitcode=no -C debuginfo=2 --warn=rust_2018_idioms --deny=future_incompatible --warn=unused_qualifications --forbid=unsafe_op_in_unsafe_fn --deny=unsafe_code '--warn=clippy::unnecessary_box_returns' '--allow=clippy::uninlined_format_args' --warn=unexpected_cfgs '--warn=clippy::undocumented_unsafe_blocks' '--allow=clippy::type_complexity' '--allow=clippy::too_many_arguments' '--warn=clippy::suboptimal_flops' '--allow=clippy::single_range_in_vec_init' '--warn=clippy::rest_pat_in_fully_bound_structs' '--warn=clippy::ref_option_ref' '--warn=clippy::ref_as_ptr' '--warn=clippy::ptr_cast_constness' '--warn=clippy::ptr_as_ptr' '--warn=clippy::option_option' '--allow=clippy::new_without_default' --warn=missing_docs '--allow=clippy::manual_flatten' '--warn=clippy::macro_use_imports' '--warn=clippy::lossy_float_literal' '--warn=clippy::linkedlist' '--allow=clippy::len_without_is_empty' '--warn=clippy::inefficient_to_string' '--warn=clippy::imprecise_flops' '--warn=clippy::implicit_clone' '--warn=clippy::fn_params_excessive_bools' '--warn=clippy::filter_map_next' '--warn=clippy::debug_assert_with_mut_call' '--warn=clippy::dbg_macro' '--allow=clippy::collapsible_match' '--allow=clippy::collapsible_if' '--allow=clippy::collapsible_else_if' '--allow=clippy::box_default' '--allow=clippy::bool_assert_comparison' '--warn=clippy::allow_attributes' --check-cfg 'cfg(trick_rust_analyzer_into_highlighting_interpolated_bits)' --check-cfg 'cfg(docsrs,test)' --check-cfg 'cfg(feature, values())' -C metadata=3befe7b3888ad4ac -C extra-filename=-d93e60c5979a1286 --out-dir /home/ruize/openvmm-restore-v1/target/verus-partial/debug/deps -C incremental=/home/ruize/openvmm-restore-v1/target/verus-partial/debug/incremental -L dependency=/home/ruize/openvmm-restore-v1/target/verus-partial/debug/deps --extern fast_select=/home/ruize/openvmm-restore-v1/target/verus-partial/debug/deps/libfast_select-84aadb1c0bf36e6c.rmeta --extern inspect=/home/ruize/openvmm-restore-v1/target/verus-partial/debug/deps/libinspect-73522c66cc8d2005.rmeta --extern pal_async=/home/ruize/openvmm-restore-v1/target/verus-partial/debug/deps/libpal_async-86a1d7663b7ae6aa.rmeta --extern parking_lot=/home/ruize/openvmm-restore-v1/target/verus-partial/debug/deps/libparking_lot-3957aa1b9559146d.rmeta -Cforce-frame-pointers=yes -Csymbol-mangling-version=v0 -Z checksum-hash-algorithm=blake3`
     Running `/home/ruize/openvmm-restore-v1/toolchain/verus-src/source/target-verus/release/verus /home/ruize/.rustup/toolchains/1.94.0-x86_64-unknown-linux-gnu/bin/rustc --crate-name vmcore --edition=2024 vm/vmcore/src/lib.rs --error-format=json --json=diagnostic-rendered-ansi,artifacts,future-incompat --crate-type lib --emit=dep-info,metadata -C panic=abort -C embed-bitcode=no -C debuginfo=2 --warn=rust_2018_idioms --deny=future_incompatible --warn=unused_qualifications --forbid=unsafe_op_in_unsafe_fn --deny=unsafe_code '--warn=clippy::unnecessary_box_returns' '--allow=clippy::uninlined_format_args' --warn=unexpected_cfgs '--warn=clippy::undocumented_unsafe_blocks' '--allow=clippy::type_complexity' '--allow=clippy::too_many_arguments' '--warn=clippy::suboptimal_flops' '--allow=clippy::single_range_in_vec_init' '--warn=clippy::rest_pat_in_fully_bound_structs' '--warn=clippy::ref_option_ref' '--warn=clippy::ref_as_ptr' '--warn=clippy::ptr_cast_constness' '--warn=clippy::ptr_as_ptr' '--warn=clippy::option_option' '--allow=clippy::new_without_default' --warn=missing_docs '--allow=clippy::manual_flatten' '--warn=clippy::macro_use_imports' '--warn=clippy::lossy_float_literal' '--warn=clippy::linkedlist' '--allow=clippy::len_without_is_empty' '--warn=clippy::inefficient_to_string' '--warn=clippy::imprecise_flops' '--warn=clippy::implicit_clone' '--warn=clippy::fn_params_excessive_bools' '--warn=clippy::filter_map_next' '--warn=clippy::debug_assert_with_mut_call' '--warn=clippy::dbg_macro' '--allow=clippy::collapsible_match' '--allow=clippy::collapsible_if' '--allow=clippy::collapsible_else_if' '--allow=clippy::box_default' '--allow=clippy::bool_assert_comparison' '--warn=clippy::allow_attributes' --check-cfg 'cfg(trick_rust_analyzer_into_highlighting_interpolated_bits)' --check-cfg 'cfg(docsrs,test)' --check-cfg 'cfg(feature, values())' -C metadata=a6448a9e64f877e2 -C extra-filename=-cefcb7daefa622c8 --out-dir /home/ruize/openvmm-restore-v1/target/verus-partial/debug/deps -C incremental=/home/ruize/openvmm-restore-v1/target/verus-partial/debug/incremental -L dependency=/home/ruize/openvmm-restore-v1/target/verus-partial/debug/deps --extern anyhow=/home/ruize/openvmm-restore-v1/target/verus-partial/debug/deps/libanyhow-1a1dcdb279f90ff5.rmeta --extern async_trait=/home/ruize/openvmm-restore-v1/target/verus-partial/debug/deps/libasync_trait-c5f6c49640f81610.so --extern futures=/home/ruize/openvmm-restore-v1/target/verus-partial/debug/deps/libfutures-5a1ca119b27a8d6d.rmeta --extern futures_concurrency=/home/ruize/openvmm-restore-v1/target/verus-partial/debug/deps/libfutures_concurrency-b7017fe683035931.rmeta --extern hvdef=/home/ruize/openvmm-restore-v1/target/verus-partial/debug/deps/libhvdef-1817752b7aff5f9b.rmeta --extern inspect=/home/ruize/openvmm-restore-v1/target/verus-partial/debug/deps/libinspect-73522c66cc8d2005.rmeta --extern jiff=/home/ruize/openvmm-restore-v1/target/verus-partial/debug/deps/libjiff-d1f1b3ec3aa4156b.rmeta --extern linkme=/home/ruize/openvmm-restore-v1/target/verus-partial/debug/deps/liblinkme-b30cbb555eeb2a20.rmeta --extern loan_cell=/home/ruize/openvmm-restore-v1/target/verus-partial/debug/deps/libloan_cell-c4f23d0b64506974.rmeta --extern mesh=/home/ruize/openvmm-restore-v1/target/verus-partial/debug/deps/libmesh-57a4fc15b8866963.rmeta --extern pal_async=/home/ruize/openvmm-restore-v1/target/verus-partial/debug/deps/libpal_async-86a1d7663b7ae6aa.rmeta --extern pal_event=/home/ruize/openvmm-restore-v1/target/verus-partial/debug/deps/libpal_event-ad8314a85626886e.rmeta --extern parking_lot=/home/ruize/openvmm-restore-v1/target/verus-partial/debug/deps/libparking_lot-3957aa1b9559146d.rmeta --extern save_restore_derive=/home/ruize/openvmm-restore-v1/target/verus-partial/debug/deps/libsave_restore_derive-a709df6d1d2a5f1a.so --extern slab=/home/ruize/openvmm-restore-v1/target/verus-partial/debug/deps/libslab-9bfce0c6112d4e19.rmeta --extern thiserror=/home/ruize/openvmm-restore-v1/target/verus-partial/debug/deps/libthiserror-bb5470d7886e4e69.rmeta --extern tracelimit=/home/ruize/openvmm-restore-v1/target/verus-partial/debug/deps/libtracelimit-ef06c7f3811b764c.rmeta --extern tracing=/home/ruize/openvmm-restore-v1/target/verus-partial/debug/deps/libtracing-669be71d75ac272a.rmeta --extern vm_resource=/home/ruize/openvmm-restore-v1/target/verus-partial/debug/deps/libvm_resource-993cabff7fd1557b.rmeta --extern zerocopy=/home/ruize/openvmm-restore-v1/target/verus-partial/debug/deps/libzerocopy-2fbbd02099a22f14.rmeta -Cforce-frame-pointers=yes -Csymbol-mangling-version=v0 -Z checksum-hash-algorithm=blake3`
     Running `/home/ruize/openvmm-restore-v1/toolchain/verus-src/source/target-verus/release/verus /home/ruize/.rustup/toolchains/1.94.0-x86_64-unknown-linux-gnu/bin/rustc --crate-name serial_core --edition=2024 vm/devices/serial/serial_core/src/lib.rs --error-format=json --json=diagnostic-rendered-ansi,artifacts,future-incompat --crate-type lib --emit=dep-info,metadata -C panic=abort -C embed-bitcode=no -C debuginfo=2 --warn=rust_2018_idioms --deny=future_incompatible --warn=unused_qualifications --forbid=unsafe_op_in_unsafe_fn --deny=unsafe_code '--warn=clippy::unnecessary_box_returns' '--allow=clippy::uninlined_format_args' --warn=unexpected_cfgs '--warn=clippy::undocumented_unsafe_blocks' '--allow=clippy::type_complexity' '--allow=clippy::too_many_arguments' '--warn=clippy::suboptimal_flops' '--allow=clippy::single_range_in_vec_init' '--warn=clippy::rest_pat_in_fully_bound_structs' '--warn=clippy::ref_option_ref' '--warn=clippy::ref_as_ptr' '--warn=clippy::ptr_cast_constness' '--warn=clippy::ptr_as_ptr' '--warn=clippy::option_option' '--allow=clippy::new_without_default' --warn=missing_docs '--allow=clippy::manual_flatten' '--warn=clippy::macro_use_imports' '--warn=clippy::lossy_float_literal' '--warn=clippy::linkedlist' '--allow=clippy::len_without_is_empty' '--warn=clippy::inefficient_to_string' '--warn=clippy::imprecise_flops' '--warn=clippy::implicit_clone' '--warn=clippy::fn_params_excessive_bools' '--warn=clippy::filter_map_next' '--warn=clippy::debug_assert_with_mut_call' '--warn=clippy::dbg_macro' '--allow=clippy::collapsible_match' '--allow=clippy::collapsible_if' '--allow=clippy::collapsible_else_if' '--allow=clippy::box_default' '--allow=clippy::bool_assert_comparison' '--warn=clippy::allow_attributes' --check-cfg 'cfg(trick_rust_analyzer_into_highlighting_interpolated_bits)' --check-cfg 'cfg(docsrs,test)' --check-cfg 'cfg(feature, values())' -C metadata=cbdb86d2689462ab -C extra-filename=-7253dd5b3851e2fe --out-dir /home/ruize/openvmm-restore-v1/target/verus-partial/debug/deps -C incremental=/home/ruize/openvmm-restore-v1/target/verus-partial/debug/incremental -L dependency=/home/ruize/openvmm-restore-v1/target/verus-partial/debug/deps --extern futures=/home/ruize/openvmm-restore-v1/target/verus-partial/debug/deps/libfutures-5a1ca119b27a8d6d.rmeta --extern inspect=/home/ruize/openvmm-restore-v1/target/verus-partial/debug/deps/libinspect-73522c66cc8d2005.rmeta --extern mesh=/home/ruize/openvmm-restore-v1/target/verus-partial/debug/deps/libmesh-57a4fc15b8866963.rmeta --extern pal_async=/home/ruize/openvmm-restore-v1/target/verus-partial/debug/deps/libpal_async-86a1d7663b7ae6aa.rmeta --extern parking_lot=/home/ruize/openvmm-restore-v1/target/verus-partial/debug/deps/libparking_lot-3957aa1b9559146d.rmeta --extern vm_resource=/home/ruize/openvmm-restore-v1/target/verus-partial/debug/deps/libvm_resource-993cabff7fd1557b.rmeta -Cforce-frame-pointers=yes -Csymbol-mangling-version=v0 -Z checksum-hash-algorithm=blake3`
    Checking chipset_device v0.0.0 (/home/ruize/openvmm-restore-v1/vm/chipset_device)
    Checking disk_backend v0.0.0 (/home/ruize/openvmm-restore-v1/vm/devices/storage/disk_backend)
    Checking vmbus_channel v0.0.0 (/home/ruize/openvmm-restore-v1/vm/devices/vmbus/vmbus_channel)
    Checking generation_id v0.0.0 (/home/ruize/openvmm-restore-v1/vm/devices/firmware/generation_id)
    Checking scsi_core v0.0.0 (/home/ruize/openvmm-restore-v1/vm/devices/storage/scsi_core)
    Checking state_unit v0.0.0 (/home/ruize/openvmm-restore-v1/vmm_core/state_unit)
     Running `/home/ruize/openvmm-restore-v1/toolchain/verus-src/source/target-verus/release/verus /home/ruize/.rustup/toolchains/1.94.0-x86_64-unknown-linux-gnu/bin/rustc --crate-name disk_backend --edition=2024 vm/devices/storage/disk_backend/src/lib.rs --error-format=json --json=diagnostic-rendered-ansi,artifacts,future-incompat --crate-type lib --emit=dep-info,metadata -C panic=abort -C embed-bitcode=no -C debuginfo=2 --warn=rust_2018_idioms --deny=future_incompatible --warn=unused_qualifications --forbid=unsafe_op_in_unsafe_fn --deny=unsafe_code '--warn=clippy::unnecessary_box_returns' '--allow=clippy::uninlined_format_args' --warn=unexpected_cfgs '--warn=clippy::undocumented_unsafe_blocks' '--allow=clippy::type_complexity' '--allow=clippy::too_many_arguments' '--warn=clippy::suboptimal_flops' '--allow=clippy::single_range_in_vec_init' '--warn=clippy::rest_pat_in_fully_bound_structs' '--warn=clippy::ref_option_ref' '--warn=clippy::ref_as_ptr' '--warn=clippy::ptr_cast_constness' '--warn=clippy::ptr_as_ptr' '--warn=clippy::option_option' '--allow=clippy::new_without_default' --warn=missing_docs '--allow=clippy::manual_flatten' '--warn=clippy::macro_use_imports' '--warn=clippy::lossy_float_literal' '--warn=clippy::linkedlist' '--allow=clippy::len_without_is_empty' '--warn=clippy::inefficient_to_string' '--warn=clippy::imprecise_flops' '--warn=clippy::implicit_clone' '--warn=clippy::fn_params_excessive_bools' '--warn=clippy::filter_map_next' '--warn=clippy::debug_assert_with_mut_call' '--warn=clippy::dbg_macro' '--allow=clippy::collapsible_match' '--allow=clippy::collapsible_if' '--allow=clippy::collapsible_else_if' '--allow=clippy::box_default' '--allow=clippy::bool_assert_comparison' '--warn=clippy::allow_attributes' --check-cfg 'cfg(trick_rust_analyzer_into_highlighting_interpolated_bits)' --check-cfg 'cfg(docsrs,test)' --check-cfg 'cfg(feature, values())' -C metadata=cf1cc146a47c541e -C extra-filename=-ce9797446396c865 --out-dir /home/ruize/openvmm-restore-v1/target/verus-partial/debug/deps -C incremental=/home/ruize/openvmm-restore-v1/target/verus-partial/debug/incremental -L dependency=/home/ruize/openvmm-restore-v1/target/verus-partial/debug/deps --extern async_trait=/home/ruize/openvmm-restore-v1/target/verus-partial/debug/deps/libasync_trait-c5f6c49640f81610.so --extern futures=/home/ruize/openvmm-restore-v1/target/verus-partial/debug/deps/libfutures-5a1ca119b27a8d6d.rmeta --extern guestmem=/home/ruize/openvmm-restore-v1/target/verus-partial/debug/deps/libguestmem-733728c3bca7fa9f.rmeta --extern inspect=/home/ruize/openvmm-restore-v1/target/verus-partial/debug/deps/libinspect-73522c66cc8d2005.rmeta --extern scsi_buffers=/home/ruize/openvmm-restore-v1/target/verus-partial/debug/deps/libscsi_buffers-c30d5dcad2c1f064.rmeta --extern stackfuture=/home/ruize/openvmm-restore-v1/target/verus-partial/debug/deps/libstackfuture-2a74e60334071096.rmeta --extern thiserror=/home/ruize/openvmm-restore-v1/target/verus-partial/debug/deps/libthiserror-bb5470d7886e4e69.rmeta --extern vm_resource=/home/ruize/openvmm-restore-v1/target/verus-partial/debug/deps/libvm_resource-993cabff7fd1557b.rmeta --extern vmcore=/home/ruize/openvmm-restore-v1/target/verus-partial/debug/deps/libvmcore-cefcb7daefa622c8.rmeta -Cforce-frame-pointers=yes -Csymbol-mangling-version=v0 -Z checksum-hash-algorithm=blake3`
     Running `/home/ruize/openvmm-restore-v1/toolchain/verus-src/source/target-verus/release/verus /home/ruize/.rustup/toolchains/1.94.0-x86_64-unknown-linux-gnu/bin/rustc --crate-name chipset_device --edition=2024 vm/chipset_device/src/lib.rs --error-format=json --json=diagnostic-rendered-ansi,artifacts,future-incompat --crate-type lib --emit=dep-info,metadata -C panic=abort -C embed-bitcode=no -C debuginfo=2 --warn=rust_2018_idioms --deny=future_incompatible --warn=unused_qualifications --forbid=unsafe_op_in_unsafe_fn --deny=unsafe_code '--warn=clippy::unnecessary_box_returns' '--allow=clippy::uninlined_format_args' --warn=unexpected_cfgs '--warn=clippy::undocumented_unsafe_blocks' '--allow=clippy::type_complexity' '--allow=clippy::too_many_arguments' '--warn=clippy::suboptimal_flops' '--allow=clippy::single_range_in_vec_init' '--warn=clippy::rest_pat_in_fully_bound_structs' '--warn=clippy::ref_option_ref' '--warn=clippy::ref_as_ptr' '--warn=clippy::ptr_cast_constness' '--warn=clippy::ptr_as_ptr' '--warn=clippy::option_option' '--allow=clippy::new_without_default' --warn=missing_docs '--allow=clippy::manual_flatten' '--warn=clippy::macro_use_imports' '--warn=clippy::lossy_float_literal' '--warn=clippy::linkedlist' '--allow=clippy::len_without_is_empty' '--warn=clippy::inefficient_to_string' '--warn=clippy::imprecise_flops' '--warn=clippy::implicit_clone' '--warn=clippy::fn_params_excessive_bools' '--warn=clippy::filter_map_next' '--warn=clippy::debug_assert_with_mut_call' '--warn=clippy::dbg_macro' '--allow=clippy::collapsible_match' '--allow=clippy::collapsible_if' '--allow=clippy::collapsible_else_if' '--allow=clippy::box_default' '--allow=clippy::bool_assert_comparison' '--warn=clippy::allow_attributes' --check-cfg 'cfg(trick_rust_analyzer_into_highlighting_interpolated_bits)' --check-cfg 'cfg(docsrs,test)' --check-cfg 'cfg(feature, values())' -C metadata=8216176991b54726 -C extra-filename=-97f41f88ac23ea3a --out-dir /home/ruize/openvmm-restore-v1/target/verus-partial/debug/deps -C incremental=/home/ruize/openvmm-restore-v1/target/verus-partial/debug/incremental -L dependency=/home/ruize/openvmm-restore-v1/target/verus-partial/debug/deps --extern inspect=/home/ruize/openvmm-restore-v1/target/verus-partial/debug/deps/libinspect-73522c66cc8d2005.rmeta --extern mesh=/home/ruize/openvmm-restore-v1/target/verus-partial/debug/deps/libmesh-57a4fc15b8866963.rmeta --extern tdisp=/home/ruize/openvmm-restore-v1/target/verus-partial/debug/deps/libtdisp-7c10be8c83f8d80a.rmeta --extern vmcore=/home/ruize/openvmm-restore-v1/target/verus-partial/debug/deps/libvmcore-cefcb7daefa622c8.rmeta --extern zerocopy=/home/ruize/openvmm-restore-v1/target/verus-partial/debug/deps/libzerocopy-2fbbd02099a22f14.rmeta -Cforce-frame-pointers=yes -Csymbol-mangling-version=v0 -Z checksum-hash-algorithm=blake3`
     Running `/home/ruize/openvmm-restore-v1/toolchain/verus-src/source/target-verus/release/verus /home/ruize/.rustup/toolchains/1.94.0-x86_64-unknown-linux-gnu/bin/rustc --crate-name vmbus_channel --edition=2024 vm/devices/vmbus/vmbus_channel/src/lib.rs --error-format=json --json=diagnostic-rendered-ansi,artifacts,future-incompat --crate-type lib --emit=dep-info,metadata -C panic=abort -C embed-bitcode=no -C debuginfo=2 --warn=rust_2018_idioms --deny=future_incompatible --warn=unused_qualifications --forbid=unsafe_op_in_unsafe_fn --deny=unsafe_code '--warn=clippy::unnecessary_box_returns' '--allow=clippy::uninlined_format_args' --warn=unexpected_cfgs '--warn=clippy::undocumented_unsafe_blocks' '--allow=clippy::type_complexity' '--allow=clippy::too_many_arguments' '--warn=clippy::suboptimal_flops' '--allow=clippy::single_range_in_vec_init' '--warn=clippy::rest_pat_in_fully_bound_structs' '--warn=clippy::ref_option_ref' '--warn=clippy::ref_as_ptr' '--warn=clippy::ptr_cast_constness' '--warn=clippy::ptr_as_ptr' '--warn=clippy::option_option' '--allow=clippy::new_without_default' --warn=missing_docs '--allow=clippy::manual_flatten' '--warn=clippy::macro_use_imports' '--warn=clippy::lossy_float_literal' '--warn=clippy::linkedlist' '--allow=clippy::len_without_is_empty' '--warn=clippy::inefficient_to_string' '--warn=clippy::imprecise_flops' '--warn=clippy::implicit_clone' '--warn=clippy::fn_params_excessive_bools' '--warn=clippy::filter_map_next' '--warn=clippy::debug_assert_with_mut_call' '--warn=clippy::dbg_macro' '--allow=clippy::collapsible_match' '--allow=clippy::collapsible_if' '--allow=clippy::collapsible_else_if' '--allow=clippy::box_default' '--allow=clippy::bool_assert_comparison' '--warn=clippy::allow_attributes' --check-cfg 'cfg(trick_rust_analyzer_into_highlighting_interpolated_bits)' --check-cfg 'cfg(docsrs,test)' --check-cfg 'cfg(feature, values())' -C metadata=23207b5bc0bf1b89 -C extra-filename=-edf45c191770cd58 --out-dir /home/ruize/openvmm-restore-v1/target/verus-partial/debug/deps -C incremental=/home/ruize/openvmm-restore-v1/target/verus-partial/debug/incremental -L dependency=/home/ruize/openvmm-restore-v1/target/verus-partial/debug/deps --extern anyhow=/home/ruize/openvmm-restore-v1/target/verus-partial/debug/deps/libanyhow-1a1dcdb279f90ff5.rmeta --extern async_trait=/home/ruize/openvmm-restore-v1/target/verus-partial/debug/deps/libasync_trait-c5f6c49640f81610.so --extern futures=/home/ruize/openvmm-restore-v1/target/verus-partial/debug/deps/libfutures-5a1ca119b27a8d6d.rmeta --extern guestmem=/home/ruize/openvmm-restore-v1/target/verus-partial/debug/deps/libguestmem-733728c3bca7fa9f.rmeta --extern guid=/home/ruize/openvmm-restore-v1/target/verus-partial/debug/deps/libguid-c5aadcc960c694cf.rmeta --extern inspect=/home/ruize/openvmm-restore-v1/target/verus-partial/debug/deps/libinspect-73522c66cc8d2005.rmeta --extern mesh=/home/ruize/openvmm-restore-v1/target/verus-partial/debug/deps/libmesh-57a4fc15b8866963.rmeta --extern pal_async=/home/ruize/openvmm-restore-v1/target/verus-partial/debug/deps/libpal_async-86a1d7663b7ae6aa.rmeta --extern pal_event=/home/ruize/openvmm-restore-v1/target/verus-partial/debug/deps/libpal_event-ad8314a85626886e.rmeta --extern parking_lot=/home/ruize/openvmm-restore-v1/target/verus-partial/debug/deps/libparking_lot-3957aa1b9559146d.rmeta --extern task_control=/home/ruize/openvmm-restore-v1/target/verus-partial/debug/deps/libtask_control-d93e60c5979a1286.rmeta --extern thiserror=/home/ruize/openvmm-restore-v1/target/verus-partial/debug/deps/libthiserror-bb5470d7886e4e69.rmeta --extern tracelimit=/home/ruize/openvmm-restore-v1/target/verus-partial/debug/deps/libtracelimit-ef06c7f3811b764c.rmeta --extern tracing=/home/ruize/openvmm-restore-v1/target/verus-partial/debug/deps/libtracing-669be71d75ac272a.rmeta --extern vm_resource=/home/ruize/openvmm-restore-v1/target/verus-partial/debug/deps/libvm_resource-993cabff7fd1557b.rmeta --extern vmbus_core=/home/ruize/openvmm-restore-v1/target/verus-partial/debug/deps/libvmbus_core-7b2eaa475b683a51.rmeta --extern vmbus_ring=/home/ruize/openvmm-restore-v1/target/verus-partial/debug/deps/libvmbus_ring-209836fa9dc1e5e4.rmeta --extern vmcore=/home/ruize/openvmm-restore-v1/target/verus-partial/debug/deps/libvmcore-cefcb7daefa622c8.rmeta -Cforce-frame-pointers=yes -Csymbol-mangling-version=v0 -Z checksum-hash-algorithm=blake3`
     Running `/home/ruize/openvmm-restore-v1/toolchain/verus-src/source/target-verus/release/verus /home/ruize/.rustup/toolchains/1.94.0-x86_64-unknown-linux-gnu/bin/rustc --crate-name generation_id --edition=2024 vm/devices/firmware/generation_id/src/lib.rs --error-format=json --json=diagnostic-rendered-ansi,artifacts,future-incompat --crate-type lib --emit=dep-info,metadata -C panic=abort -C embed-bitcode=no -C debuginfo=2 --warn=rust_2018_idioms --deny=future_incompatible --warn=unused_qualifications --forbid=unsafe_op_in_unsafe_fn --deny=unsafe_code '--warn=clippy::unnecessary_box_returns' '--allow=clippy::uninlined_format_args' --warn=unexpected_cfgs '--warn=clippy::undocumented_unsafe_blocks' '--allow=clippy::type_complexity' '--allow=clippy::too_many_arguments' '--warn=clippy::suboptimal_flops' '--allow=clippy::single_range_in_vec_init' '--warn=clippy::rest_pat_in_fully_bound_structs' '--warn=clippy::ref_option_ref' '--warn=clippy::ref_as_ptr' '--warn=clippy::ptr_cast_constness' '--warn=clippy::ptr_as_ptr' '--warn=clippy::option_option' '--allow=clippy::new_without_default' --warn=missing_docs '--allow=clippy::manual_flatten' '--warn=clippy::macro_use_imports' '--warn=clippy::lossy_float_literal' '--warn=clippy::linkedlist' '--allow=clippy::len_without_is_empty' '--warn=clippy::inefficient_to_string' '--warn=clippy::imprecise_flops' '--warn=clippy::implicit_clone' '--warn=clippy::fn_params_excessive_bools' '--warn=clippy::filter_map_next' '--warn=clippy::debug_assert_with_mut_call' '--warn=clippy::dbg_macro' '--allow=clippy::collapsible_match' '--allow=clippy::collapsible_if' '--allow=clippy::collapsible_else_if' '--allow=clippy::box_default' '--allow=clippy::bool_assert_comparison' '--warn=clippy::allow_attributes' --check-cfg 'cfg(trick_rust_analyzer_into_highlighting_interpolated_bits)' --check-cfg 'cfg(docsrs,test)' --check-cfg 'cfg(feature, values())' -C metadata=8a754ece4718c6af -C extra-filename=-eed4421ae01bc3fc --out-dir /home/ruize/openvmm-restore-v1/target/verus-partial/debug/deps -C incremental=/home/ruize/openvmm-restore-v1/target/verus-partial/debug/incremental -L dependency=/home/ruize/openvmm-restore-v1/target/verus-partial/debug/deps --extern getrandom=/home/ruize/openvmm-restore-v1/target/verus-partial/debug/deps/libgetrandom-26d6fb37d469a72c.rmeta --extern guestmem=/home/ruize/openvmm-restore-v1/target/verus-partial/debug/deps/libguestmem-733728c3bca7fa9f.rmeta --extern inspect=/home/ruize/openvmm-restore-v1/target/verus-partial/debug/deps/libinspect-73522c66cc8d2005.rmeta --extern mesh=/home/ruize/openvmm-restore-v1/target/verus-partial/debug/deps/libmesh-57a4fc15b8866963.rmeta --extern tracelimit=/home/ruize/openvmm-restore-v1/target/verus-partial/debug/deps/libtracelimit-ef06c7f3811b764c.rmeta --extern tracing=/home/ruize/openvmm-restore-v1/target/verus-partial/debug/deps/libtracing-669be71d75ac272a.rmeta --extern vmcore=/home/ruize/openvmm-restore-v1/target/verus-partial/debug/deps/libvmcore-cefcb7daefa622c8.rmeta -Cforce-frame-pointers=yes -Csymbol-mangling-version=v0 -Z checksum-hash-algorithm=blake3`
     Running `/home/ruize/openvmm-restore-v1/toolchain/verus-src/source/target-verus/release/verus /home/ruize/.rustup/toolchains/1.94.0-x86_64-unknown-linux-gnu/bin/rustc --crate-name scsi_core --edition=2024 vm/devices/storage/scsi_core/src/lib.rs --error-format=json --json=diagnostic-rendered-ansi,artifacts,future-incompat --crate-type lib --emit=dep-info,metadata -C panic=abort -C embed-bitcode=no -C debuginfo=2 --warn=rust_2018_idioms --deny=future_incompatible --warn=unused_qualifications --forbid=unsafe_op_in_unsafe_fn --deny=unsafe_code '--warn=clippy::unnecessary_box_returns' '--allow=clippy::uninlined_format_args' --warn=unexpected_cfgs '--warn=clippy::undocumented_unsafe_blocks' '--allow=clippy::type_complexity' '--allow=clippy::too_many_arguments' '--warn=clippy::suboptimal_flops' '--allow=clippy::single_range_in_vec_init' '--warn=clippy::rest_pat_in_fully_bound_structs' '--warn=clippy::ref_option_ref' '--warn=clippy::ref_as_ptr' '--warn=clippy::ptr_cast_constness' '--warn=clippy::ptr_as_ptr' '--warn=clippy::option_option' '--allow=clippy::new_without_default' --warn=missing_docs '--allow=clippy::manual_flatten' '--warn=clippy::macro_use_imports' '--warn=clippy::lossy_float_literal' '--warn=clippy::linkedlist' '--allow=clippy::len_without_is_empty' '--warn=clippy::inefficient_to_string' '--warn=clippy::imprecise_flops' '--warn=clippy::implicit_clone' '--warn=clippy::fn_params_excessive_bools' '--warn=clippy::filter_map_next' '--warn=clippy::debug_assert_with_mut_call' '--warn=clippy::dbg_macro' '--allow=clippy::collapsible_match' '--allow=clippy::collapsible_if' '--allow=clippy::collapsible_else_if' '--allow=clippy::box_default' '--allow=clippy::bool_assert_comparison' '--warn=clippy::allow_attributes' --check-cfg 'cfg(trick_rust_analyzer_into_highlighting_interpolated_bits)' --check-cfg 'cfg(docsrs,test)' --check-cfg 'cfg(feature, values())' -C metadata=e2a61d5c631cdb4a -C extra-filename=-b92be7d245b0c3cd --out-dir /home/ruize/openvmm-restore-v1/target/verus-partial/debug/deps -C incremental=/home/ruize/openvmm-restore-v1/target/verus-partial/debug/incremental -L dependency=/home/ruize/openvmm-restore-v1/target/verus-partial/debug/deps --extern inspect=/home/ruize/openvmm-restore-v1/target/verus-partial/debug/deps/libinspect-73522c66cc8d2005.rmeta --extern mesh=/home/ruize/openvmm-restore-v1/target/verus-partial/debug/deps/libmesh-57a4fc15b8866963.rmeta --extern scsi_buffers=/home/ruize/openvmm-restore-v1/target/verus-partial/debug/deps/libscsi_buffers-c30d5dcad2c1f064.rmeta --extern scsi_defs=/home/ruize/openvmm-restore-v1/target/verus-partial/debug/deps/libscsi_defs-3afd2967433cb995.rmeta --extern stackfuture=/home/ruize/openvmm-restore-v1/target/verus-partial/debug/deps/libstackfuture-2a74e60334071096.rmeta --extern vm_resource=/home/ruize/openvmm-restore-v1/target/verus-partial/debug/deps/libvm_resource-993cabff7fd1557b.rmeta --extern vmcore=/home/ruize/openvmm-restore-v1/target/verus-partial/debug/deps/libvmcore-cefcb7daefa622c8.rmeta -Cforce-frame-pointers=yes -Csymbol-mangling-version=v0 -Z checksum-hash-algorithm=blake3`
     Running `/home/ruize/openvmm-restore-v1/toolchain/verus-src/source/target-verus/release/verus /home/ruize/.rustup/toolchains/1.94.0-x86_64-unknown-linux-gnu/bin/rustc --crate-name state_unit --edition=2024 vmm_core/state_unit/src/lib.rs --error-format=json --json=diagnostic-rendered-ansi,artifacts,future-incompat --crate-type lib --emit=dep-info,metadata -C panic=abort -C embed-bitcode=no -C debuginfo=2 --warn=rust_2018_idioms --deny=future_incompatible --warn=unused_qualifications --forbid=unsafe_op_in_unsafe_fn --deny=unsafe_code '--warn=clippy::unnecessary_box_returns' '--allow=clippy::uninlined_format_args' --warn=unexpected_cfgs '--warn=clippy::undocumented_unsafe_blocks' '--allow=clippy::type_complexity' '--allow=clippy::too_many_arguments' '--warn=clippy::suboptimal_flops' '--allow=clippy::single_range_in_vec_init' '--warn=clippy::rest_pat_in_fully_bound_structs' '--warn=clippy::ref_option_ref' '--warn=clippy::ref_as_ptr' '--warn=clippy::ptr_cast_constness' '--warn=clippy::ptr_as_ptr' '--warn=clippy::option_option' '--allow=clippy::new_without_default' --warn=missing_docs '--allow=clippy::manual_flatten' '--warn=clippy::macro_use_imports' '--warn=clippy::lossy_float_literal' '--warn=clippy::linkedlist' '--allow=clippy::len_without_is_empty' '--warn=clippy::inefficient_to_string' '--warn=clippy::imprecise_flops' '--warn=clippy::implicit_clone' '--warn=clippy::fn_params_excessive_bools' '--warn=clippy::filter_map_next' '--warn=clippy::debug_assert_with_mut_call' '--warn=clippy::dbg_macro' '--allow=clippy::collapsible_match' '--allow=clippy::collapsible_if' '--allow=clippy::collapsible_else_if' '--allow=clippy::box_default' '--allow=clippy::bool_assert_comparison' '--warn=clippy::allow_attributes' --check-cfg 'cfg(trick_rust_analyzer_into_highlighting_interpolated_bits)' --check-cfg 'cfg(docsrs,test)' --check-cfg 'cfg(feature, values())' -C metadata=057a145ebad55736 -C extra-filename=-10525956826f7775 --out-dir /home/ruize/openvmm-restore-v1/target/verus-partial/debug/deps -C incremental=/home/ruize/openvmm-restore-v1/target/verus-partial/debug/incremental -L dependency=/home/ruize/openvmm-restore-v1/target/verus-partial/debug/deps --extern anyhow=/home/ruize/openvmm-restore-v1/target/verus-partial/debug/deps/libanyhow-1a1dcdb279f90ff5.rmeta --extern event_listener=/home/ruize/openvmm-restore-v1/target/verus-partial/debug/deps/libevent_listener-1c5d4f3f64b7833e.rmeta --extern futures=/home/ruize/openvmm-restore-v1/target/verus-partial/debug/deps/libfutures-5a1ca119b27a8d6d.rmeta --extern futures_concurrency=/home/ruize/openvmm-restore-v1/target/verus-partial/debug/deps/libfutures_concurrency-b7017fe683035931.rmeta --extern inspect=/home/ruize/openvmm-restore-v1/target/verus-partial/debug/deps/libinspect-73522c66cc8d2005.rmeta --extern mesh=/home/ruize/openvmm-restore-v1/target/verus-partial/debug/deps/libmesh-57a4fc15b8866963.rmeta --extern pal_async=/home/ruize/openvmm-restore-v1/target/verus-partial/debug/deps/libpal_async-86a1d7663b7ae6aa.rmeta --extern parking_lot=/home/ruize/openvmm-restore-v1/target/verus-partial/debug/deps/libparking_lot-3957aa1b9559146d.rmeta --extern thiserror=/home/ruize/openvmm-restore-v1/target/verus-partial/debug/deps/libthiserror-bb5470d7886e4e69.rmeta --extern tracing=/home/ruize/openvmm-restore-v1/target/verus-partial/debug/deps/libtracing-669be71d75ac272a.rmeta --extern vmcore=/home/ruize/openvmm-restore-v1/target/verus-partial/debug/deps/libvmcore-cefcb7daefa622c8.rmeta --extern vstd=/home/ruize/openvmm-restore-v1/target/verus-partial/debug/deps/libvstd-0b932679964ce3b0.rmeta -Cforce-frame-pointers=yes -Csymbol-mangling-version=v0 -Z checksum-hash-algorithm=blake3`
    Checking pci_core v0.0.0 (/home/ruize/openvmm-restore-v1/vm/devices/pci/pci_core)
    Checking chipset_device_resources v0.0.0 (/home/ruize/openvmm-restore-v1/vm/chipset_device_resources)
    Checking floppy_pcat_stub v0.0.0 (/home/ruize/openvmm-restore-v1/vm/devices/storage/floppy_pcat_stub)
    Checking framebuffer v0.0.0 (/home/ruize/openvmm-restore-v1/vm/devices/framebuffer)
     Running `/home/ruize/openvmm-restore-v1/toolchain/verus-src/source/target-verus/release/verus /home/ruize/.rustup/toolchains/1.94.0-x86_64-unknown-linux-gnu/bin/rustc --crate-name pci_core --edition=2024 vm/devices/pci/pci_core/src/lib.rs --error-format=json --json=diagnostic-rendered-ansi,artifacts,future-incompat --crate-type lib --emit=dep-info,metadata -C panic=abort -C embed-bitcode=no -C debuginfo=2 --warn=rust_2018_idioms --deny=future_incompatible --warn=unused_qualifications --forbid=unsafe_op_in_unsafe_fn --deny=unsafe_code '--warn=clippy::unnecessary_box_returns' '--allow=clippy::uninlined_format_args' --warn=unexpected_cfgs '--warn=clippy::undocumented_unsafe_blocks' '--allow=clippy::type_complexity' '--allow=clippy::too_many_arguments' '--warn=clippy::suboptimal_flops' '--allow=clippy::single_range_in_vec_init' '--warn=clippy::rest_pat_in_fully_bound_structs' '--warn=clippy::ref_option_ref' '--warn=clippy::ref_as_ptr' '--warn=clippy::ptr_cast_constness' '--warn=clippy::ptr_as_ptr' '--warn=clippy::option_option' '--allow=clippy::new_without_default' --warn=missing_docs '--allow=clippy::manual_flatten' '--warn=clippy::macro_use_imports' '--warn=clippy::lossy_float_literal' '--warn=clippy::linkedlist' '--allow=clippy::len_without_is_empty' '--warn=clippy::inefficient_to_string' '--warn=clippy::imprecise_flops' '--warn=clippy::implicit_clone' '--warn=clippy::fn_params_excessive_bools' '--warn=clippy::filter_map_next' '--warn=clippy::debug_assert_with_mut_call' '--warn=clippy::dbg_macro' '--allow=clippy::collapsible_match' '--allow=clippy::collapsible_if' '--allow=clippy::collapsible_else_if' '--allow=clippy::box_default' '--allow=clippy::bool_assert_comparison' '--warn=clippy::allow_attributes' --check-cfg 'cfg(trick_rust_analyzer_into_highlighting_interpolated_bits)' --check-cfg 'cfg(docsrs,test)' --check-cfg 'cfg(feature, values())' -C metadata=551c415bada2c4e6 -C extra-filename=-8b004e759246d78b --out-dir /home/ruize/openvmm-restore-v1/target/verus-partial/debug/deps -C incremental=/home/ruize/openvmm-restore-v1/target/verus-partial/debug/incremental -L dependency=/home/ruize/openvmm-restore-v1/target/verus-partial/debug/deps --extern anyhow=/home/ruize/openvmm-restore-v1/target/verus-partial/debug/deps/libanyhow-1a1dcdb279f90ff5.rmeta --extern bitfield_struct=/home/ruize/openvmm-restore-v1/target/verus-partial/debug/deps/libbitfield_struct-338153e689b05499.so --extern chipset_device=/home/ruize/openvmm-restore-v1/target/verus-partial/debug/deps/libchipset_device-97f41f88ac23ea3a.rmeta --extern guestmem=/home/ruize/openvmm-restore-v1/target/verus-partial/debug/deps/libguestmem-733728c3bca7fa9f.rmeta --extern inspect=/home/ruize/openvmm-restore-v1/target/verus-partial/debug/deps/libinspect-73522c66cc8d2005.rmeta --extern mesh=/home/ruize/openvmm-restore-v1/target/verus-partial/debug/deps/libmesh-57a4fc15b8866963.rmeta --extern open_enum=/home/ruize/openvmm-restore-v1/target/verus-partial/debug/deps/libopen_enum-44a4a1432a2a3dff.rmeta --extern pal_event=/home/ruize/openvmm-restore-v1/target/verus-partial/debug/deps/libpal_event-ad8314a85626886e.rmeta --extern parking_lot=/home/ruize/openvmm-restore-v1/target/verus-partial/debug/deps/libparking_lot-3957aa1b9559146d.rmeta --extern thiserror=/home/ruize/openvmm-restore-v1/target/verus-partial/debug/deps/libthiserror-bb5470d7886e4e69.rmeta --extern tracelimit=/home/ruize/openvmm-restore-v1/target/verus-partial/debug/deps/libtracelimit-ef06c7f3811b764c.rmeta --extern tracing=/home/ruize/openvmm-restore-v1/target/verus-partial/debug/deps/libtracing-669be71d75ac272a.rmeta --extern vmcore=/home/ruize/openvmm-restore-v1/target/verus-partial/debug/deps/libvmcore-cefcb7daefa622c8.rmeta --extern zerocopy=/home/ruize/openvmm-restore-v1/target/verus-partial/debug/deps/libzerocopy-2fbbd02099a22f14.rmeta -Cforce-frame-pointers=yes -Csymbol-mangling-version=v0 -Z checksum-hash-algorithm=blake3`
     Running `/home/ruize/openvmm-restore-v1/toolchain/verus-src/source/target-verus/release/verus /home/ruize/.rustup/toolchains/1.94.0-x86_64-unknown-linux-gnu/bin/rustc --crate-name chipset_device_resources --edition=2024 vm/chipset_device_resources/src/lib.rs --error-format=json --json=diagnostic-rendered-ansi,artifacts,future-incompat --crate-type lib --emit=dep-info,metadata -C panic=abort -C embed-bitcode=no -C debuginfo=2 --warn=rust_2018_idioms --deny=future_incompatible --warn=unused_qualifications --forbid=unsafe_op_in_unsafe_fn --deny=unsafe_code '--warn=clippy::unnecessary_box_returns' '--allow=clippy::uninlined_format_args' --warn=unexpected_cfgs '--warn=clippy::undocumented_unsafe_blocks' '--allow=clippy::type_complexity' '--allow=clippy::too_many_arguments' '--warn=clippy::suboptimal_flops' '--allow=clippy::single_range_in_vec_init' '--warn=clippy::rest_pat_in_fully_bound_structs' '--warn=clippy::ref_option_ref' '--warn=clippy::ref_as_ptr' '--warn=clippy::ptr_cast_constness' '--warn=clippy::ptr_as_ptr' '--warn=clippy::option_option' '--allow=clippy::new_without_default' --warn=missing_docs '--allow=clippy::manual_flatten' '--warn=clippy::macro_use_imports' '--warn=clippy::lossy_float_literal' '--warn=clippy::linkedlist' '--allow=clippy::len_without_is_empty' '--warn=clippy::inefficient_to_string' '--warn=clippy::imprecise_flops' '--warn=clippy::implicit_clone' '--warn=clippy::fn_params_excessive_bools' '--warn=clippy::filter_map_next' '--warn=clippy::debug_assert_with_mut_call' '--warn=clippy::dbg_macro' '--allow=clippy::collapsible_match' '--allow=clippy::collapsible_if' '--allow=clippy::collapsible_else_if' '--allow=clippy::box_default' '--allow=clippy::bool_assert_comparison' '--warn=clippy::allow_attributes' --check-cfg 'cfg(trick_rust_analyzer_into_highlighting_interpolated_bits)' --check-cfg 'cfg(docsrs,test)' --check-cfg 'cfg(feature, values())' -C metadata=c83f4ca56563b24b -C extra-filename=-5f376d3e7c378ecc --out-dir /home/ruize/openvmm-restore-v1/target/verus-partial/debug/deps -C incremental=/home/ruize/openvmm-restore-v1/target/verus-partial/debug/incremental -L dependency=/home/ruize/openvmm-restore-v1/target/verus-partial/debug/deps --extern anyhow=/home/ruize/openvmm-restore-v1/target/verus-partial/debug/deps/libanyhow-1a1dcdb279f90ff5.rmeta --extern async_trait=/home/ruize/openvmm-restore-v1/target/verus-partial/debug/deps/libasync_trait-c5f6c49640f81610.so --extern chipset_device=/home/ruize/openvmm-restore-v1/target/verus-partial/debug/deps/libchipset_device-97f41f88ac23ea3a.rmeta --extern guestmem=/home/ruize/openvmm-restore-v1/target/verus-partial/debug/deps/libguestmem-733728c3bca7fa9f.rmeta --extern inspect=/home/ruize/openvmm-restore-v1/target/verus-partial/debug/deps/libinspect-73522c66cc8d2005.rmeta --extern tdisp=/home/ruize/openvmm-restore-v1/target/verus-partial/debug/deps/libtdisp-7c10be8c83f8d80a.rmeta --extern vm_resource=/home/ruize/openvmm-restore-v1/target/verus-partial/debug/deps/libvm_resource-993cabff7fd1557b.rmeta --extern vmcore=/home/ruize/openvmm-restore-v1/target/verus-partial/debug/deps/libvmcore-cefcb7daefa622c8.rmeta -Cforce-frame-pointers=yes -Csymbol-mangling-version=v0 -Z checksum-hash-algorithm=blake3`
     Running `/home/ruize/openvmm-restore-v1/toolchain/verus-src/source/target-verus/release/verus /home/ruize/.rustup/toolchains/1.94.0-x86_64-unknown-linux-gnu/bin/rustc --crate-name floppy_pcat_stub --edition=2024 vm/devices/storage/floppy_pcat_stub/src/lib.rs --error-format=json --json=diagnostic-rendered-ansi,artifacts,future-incompat --crate-type lib --emit=dep-info,metadata -C panic=abort -C embed-bitcode=no -C debuginfo=2 --warn=rust_2018_idioms --deny=future_incompatible --warn=unused_qualifications --forbid=unsafe_op_in_unsafe_fn --deny=unsafe_code '--warn=clippy::unnecessary_box_returns' '--allow=clippy::uninlined_format_args' --warn=unexpected_cfgs '--warn=clippy::undocumented_unsafe_blocks' '--allow=clippy::type_complexity' '--allow=clippy::too_many_arguments' '--warn=clippy::suboptimal_flops' '--allow=clippy::single_range_in_vec_init' '--warn=clippy::rest_pat_in_fully_bound_structs' '--warn=clippy::ref_option_ref' '--warn=clippy::ref_as_ptr' '--warn=clippy::ptr_cast_constness' '--warn=clippy::ptr_as_ptr' '--warn=clippy::option_option' '--allow=clippy::new_without_default' --warn=missing_docs '--allow=clippy::manual_flatten' '--warn=clippy::macro_use_imports' '--warn=clippy::lossy_float_literal' '--warn=clippy::linkedlist' '--allow=clippy::len_without_is_empty' '--warn=clippy::inefficient_to_string' '--warn=clippy::imprecise_flops' '--warn=clippy::implicit_clone' '--warn=clippy::fn_params_excessive_bools' '--warn=clippy::filter_map_next' '--warn=clippy::debug_assert_with_mut_call' '--warn=clippy::dbg_macro' '--allow=clippy::collapsible_match' '--allow=clippy::collapsible_if' '--allow=clippy::collapsible_else_if' '--allow=clippy::box_default' '--allow=clippy::bool_assert_comparison' '--warn=clippy::allow_attributes' --check-cfg 'cfg(trick_rust_analyzer_into_highlighting_interpolated_bits)' --check-cfg 'cfg(docsrs,test)' --check-cfg 'cfg(feature, values())' -C metadata=8baed0043033dd48 -C extra-filename=-15cda2a0b7aa9c96 --out-dir /home/ruize/openvmm-restore-v1/target/verus-partial/debug/deps -C incremental=/home/ruize/openvmm-restore-v1/target/verus-partial/debug/incremental -L dependency=/home/ruize/openvmm-restore-v1/target/verus-partial/debug/deps --extern arrayvec=/home/ruize/openvmm-restore-v1/target/verus-partial/debug/deps/libarrayvec-e6f5a65ad261fe52.rmeta --extern bitfield_struct=/home/ruize/openvmm-restore-v1/target/verus-partial/debug/deps/libbitfield_struct-338153e689b05499.so --extern chipset_device=/home/ruize/openvmm-restore-v1/target/verus-partial/debug/deps/libchipset_device-97f41f88ac23ea3a.rmeta --extern inspect=/home/ruize/openvmm-restore-v1/target/verus-partial/debug/deps/libinspect-73522c66cc8d2005.rmeta --extern mesh=/home/ruize/openvmm-restore-v1/target/verus-partial/debug/deps/libmesh-57a4fc15b8866963.rmeta --extern open_enum=/home/ruize/openvmm-restore-v1/target/verus-partial/debug/deps/libopen_enum-44a4a1432a2a3dff.rmeta --extern tracelimit=/home/ruize/openvmm-restore-v1/target/verus-partial/debug/deps/libtracelimit-ef06c7f3811b764c.rmeta --extern tracing=/home/ruize/openvmm-restore-v1/target/verus-partial/debug/deps/libtracing-669be71d75ac272a.rmeta --extern vmcore=/home/ruize/openvmm-restore-v1/target/verus-partial/debug/deps/libvmcore-cefcb7daefa622c8.rmeta -Cforce-frame-pointers=yes -Csymbol-mangling-version=v0 -Z checksum-hash-algorithm=blake3`
     Running `/home/ruize/openvmm-restore-v1/toolchain/verus-src/source/target-verus/release/verus /home/ruize/.rustup/toolchains/1.94.0-x86_64-unknown-linux-gnu/bin/rustc --crate-name framebuffer --edition=2024 vm/devices/framebuffer/src/lib.rs --error-format=json --json=diagnostic-rendered-ansi,artifacts,future-incompat --crate-type lib --emit=dep-info,metadata -C panic=abort -C embed-bitcode=no -C debuginfo=2 --warn=rust_2018_idioms --deny=future_incompatible --warn=unused_qualifications --forbid=unsafe_op_in_unsafe_fn --deny=unsafe_code '--warn=clippy::unnecessary_box_returns' '--allow=clippy::uninlined_format_args' --warn=unexpected_cfgs '--warn=clippy::undocumented_unsafe_blocks' '--allow=clippy::type_complexity' '--allow=clippy::too_many_arguments' '--warn=clippy::suboptimal_flops' '--allow=clippy::single_range_in_vec_init' '--warn=clippy::rest_pat_in_fully_bound_structs' '--warn=clippy::ref_option_ref' '--warn=clippy::ref_as_ptr' '--warn=clippy::ptr_cast_constness' '--warn=clippy::ptr_as_ptr' '--warn=clippy::option_option' '--allow=clippy::new_without_default' --warn=missing_docs '--allow=clippy::manual_flatten' '--warn=clippy::macro_use_imports' '--warn=clippy::lossy_float_literal' '--warn=clippy::linkedlist' '--allow=clippy::len_without_is_empty' '--warn=clippy::inefficient_to_string' '--warn=clippy::imprecise_flops' '--warn=clippy::implicit_clone' '--warn=clippy::fn_params_excessive_bools' '--warn=clippy::filter_map_next' '--warn=clippy::debug_assert_with_mut_call' '--warn=clippy::dbg_macro' '--allow=clippy::collapsible_match' '--allow=clippy::collapsible_if' '--allow=clippy::collapsible_else_if' '--allow=clippy::box_default' '--allow=clippy::bool_assert_comparison' '--warn=clippy::allow_attributes' --check-cfg 'cfg(trick_rust_analyzer_into_highlighting_interpolated_bits)' --check-cfg 'cfg(docsrs,test)' --check-cfg 'cfg(feature, values())' -C metadata=3894eb2089bf7874 -C extra-filename=-ce3591c2f29b6239 --out-dir /home/ruize/openvmm-restore-v1/target/verus-partial/debug/deps -C incremental=/home/ruize/openvmm-restore-v1/target/verus-partial/debug/incremental -L dependency=/home/ruize/openvmm-restore-v1/target/verus-partial/debug/deps --extern anyhow=/home/ruize/openvmm-restore-v1/target/verus-partial/debug/deps/libanyhow-1a1dcdb279f90ff5.rmeta --extern async_trait=/home/ruize/openvmm-restore-v1/target/verus-partial/debug/deps/libasync_trait-c5f6c49640f81610.so --extern chipset_device=/home/ruize/openvmm-restore-v1/target/verus-partial/debug/deps/libchipset_device-97f41f88ac23ea3a.rmeta --extern guestmem=/home/ruize/openvmm-restore-v1/target/verus-partial/debug/deps/libguestmem-733728c3bca7fa9f.rmeta --extern inspect=/home/ruize/openvmm-restore-v1/target/verus-partial/debug/deps/libinspect-73522c66cc8d2005.rmeta --extern memory_range=/home/ruize/openvmm-restore-v1/target/verus-partial/debug/deps/libmemory_range-15ee9310ad9fd0ca.rmeta --extern mesh=/home/ruize/openvmm-restore-v1/target/verus-partial/debug/deps/libmesh-57a4fc15b8866963.rmeta --extern parking_lot=/home/ruize/openvmm-restore-v1/target/verus-partial/debug/deps/libparking_lot-3957aa1b9559146d.rmeta --extern sparse_mmap=/home/ruize/openvmm-restore-v1/target/verus-partial/debug/deps/libsparse_mmap-e236a47d6ff2e9ae.rmeta --extern tracing=/home/ruize/openvmm-restore-v1/target/verus-partial/debug/deps/libtracing-669be71d75ac272a.rmeta --extern video_core=/home/ruize/openvmm-restore-v1/target/verus-partial/debug/deps/libvideo_core-ebc7f9a109a0d56b.rmeta --extern vm_resource=/home/ruize/openvmm-restore-v1/target/verus-partial/debug/deps/libvm_resource-993cabff7fd1557b.rmeta --extern vmcore=/home/ruize/openvmm-restore-v1/target/verus-partial/debug/deps/libvmcore-cefcb7daefa622c8.rmeta -Cforce-frame-pointers=yes -Csymbol-mangling-version=v0 -Z checksum-hash-algorithm=blake3`
    Checking floppy v0.0.0 (/home/ruize/openvmm-restore-v1/vm/devices/storage/floppy)
     Running `/home/ruize/openvmm-restore-v1/toolchain/verus-src/source/target-verus/release/verus /home/ruize/.rustup/toolchains/1.94.0-x86_64-unknown-linux-gnu/bin/rustc --crate-name floppy --edition=2024 vm/devices/storage/floppy/src/lib.rs --error-format=json --json=diagnostic-rendered-ansi,artifacts,future-incompat --crate-type lib --emit=dep-info,metadata -C panic=abort -C embed-bitcode=no -C debuginfo=2 --warn=rust_2018_idioms --deny=future_incompatible --warn=unused_qualifications --forbid=unsafe_op_in_unsafe_fn --deny=unsafe_code '--warn=clippy::unnecessary_box_returns' '--allow=clippy::uninlined_format_args' --warn=unexpected_cfgs '--warn=clippy::undocumented_unsafe_blocks' '--allow=clippy::type_complexity' '--allow=clippy::too_many_arguments' '--warn=clippy::suboptimal_flops' '--allow=clippy::single_range_in_vec_init' '--warn=clippy::rest_pat_in_fully_bound_structs' '--warn=clippy::ref_option_ref' '--warn=clippy::ref_as_ptr' '--warn=clippy::ptr_cast_constness' '--warn=clippy::ptr_as_ptr' '--warn=clippy::option_option' '--allow=clippy::new_without_default' --warn=missing_docs '--allow=clippy::manual_flatten' '--warn=clippy::macro_use_imports' '--warn=clippy::lossy_float_literal' '--warn=clippy::linkedlist' '--allow=clippy::len_without_is_empty' '--warn=clippy::inefficient_to_string' '--warn=clippy::imprecise_flops' '--warn=clippy::implicit_clone' '--warn=clippy::fn_params_excessive_bools' '--warn=clippy::filter_map_next' '--warn=clippy::debug_assert_with_mut_call' '--warn=clippy::dbg_macro' '--allow=clippy::collapsible_match' '--allow=clippy::collapsible_if' '--allow=clippy::collapsible_else_if' '--allow=clippy::box_default' '--allow=clippy::bool_assert_comparison' '--warn=clippy::allow_attributes' --check-cfg 'cfg(trick_rust_analyzer_into_highlighting_interpolated_bits)' --check-cfg 'cfg(docsrs,test)' --check-cfg 'cfg(feature, values())' -C metadata=6f167b77b08eac57 -C extra-filename=-2145d027d55780bc --out-dir /home/ruize/openvmm-restore-v1/target/verus-partial/debug/deps -C incremental=/home/ruize/openvmm-restore-v1/target/verus-partial/debug/incremental -L dependency=/home/ruize/openvmm-restore-v1/target/verus-partial/debug/deps --extern arrayvec=/home/ruize/openvmm-restore-v1/target/verus-partial/debug/deps/libarrayvec-e6f5a65ad261fe52.rmeta --extern bitfield_struct=/home/ruize/openvmm-restore-v1/target/verus-partial/debug/deps/libbitfield_struct-338153e689b05499.so --extern chipset_device=/home/ruize/openvmm-restore-v1/target/verus-partial/debug/deps/libchipset_device-97f41f88ac23ea3a.rmeta --extern disk_backend=/home/ruize/openvmm-restore-v1/target/verus-partial/debug/deps/libdisk_backend-ce9797446396c865.rmeta --extern guestmem=/home/ruize/openvmm-restore-v1/target/verus-partial/debug/deps/libguestmem-733728c3bca7fa9f.rmeta --extern inspect=/home/ruize/openvmm-restore-v1/target/verus-partial/debug/deps/libinspect-73522c66cc8d2005.rmeta --extern mesh=/home/ruize/openvmm-restore-v1/target/verus-partial/debug/deps/libmesh-57a4fc15b8866963.rmeta --extern open_enum=/home/ruize/openvmm-restore-v1/target/verus-partial/debug/deps/libopen_enum-44a4a1432a2a3dff.rmeta --extern scsi_buffers=/home/ruize/openvmm-restore-v1/target/verus-partial/debug/deps/libscsi_buffers-c30d5dcad2c1f064.rmeta --extern thiserror=/home/ruize/openvmm-restore-v1/target/verus-partial/debug/deps/libthiserror-bb5470d7886e4e69.rmeta --extern tracelimit=/home/ruize/openvmm-restore-v1/target/verus-partial/debug/deps/libtracelimit-ef06c7f3811b764c.rmeta --extern tracing=/home/ruize/openvmm-restore-v1/target/verus-partial/debug/deps/libtracing-669be71d75ac272a.rmeta --extern vmcore=/home/ruize/openvmm-restore-v1/target/verus-partial/debug/deps/libvmcore-cefcb7daefa622c8.rmeta -Cforce-frame-pointers=yes -Csymbol-mangling-version=v0 -Z checksum-hash-algorithm=blake3`
    Checking chipset v0.0.0 (/home/ruize/openvmm-restore-v1/vm/devices/chipset)
     Running `/home/ruize/openvmm-restore-v1/toolchain/verus-src/source/target-verus/release/verus /home/ruize/.rustup/toolchains/1.94.0-x86_64-unknown-linux-gnu/bin/rustc --crate-name chipset --edition=2024 vm/devices/chipset/src/lib.rs --error-format=json --json=diagnostic-rendered-ansi,artifacts,future-incompat --crate-type lib --emit=dep-info,metadata -C panic=abort -C embed-bitcode=no -C debuginfo=2 --warn=rust_2018_idioms --deny=future_incompatible --warn=unused_qualifications --forbid=unsafe_op_in_unsafe_fn --deny=unsafe_code '--warn=clippy::unnecessary_box_returns' '--allow=clippy::uninlined_format_args' --warn=unexpected_cfgs '--warn=clippy::undocumented_unsafe_blocks' '--allow=clippy::type_complexity' '--allow=clippy::too_many_arguments' '--warn=clippy::suboptimal_flops' '--allow=clippy::single_range_in_vec_init' '--warn=clippy::rest_pat_in_fully_bound_structs' '--warn=clippy::ref_option_ref' '--warn=clippy::ref_as_ptr' '--warn=clippy::ptr_cast_constness' '--warn=clippy::ptr_as_ptr' '--warn=clippy::option_option' '--allow=clippy::new_without_default' --warn=missing_docs '--allow=clippy::manual_flatten' '--warn=clippy::macro_use_imports' '--warn=clippy::lossy_float_literal' '--warn=clippy::linkedlist' '--allow=clippy::len_without_is_empty' '--warn=clippy::inefficient_to_string' '--warn=clippy::imprecise_flops' '--warn=clippy::implicit_clone' '--warn=clippy::fn_params_excessive_bools' '--warn=clippy::filter_map_next' '--warn=clippy::debug_assert_with_mut_call' '--warn=clippy::dbg_macro' '--allow=clippy::collapsible_match' '--allow=clippy::collapsible_if' '--allow=clippy::collapsible_else_if' '--allow=clippy::box_default' '--allow=clippy::bool_assert_comparison' '--warn=clippy::allow_attributes' --check-cfg 'cfg(trick_rust_analyzer_into_highlighting_interpolated_bits)' --check-cfg 'cfg(docsrs,test)' --check-cfg 'cfg(feature, values())' -C metadata=db22deb8b4aa776b -C extra-filename=-6299eaf8f75e32cd --out-dir /home/ruize/openvmm-restore-v1/target/verus-partial/debug/deps -C incremental=/home/ruize/openvmm-restore-v1/target/verus-partial/debug/incremental -L dependency=/home/ruize/openvmm-restore-v1/target/verus-partial/debug/deps --extern anyhow=/home/ruize/openvmm-restore-v1/target/verus-partial/debug/deps/libanyhow-1a1dcdb279f90ff5.rmeta --extern async_trait=/home/ruize/openvmm-restore-v1/target/verus-partial/debug/deps/libasync_trait-c5f6c49640f81610.so --extern bitfield_struct=/home/ruize/openvmm-restore-v1/target/verus-partial/debug/deps/libbitfield_struct-338153e689b05499.so --extern chipset_device=/home/ruize/openvmm-restore-v1/target/verus-partial/debug/deps/libchipset_device-97f41f88ac23ea3a.rmeta --extern chipset_device_resources=/home/ruize/openvmm-restore-v1/target/verus-partial/debug/deps/libchipset_device_resources-5f376d3e7c378ecc.rmeta --extern chipset_resources=/home/ruize/openvmm-restore-v1/target/verus-partial/debug/deps/libchipset_resources-3e601f1e7f1e515c.rmeta --extern futures=/home/ruize/openvmm-restore-v1/target/verus-partial/debug/deps/libfutures-5a1ca119b27a8d6d.rmeta --extern input_core=/home/ruize/openvmm-restore-v1/target/verus-partial/debug/deps/libinput_core-2d4f34cbf121e067.rmeta --extern inspect=/home/ruize/openvmm-restore-v1/target/verus-partial/debug/deps/libinspect-73522c66cc8d2005.rmeta --extern inspect_counters=/home/ruize/openvmm-restore-v1/target/verus-partial/debug/deps/libinspect_counters-a219d4fa7e52ab46.rmeta --extern jiff=/home/ruize/openvmm-restore-v1/target/verus-partial/debug/deps/libjiff-d1f1b3ec3aa4156b.rmeta --extern local_clock=/home/ruize/openvmm-restore-v1/target/verus-partial/debug/deps/liblocal_clock-b85afab63c7df6af.rmeta --extern mesh=/home/ruize/openvmm-restore-v1/target/verus-partial/debug/deps/libmesh-57a4fc15b8866963.rmeta --extern open_enum=/home/ruize/openvmm-restore-v1/target/verus-partial/debug/deps/libopen_enum-44a4a1432a2a3dff.rmeta --extern power_resources=/home/ruize/openvmm-restore-v1/target/verus-partial/debug/deps/libpower_resources-117bd49214ba8d8d.rmeta --extern serial_core=/home/ruize/openvmm-restore-v1/target/verus-partial/debug/deps/libserial_core-7253dd5b3851e2fe.rmeta --extern thiserror=/home/ruize/openvmm-restore-v1/target/verus-partial/debug/deps/libthiserror-bb5470d7886e4e69.rmeta --extern tracelimit=/home/ruize/openvmm-restore-v1/target/verus-partial/debug/deps/libtracelimit-ef06c7f3811b764c.rmeta --extern tracing=/home/ruize/openvmm-restore-v1/target/verus-partial/debug/deps/libtracing-669be71d75ac272a.rmeta --extern vm_resource=/home/ruize/openvmm-restore-v1/target/verus-partial/debug/deps/libvm_resource-993cabff7fd1557b.rmeta --extern vmcore=/home/ruize/openvmm-restore-v1/target/verus-partial/debug/deps/libvmcore-cefcb7daefa622c8.rmeta --extern x86defs=/home/ruize/openvmm-restore-v1/target/verus-partial/debug/deps/libx86defs-bd4eb58d754e9d8c.rmeta -Cforce-frame-pointers=yes -Csymbol-mangling-version=v0 -Z checksum-hash-algorithm=blake3`
    Checking vmbus_async v0.0.0 (/home/ruize/openvmm-restore-v1/vm/devices/vmbus/vmbus_async)
     Running `/home/ruize/openvmm-restore-v1/toolchain/verus-src/source/target-verus/release/verus /home/ruize/.rustup/toolchains/1.94.0-x86_64-unknown-linux-gnu/bin/rustc --crate-name vmbus_async --edition=2024 vm/devices/vmbus/vmbus_async/src/lib.rs --error-format=json --json=diagnostic-rendered-ansi,artifacts,future-incompat --crate-type lib --emit=dep-info,metadata -C panic=abort -C embed-bitcode=no -C debuginfo=2 --warn=rust_2018_idioms --deny=future_incompatible --warn=unused_qualifications --forbid=unsafe_op_in_unsafe_fn --deny=unsafe_code '--warn=clippy::unnecessary_box_returns' '--allow=clippy::uninlined_format_args' --warn=unexpected_cfgs '--warn=clippy::undocumented_unsafe_blocks' '--allow=clippy::type_complexity' '--allow=clippy::too_many_arguments' '--warn=clippy::suboptimal_flops' '--allow=clippy::single_range_in_vec_init' '--warn=clippy::rest_pat_in_fully_bound_structs' '--warn=clippy::ref_option_ref' '--warn=clippy::ref_as_ptr' '--warn=clippy::ptr_cast_constness' '--warn=clippy::ptr_as_ptr' '--warn=clippy::option_option' '--allow=clippy::new_without_default' --warn=missing_docs '--allow=clippy::manual_flatten' '--warn=clippy::macro_use_imports' '--warn=clippy::lossy_float_literal' '--warn=clippy::linkedlist' '--allow=clippy::len_without_is_empty' '--warn=clippy::inefficient_to_string' '--warn=clippy::imprecise_flops' '--warn=clippy::implicit_clone' '--warn=clippy::fn_params_excessive_bools' '--warn=clippy::filter_map_next' '--warn=clippy::debug_assert_with_mut_call' '--warn=clippy::dbg_macro' '--allow=clippy::collapsible_match' '--allow=clippy::collapsible_if' '--allow=clippy::collapsible_else_if' '--allow=clippy::box_default' '--allow=clippy::bool_assert_comparison' '--warn=clippy::allow_attributes' --check-cfg 'cfg(trick_rust_analyzer_into_highlighting_interpolated_bits)' --check-cfg 'cfg(docsrs,test)' --check-cfg 'cfg(feature, values())' -C metadata=9793422de6448744 -C extra-filename=-2f47e9c59c28ac9d --out-dir /home/ruize/openvmm-restore-v1/target/verus-partial/debug/deps -C incremental=/home/ruize/openvmm-restore-v1/target/verus-partial/debug/incremental -L dependency=/home/ruize/openvmm-restore-v1/target/verus-partial/debug/deps --extern futures=/home/ruize/openvmm-restore-v1/target/verus-partial/debug/deps/libfutures-5a1ca119b27a8d6d.rmeta --extern guestmem=/home/ruize/openvmm-restore-v1/target/verus-partial/debug/deps/libguestmem-733728c3bca7fa9f.rmeta --extern inspect=/home/ruize/openvmm-restore-v1/target/verus-partial/debug/deps/libinspect-73522c66cc8d2005.rmeta --extern inspect_counters=/home/ruize/openvmm-restore-v1/target/verus-partial/debug/deps/libinspect_counters-a219d4fa7e52ab46.rmeta --extern pal_async=/home/ruize/openvmm-restore-v1/target/verus-partial/debug/deps/libpal_async-86a1d7663b7ae6aa.rmeta --extern thiserror=/home/ruize/openvmm-restore-v1/target/verus-partial/debug/deps/libthiserror-bb5470d7886e4e69.rmeta --extern vmbus_channel=/home/ruize/openvmm-restore-v1/target/verus-partial/debug/deps/libvmbus_channel-edf45c191770cd58.rmeta --extern vmbus_ring=/home/ruize/openvmm-restore-v1/target/verus-partial/debug/deps/libvmbus_ring-209836fa9dc1e5e4.rmeta --extern zerocopy=/home/ruize/openvmm-restore-v1/target/verus-partial/debug/deps/libzerocopy-2fbbd02099a22f14.rmeta -Cforce-frame-pointers=yes -Csymbol-mangling-version=v0 -Z checksum-hash-algorithm=blake3`
    Checking vmbus_server v0.0.0 (/home/ruize/openvmm-restore-v1/vm/devices/vmbus/vmbus_server)
     Running `/home/ruize/openvmm-restore-v1/toolchain/verus-src/source/target-verus/release/verus /home/ruize/.rustup/toolchains/1.94.0-x86_64-unknown-linux-gnu/bin/rustc --crate-name vmbus_server --edition=2024 vm/devices/vmbus/vmbus_server/src/lib.rs --error-format=json --json=diagnostic-rendered-ansi,artifacts,future-incompat --crate-type lib --emit=dep-info,metadata -C panic=abort -C embed-bitcode=no -C debuginfo=2 --warn=rust_2018_idioms --deny=future_incompatible --warn=unused_qualifications --forbid=unsafe_op_in_unsafe_fn --deny=unsafe_code '--warn=clippy::unnecessary_box_returns' '--allow=clippy::uninlined_format_args' --warn=unexpected_cfgs '--warn=clippy::undocumented_unsafe_blocks' '--allow=clippy::type_complexity' '--allow=clippy::too_many_arguments' '--warn=clippy::suboptimal_flops' '--allow=clippy::single_range_in_vec_init' '--warn=clippy::rest_pat_in_fully_bound_structs' '--warn=clippy::ref_option_ref' '--warn=clippy::ref_as_ptr' '--warn=clippy::ptr_cast_constness' '--warn=clippy::ptr_as_ptr' '--warn=clippy::option_option' '--allow=clippy::new_without_default' --warn=missing_docs '--allow=clippy::manual_flatten' '--warn=clippy::macro_use_imports' '--warn=clippy::lossy_float_literal' '--warn=clippy::linkedlist' '--allow=clippy::len_without_is_empty' '--warn=clippy::inefficient_to_string' '--warn=clippy::imprecise_flops' '--warn=clippy::implicit_clone' '--warn=clippy::fn_params_excessive_bools' '--warn=clippy::filter_map_next' '--warn=clippy::debug_assert_with_mut_call' '--warn=clippy::dbg_macro' '--allow=clippy::collapsible_match' '--allow=clippy::collapsible_if' '--allow=clippy::collapsible_else_if' '--allow=clippy::box_default' '--allow=clippy::bool_assert_comparison' '--warn=clippy::allow_attributes' --check-cfg 'cfg(trick_rust_analyzer_into_highlighting_interpolated_bits)' --check-cfg 'cfg(docsrs,test)' --check-cfg 'cfg(feature, values())' -C metadata=fc52808499105a8b -C extra-filename=-edbdd4ce180be3a3 --out-dir /home/ruize/openvmm-restore-v1/target/verus-partial/debug/deps -C incremental=/home/ruize/openvmm-restore-v1/target/verus-partial/debug/incremental -L dependency=/home/ruize/openvmm-restore-v1/target/verus-partial/debug/deps --extern anyhow=/home/ruize/openvmm-restore-v1/target/verus-partial/debug/deps/libanyhow-1a1dcdb279f90ff5.rmeta --extern async_trait=/home/ruize/openvmm-restore-v1/target/verus-partial/debug/deps/libasync_trait-c5f6c49640f81610.so --extern futures=/home/ruize/openvmm-restore-v1/target/verus-partial/debug/deps/libfutures-5a1ca119b27a8d6d.rmeta --extern futures_concurrency=/home/ruize/openvmm-restore-v1/target/verus-partial/debug/deps/libfutures_concurrency-b7017fe683035931.rmeta --extern guestmem=/home/ruize/openvmm-restore-v1/target/verus-partial/debug/deps/libguestmem-733728c3bca7fa9f.rmeta --extern guid=/home/ruize/openvmm-restore-v1/target/verus-partial/debug/deps/libguid-c5aadcc960c694cf.rmeta --extern hvdef=/home/ruize/openvmm-restore-v1/target/verus-partial/debug/deps/libhvdef-1817752b7aff5f9b.rmeta --extern hybrid_vsock=/home/ruize/openvmm-restore-v1/target/verus-partial/debug/deps/libhybrid_vsock-8b1a10f14fdcfee0.rmeta --extern inspect=/home/ruize/openvmm-restore-v1/target/verus-partial/debug/deps/libinspect-73522c66cc8d2005.rmeta --extern mesh=/home/ruize/openvmm-restore-v1/target/verus-partial/debug/deps/libmesh-57a4fc15b8866963.rmeta --extern pal_async=/home/ruize/openvmm-restore-v1/target/verus-partial/debug/deps/libpal_async-86a1d7663b7ae6aa.rmeta --extern pal_event=/home/ruize/openvmm-restore-v1/target/verus-partial/debug/deps/libpal_event-ad8314a85626886e.rmeta --extern parking_lot=/home/ruize/openvmm-restore-v1/target/verus-partial/debug/deps/libparking_lot-3957aa1b9559146d.rmeta --extern safeatomic=/home/ruize/openvmm-restore-v1/target/verus-partial/debug/deps/libsafeatomic-9d5dacf6855d44bb.rmeta --extern slab=/home/ruize/openvmm-restore-v1/target/verus-partial/debug/deps/libslab-9bfce0c6112d4e19.rmeta --extern thiserror=/home/ruize/openvmm-restore-v1/target/verus-partial/debug/deps/libthiserror-bb5470d7886e4e69.rmeta --extern tracelimit=/home/ruize/openvmm-restore-v1/target/verus-partial/debug/deps/libtracelimit-ef06c7f3811b764c.rmeta --extern tracing=/home/ruize/openvmm-restore-v1/target/verus-partial/debug/deps/libtracing-669be71d75ac272a.rmeta --extern unicycle=/home/ruize/openvmm-restore-v1/target/verus-partial/debug/deps/libunicycle-2602c20cfb34e3ea.rmeta --extern unix_socket=/home/ruize/openvmm-restore-v1/target/verus-partial/debug/deps/libunix_socket-c2345ad6cf1f56ff.rmeta --extern vmbus_async=/home/ruize/openvmm-restore-v1/target/verus-partial/debug/deps/libvmbus_async-2f47e9c59c28ac9d.rmeta --extern vmbus_channel=/home/ruize/openvmm-restore-v1/target/verus-partial/debug/deps/libvmbus_channel-edf45c191770cd58.rmeta --extern vmbus_core=/home/ruize/openvmm-restore-v1/target/verus-partial/debug/deps/libvmbus_core-7b2eaa475b683a51.rmeta --extern vmbus_ring=/home/ruize/openvmm-restore-v1/target/verus-partial/debug/deps/libvmbus_ring-209836fa9dc1e5e4.rmeta --extern vmcore=/home/ruize/openvmm-restore-v1/target/verus-partial/debug/deps/libvmcore-cefcb7daefa622c8.rmeta --extern zerocopy=/home/ruize/openvmm-restore-v1/target/verus-partial/debug/deps/libzerocopy-2fbbd02099a22f14.rmeta -Cforce-frame-pointers=yes -Csymbol-mangling-version=v0 -Z checksum-hash-algorithm=blake3`
    Checking pci_resources v0.0.0 (/home/ruize/openvmm-restore-v1/vm/devices/pci/pci_resources)
    Checking pci_bus v0.0.0 (/home/ruize/openvmm-restore-v1/vm/devices/pci/pci_bus)
    Checking ide v0.0.0 (/home/ruize/openvmm-restore-v1/vm/devices/storage/ide)
    Checking missing_dev v0.0.0 (/home/ruize/openvmm-restore-v1/vm/devices/missing_dev)
    Checking vpci v0.0.0 (/home/ruize/openvmm-restore-v1/vm/devices/pci/vpci)
     Running `/home/ruize/openvmm-restore-v1/toolchain/verus-src/source/target-verus/release/verus /home/ruize/.rustup/toolchains/1.94.0-x86_64-unknown-linux-gnu/bin/rustc --crate-name pci_bus --edition=2024 vm/devices/pci/pci_bus/src/lib.rs --error-format=json --json=diagnostic-rendered-ansi,artifacts,future-incompat --crate-type lib --emit=dep-info,metadata -C panic=abort -C embed-bitcode=no -C debuginfo=2 --warn=rust_2018_idioms --deny=future_incompatible --warn=unused_qualifications --forbid=unsafe_op_in_unsafe_fn --deny=unsafe_code '--warn=clippy::unnecessary_box_returns' '--allow=clippy::uninlined_format_args' --warn=unexpected_cfgs '--warn=clippy::undocumented_unsafe_blocks' '--allow=clippy::type_complexity' '--allow=clippy::too_many_arguments' '--warn=clippy::suboptimal_flops' '--allow=clippy::single_range_in_vec_init' '--warn=clippy::rest_pat_in_fully_bound_structs' '--warn=clippy::ref_option_ref' '--warn=clippy::ref_as_ptr' '--warn=clippy::ptr_cast_constness' '--warn=clippy::ptr_as_ptr' '--warn=clippy::option_option' '--allow=clippy::new_without_default' --warn=missing_docs '--allow=clippy::manual_flatten' '--warn=clippy::macro_use_imports' '--warn=clippy::lossy_float_literal' '--warn=clippy::linkedlist' '--allow=clippy::len_without_is_empty' '--warn=clippy::inefficient_to_string' '--warn=clippy::imprecise_flops' '--warn=clippy::implicit_clone' '--warn=clippy::fn_params_excessive_bools' '--warn=clippy::filter_map_next' '--warn=clippy::debug_assert_with_mut_call' '--warn=clippy::dbg_macro' '--allow=clippy::collapsible_match' '--allow=clippy::collapsible_if' '--allow=clippy::collapsible_else_if' '--allow=clippy::box_default' '--allow=clippy::bool_assert_comparison' '--warn=clippy::allow_attributes' --check-cfg 'cfg(trick_rust_analyzer_into_highlighting_interpolated_bits)' --check-cfg 'cfg(docsrs,test)' --check-cfg 'cfg(feature, values())' -C metadata=e7949caad7bc20f7 -C extra-filename=-70378f2c94621542 --out-dir /home/ruize/openvmm-restore-v1/target/verus-partial/debug/deps -C incremental=/home/ruize/openvmm-restore-v1/target/verus-partial/debug/incremental -L dependency=/home/ruize/openvmm-restore-v1/target/verus-partial/debug/deps --extern bitfield_struct=/home/ruize/openvmm-restore-v1/target/verus-partial/debug/deps/libbitfield_struct-338153e689b05499.so --extern chipset_device=/home/ruize/openvmm-restore-v1/target/verus-partial/debug/deps/libchipset_device-97f41f88ac23ea3a.rmeta --extern inspect=/home/ruize/openvmm-restore-v1/target/verus-partial/debug/deps/libinspect-73522c66cc8d2005.rmeta --extern mesh=/home/ruize/openvmm-restore-v1/target/verus-partial/debug/deps/libmesh-57a4fc15b8866963.rmeta --extern pci_core=/home/ruize/openvmm-restore-v1/target/verus-partial/debug/deps/libpci_core-8b004e759246d78b.rmeta --extern thiserror=/home/ruize/openvmm-restore-v1/target/verus-partial/debug/deps/libthiserror-bb5470d7886e4e69.rmeta --extern tracelimit=/home/ruize/openvmm-restore-v1/target/verus-partial/debug/deps/libtracelimit-ef06c7f3811b764c.rmeta --extern tracing=/home/ruize/openvmm-restore-v1/target/verus-partial/debug/deps/libtracing-669be71d75ac272a.rmeta --extern vmcore=/home/ruize/openvmm-restore-v1/target/verus-partial/debug/deps/libvmcore-cefcb7daefa622c8.rmeta --extern zerocopy=/home/ruize/openvmm-restore-v1/target/verus-partial/debug/deps/libzerocopy-2fbbd02099a22f14.rmeta -Cforce-frame-pointers=yes -Csymbol-mangling-version=v0 -Z checksum-hash-algorithm=blake3`
     Running `/home/ruize/openvmm-restore-v1/toolchain/verus-src/source/target-verus/release/verus /home/ruize/.rustup/toolchains/1.94.0-x86_64-unknown-linux-gnu/bin/rustc --crate-name pci_resources --edition=2024 vm/devices/pci/pci_resources/src/lib.rs --error-format=json --json=diagnostic-rendered-ansi,artifacts,future-incompat --crate-type lib --emit=dep-info,metadata -C panic=abort -C embed-bitcode=no -C debuginfo=2 --warn=rust_2018_idioms --deny=future_incompatible --warn=unused_qualifications --forbid=unsafe_op_in_unsafe_fn --deny=unsafe_code '--warn=clippy::unnecessary_box_returns' '--allow=clippy::uninlined_format_args' --warn=unexpected_cfgs '--warn=clippy::undocumented_unsafe_blocks' '--allow=clippy::type_complexity' '--allow=clippy::too_many_arguments' '--warn=clippy::suboptimal_flops' '--allow=clippy::single_range_in_vec_init' '--warn=clippy::rest_pat_in_fully_bound_structs' '--warn=clippy::ref_option_ref' '--warn=clippy::ref_as_ptr' '--warn=clippy::ptr_cast_constness' '--warn=clippy::ptr_as_ptr' '--warn=clippy::option_option' '--allow=clippy::new_without_default' --warn=missing_docs '--allow=clippy::manual_flatten' '--warn=clippy::macro_use_imports' '--warn=clippy::lossy_float_literal' '--warn=clippy::linkedlist' '--allow=clippy::len_without_is_empty' '--warn=clippy::inefficient_to_string' '--warn=clippy::imprecise_flops' '--warn=clippy::implicit_clone' '--warn=clippy::fn_params_excessive_bools' '--warn=clippy::filter_map_next' '--warn=clippy::debug_assert_with_mut_call' '--warn=clippy::dbg_macro' '--allow=clippy::collapsible_match' '--allow=clippy::collapsible_if' '--allow=clippy::collapsible_else_if' '--allow=clippy::box_default' '--allow=clippy::bool_assert_comparison' '--warn=clippy::allow_attributes' --check-cfg 'cfg(trick_rust_analyzer_into_highlighting_interpolated_bits)' --check-cfg 'cfg(docsrs,test)' --check-cfg 'cfg(feature, values())' -C metadata=7ea1b81495f9cd5e -C extra-filename=-8c2b95f4e87d3452 --out-dir /home/ruize/openvmm-restore-v1/target/verus-partial/debug/deps -C incremental=/home/ruize/openvmm-restore-v1/target/verus-partial/debug/incremental -L dependency=/home/ruize/openvmm-restore-v1/target/verus-partial/debug/deps --extern chipset_device=/home/ruize/openvmm-restore-v1/target/verus-partial/debug/deps/libchipset_device-97f41f88ac23ea3a.rmeta --extern chipset_device_resources=/home/ruize/openvmm-restore-v1/target/verus-partial/debug/deps/libchipset_device_resources-5f376d3e7c378ecc.rmeta --extern guestmem=/home/ruize/openvmm-restore-v1/target/verus-partial/debug/deps/libguestmem-733728c3bca7fa9f.rmeta --extern pci_core=/home/ruize/openvmm-restore-v1/target/verus-partial/debug/deps/libpci_core-8b004e759246d78b.rmeta --extern vm_resource=/home/ruize/openvmm-restore-v1/target/verus-partial/debug/deps/libvm_resource-993cabff7fd1557b.rmeta --extern vmcore=/home/ruize/openvmm-restore-v1/target/verus-partial/debug/deps/libvmcore-cefcb7daefa622c8.rmeta -Cforce-frame-pointers=yes -Csymbol-mangling-version=v0 -Z checksum-hash-algorithm=blake3`
     Running `/home/ruize/openvmm-restore-v1/toolchain/verus-src/source/target-verus/release/verus /home/ruize/.rustup/toolchains/1.94.0-x86_64-unknown-linux-gnu/bin/rustc --crate-name ide --edition=2024 vm/devices/storage/ide/src/lib.rs --error-format=json --json=diagnostic-rendered-ansi,artifacts,future-incompat --crate-type lib --emit=dep-info,metadata -C panic=abort -C embed-bitcode=no -C debuginfo=2 --warn=rust_2018_idioms --deny=future_incompatible --warn=unused_qualifications --forbid=unsafe_op_in_unsafe_fn --deny=unsafe_code '--warn=clippy::unnecessary_box_returns' '--allow=clippy::uninlined_format_args' --warn=unexpected_cfgs '--warn=clippy::undocumented_unsafe_blocks' '--allow=clippy::type_complexity' '--allow=clippy::too_many_arguments' '--warn=clippy::suboptimal_flops' '--allow=clippy::single_range_in_vec_init' '--warn=clippy::rest_pat_in_fully_bound_structs' '--warn=clippy::ref_option_ref' '--warn=clippy::ref_as_ptr' '--warn=clippy::ptr_cast_constness' '--warn=clippy::ptr_as_ptr' '--warn=clippy::option_option' '--allow=clippy::new_without_default' --warn=missing_docs '--allow=clippy::manual_flatten' '--warn=clippy::macro_use_imports' '--warn=clippy::lossy_float_literal' '--warn=clippy::linkedlist' '--allow=clippy::len_without_is_empty' '--warn=clippy::inefficient_to_string' '--warn=clippy::imprecise_flops' '--warn=clippy::implicit_clone' '--warn=clippy::fn_params_excessive_bools' '--warn=clippy::filter_map_next' '--warn=clippy::debug_assert_with_mut_call' '--warn=clippy::dbg_macro' '--allow=clippy::collapsible_match' '--allow=clippy::collapsible_if' '--allow=clippy::collapsible_else_if' '--allow=clippy::box_default' '--allow=clippy::bool_assert_comparison' '--warn=clippy::allow_attributes' --check-cfg 'cfg(trick_rust_analyzer_into_highlighting_interpolated_bits)' --check-cfg 'cfg(docsrs,test)' --check-cfg 'cfg(feature, values())' -C metadata=d6e6f4c94b80ecd9 -C extra-filename=-eb08335fcf0a1ba1 --out-dir /home/ruize/openvmm-restore-v1/target/verus-partial/debug/deps -C incremental=/home/ruize/openvmm-restore-v1/target/verus-partial/debug/incremental -L dependency=/home/ruize/openvmm-restore-v1/target/verus-partial/debug/deps --extern bitfield_struct=/home/ruize/openvmm-restore-v1/target/verus-partial/debug/deps/libbitfield_struct-338153e689b05499.so --extern chipset_device=/home/ruize/openvmm-restore-v1/target/verus-partial/debug/deps/libchipset_device-97f41f88ac23ea3a.rmeta --extern disk_backend=/home/ruize/openvmm-restore-v1/target/verus-partial/debug/deps/libdisk_backend-ce9797446396c865.rmeta --extern guestmem=/home/ruize/openvmm-restore-v1/target/verus-partial/debug/deps/libguestmem-733728c3bca7fa9f.rmeta --extern ide_resources=/home/ruize/openvmm-restore-v1/target/verus-partial/debug/deps/libide_resources-a5d3f462913a357f.rmeta --extern inspect=/home/ruize/openvmm-restore-v1/target/verus-partial/debug/deps/libinspect-73522c66cc8d2005.rmeta --extern mesh=/home/ruize/openvmm-restore-v1/target/verus-partial/debug/deps/libmesh-57a4fc15b8866963.rmeta --extern open_enum=/home/ruize/openvmm-restore-v1/target/verus-partial/debug/deps/libopen_enum-44a4a1432a2a3dff.rmeta --extern pci_core=/home/ruize/openvmm-restore-v1/target/verus-partial/debug/deps/libpci_core-8b004e759246d78b.rmeta --extern safeatomic=/home/ruize/openvmm-restore-v1/target/verus-partial/debug/deps/libsafeatomic-9d5dacf6855d44bb.rmeta --extern scsi_buffers=/home/ruize/openvmm-restore-v1/target/verus-partial/debug/deps/libscsi_buffers-c30d5dcad2c1f064.rmeta --extern scsi_core=/home/ruize/openvmm-restore-v1/target/verus-partial/debug/deps/libscsi_core-b92be7d245b0c3cd.rmeta --extern scsi_defs=/home/ruize/openvmm-restore-v1/target/verus-partial/debug/deps/libscsi_defs-3afd2967433cb995.rmeta --extern static_assertions=/home/ruize/openvmm-restore-v1/target/verus-partial/debug/deps/libstatic_assertions-ea2eb68e8147348e.rmeta --extern thiserror=/home/ruize/openvmm-restore-v1/target/verus-partial/debug/deps/libthiserror-bb5470d7886e4e69.rmeta --extern tracelimit=/home/ruize/openvmm-restore-v1/target/verus-partial/debug/deps/libtracelimit-ef06c7f3811b764c.rmeta --extern tracing=/home/ruize/openvmm-restore-v1/target/verus-partial/debug/deps/libtracing-669be71d75ac272a.rmeta --extern tracing_helpers=/home/ruize/openvmm-restore-v1/target/verus-partial/debug/deps/libtracing_helpers-65556fcfd22539f8.rmeta --extern vmcore=/home/ruize/openvmm-restore-v1/target/verus-partial/debug/deps/libvmcore-cefcb7daefa622c8.rmeta --extern zerocopy=/home/ruize/openvmm-restore-v1/target/verus-partial/debug/deps/libzerocopy-2fbbd02099a22f14.rmeta -Cforce-frame-pointers=yes -Csymbol-mangling-version=v0 -Z checksum-hash-algorithm=blake3`
     Running `/home/ruize/openvmm-restore-v1/toolchain/verus-src/source/target-verus/release/verus /home/ruize/.rustup/toolchains/1.94.0-x86_64-unknown-linux-gnu/bin/rustc --crate-name vpci --edition=2024 vm/devices/pci/vpci/src/lib.rs --error-format=json --json=diagnostic-rendered-ansi,artifacts,future-incompat --crate-type lib --emit=dep-info,metadata -C panic=abort -C embed-bitcode=no -C debuginfo=2 --warn=rust_2018_idioms --deny=future_incompatible --warn=unused_qualifications --forbid=unsafe_op_in_unsafe_fn --deny=unsafe_code '--warn=clippy::unnecessary_box_returns' '--allow=clippy::uninlined_format_args' --warn=unexpected_cfgs '--warn=clippy::undocumented_unsafe_blocks' '--allow=clippy::type_complexity' '--allow=clippy::too_many_arguments' '--warn=clippy::suboptimal_flops' '--allow=clippy::single_range_in_vec_init' '--warn=clippy::rest_pat_in_fully_bound_structs' '--warn=clippy::ref_option_ref' '--warn=clippy::ref_as_ptr' '--warn=clippy::ptr_cast_constness' '--warn=clippy::ptr_as_ptr' '--warn=clippy::option_option' '--allow=clippy::new_without_default' --warn=missing_docs '--allow=clippy::manual_flatten' '--warn=clippy::macro_use_imports' '--warn=clippy::lossy_float_literal' '--warn=clippy::linkedlist' '--allow=clippy::len_without_is_empty' '--warn=clippy::inefficient_to_string' '--warn=clippy::imprecise_flops' '--warn=clippy::implicit_clone' '--warn=clippy::fn_params_excessive_bools' '--warn=clippy::filter_map_next' '--warn=clippy::debug_assert_with_mut_call' '--warn=clippy::dbg_macro' '--allow=clippy::collapsible_match' '--allow=clippy::collapsible_if' '--allow=clippy::collapsible_else_if' '--allow=clippy::box_default' '--allow=clippy::bool_assert_comparison' '--warn=clippy::allow_attributes' --check-cfg 'cfg(trick_rust_analyzer_into_highlighting_interpolated_bits)' --check-cfg 'cfg(docsrs,test)' --check-cfg 'cfg(feature, values())' -C metadata=184f8e7d1d3b120b -C extra-filename=-d40ab3a4a5d2c32a --out-dir /home/ruize/openvmm-restore-v1/target/verus-partial/debug/deps -C incremental=/home/ruize/openvmm-restore-v1/target/verus-partial/debug/incremental -L dependency=/home/ruize/openvmm-restore-v1/target/verus-partial/debug/deps --extern anyhow=/home/ruize/openvmm-restore-v1/target/verus-partial/debug/deps/libanyhow-1a1dcdb279f90ff5.rmeta --extern async_trait=/home/ruize/openvmm-restore-v1/target/verus-partial/debug/deps/libasync_trait-c5f6c49640f81610.so --extern chipset_device=/home/ruize/openvmm-restore-v1/target/verus-partial/debug/deps/libchipset_device-97f41f88ac23ea3a.rmeta --extern closeable_mutex=/home/ruize/openvmm-restore-v1/target/verus-partial/debug/deps/libcloseable_mutex-ac72aba52f986417.rmeta --extern device_emulators=/home/ruize/openvmm-restore-v1/target/verus-partial/debug/deps/libdevice_emulators-25af1fbf6999d013.rmeta --extern guestmem=/home/ruize/openvmm-restore-v1/target/verus-partial/debug/deps/libguestmem-733728c3bca7fa9f.rmeta --extern guid=/home/ruize/openvmm-restore-v1/target/verus-partial/debug/deps/libguid-c5aadcc960c694cf.rmeta --extern hvdef=/home/ruize/openvmm-restore-v1/target/verus-partial/debug/deps/libhvdef-1817752b7aff5f9b.rmeta --extern inspect=/home/ruize/openvmm-restore-v1/target/verus-partial/debug/deps/libinspect-73522c66cc8d2005.rmeta --extern mesh=/home/ruize/openvmm-restore-v1/target/verus-partial/debug/deps/libmesh-57a4fc15b8866963.rmeta --extern parking_lot=/home/ruize/openvmm-restore-v1/target/verus-partial/debug/deps/libparking_lot-3957aa1b9559146d.rmeta --extern pci_core=/home/ruize/openvmm-restore-v1/target/verus-partial/debug/deps/libpci_core-8b004e759246d78b.rmeta --extern task_control=/home/ruize/openvmm-restore-v1/target/verus-partial/debug/deps/libtask_control-d93e60c5979a1286.rmeta --extern tdisp=/home/ruize/openvmm-restore-v1/target/verus-partial/debug/deps/libtdisp-7c10be8c83f8d80a.rmeta --extern thiserror=/home/ruize/openvmm-restore-v1/target/verus-partial/debug/deps/libthiserror-bb5470d7886e4e69.rmeta --extern tracelimit=/home/ruize/openvmm-restore-v1/target/verus-partial/debug/deps/libtracelimit-ef06c7f3811b764c.rmeta --extern tracing=/home/ruize/openvmm-restore-v1/target/verus-partial/debug/deps/libtracing-669be71d75ac272a.rmeta --extern vmbus_async=/home/ruize/openvmm-restore-v1/target/verus-partial/debug/deps/libvmbus_async-2f47e9c59c28ac9d.rmeta --extern vmbus_channel=/home/ruize/openvmm-restore-v1/target/verus-partial/debug/deps/libvmbus_channel-edf45c191770cd58.rmeta --extern vmbus_ring=/home/ruize/openvmm-restore-v1/target/verus-partial/debug/deps/libvmbus_ring-209836fa9dc1e5e4.rmeta --extern vmcore=/home/ruize/openvmm-restore-v1/target/verus-partial/debug/deps/libvmcore-cefcb7daefa622c8.rmeta --extern vpci_protocol=/home/ruize/openvmm-restore-v1/target/verus-partial/debug/deps/libvpci_protocol-3c2ff762b01a4bef.rmeta --extern zerocopy=/home/ruize/openvmm-restore-v1/target/verus-partial/debug/deps/libzerocopy-2fbbd02099a22f14.rmeta -Cforce-frame-pointers=yes -Csymbol-mangling-version=v0 -Z checksum-hash-algorithm=blake3`
     Running `/home/ruize/openvmm-restore-v1/toolchain/verus-src/source/target-verus/release/verus /home/ruize/.rustup/toolchains/1.94.0-x86_64-unknown-linux-gnu/bin/rustc --crate-name missing_dev --edition=2024 vm/devices/missing_dev/src/lib.rs --error-format=json --json=diagnostic-rendered-ansi,artifacts,future-incompat --crate-type lib --emit=dep-info,metadata -C panic=abort -C embed-bitcode=no -C debuginfo=2 --warn=rust_2018_idioms --deny=future_incompatible --warn=unused_qualifications --forbid=unsafe_op_in_unsafe_fn --deny=unsafe_code '--warn=clippy::unnecessary_box_returns' '--allow=clippy::uninlined_format_args' --warn=unexpected_cfgs '--warn=clippy::undocumented_unsafe_blocks' '--allow=clippy::type_complexity' '--allow=clippy::too_many_arguments' '--warn=clippy::suboptimal_flops' '--allow=clippy::single_range_in_vec_init' '--warn=clippy::rest_pat_in_fully_bound_structs' '--warn=clippy::ref_option_ref' '--warn=clippy::ref_as_ptr' '--warn=clippy::ptr_cast_constness' '--warn=clippy::ptr_as_ptr' '--warn=clippy::option_option' '--allow=clippy::new_without_default' --warn=missing_docs '--allow=clippy::manual_flatten' '--warn=clippy::macro_use_imports' '--warn=clippy::lossy_float_literal' '--warn=clippy::linkedlist' '--allow=clippy::len_without_is_empty' '--warn=clippy::inefficient_to_string' '--warn=clippy::imprecise_flops' '--warn=clippy::implicit_clone' '--warn=clippy::fn_params_excessive_bools' '--warn=clippy::filter_map_next' '--warn=clippy::debug_assert_with_mut_call' '--warn=clippy::dbg_macro' '--allow=clippy::collapsible_match' '--allow=clippy::collapsible_if' '--allow=clippy::collapsible_else_if' '--allow=clippy::box_default' '--allow=clippy::bool_assert_comparison' '--warn=clippy::allow_attributes' --check-cfg 'cfg(trick_rust_analyzer_into_highlighting_interpolated_bits)' --check-cfg 'cfg(docsrs,test)' --check-cfg 'cfg(feature, values())' -C metadata=7f5687d6c78e3417 -C extra-filename=-419a37ed12da499b --out-dir /home/ruize/openvmm-restore-v1/target/verus-partial/debug/deps -C incremental=/home/ruize/openvmm-restore-v1/target/verus-partial/debug/incremental -L dependency=/home/ruize/openvmm-restore-v1/target/verus-partial/debug/deps --extern chipset_device=/home/ruize/openvmm-restore-v1/target/verus-partial/debug/deps/libchipset_device-97f41f88ac23ea3a.rmeta --extern chipset_device_resources=/home/ruize/openvmm-restore-v1/target/verus-partial/debug/deps/libchipset_device_resources-5f376d3e7c378ecc.rmeta --extern inspect=/home/ruize/openvmm-restore-v1/target/verus-partial/debug/deps/libinspect-73522c66cc8d2005.rmeta --extern missing_dev_resources=/home/ruize/openvmm-restore-v1/target/verus-partial/debug/deps/libmissing_dev_resources-7c624e026b9fccce.rmeta --extern pci_core=/home/ruize/openvmm-restore-v1/target/verus-partial/debug/deps/libpci_core-8b004e759246d78b.rmeta --extern vm_resource=/home/ruize/openvmm-restore-v1/target/verus-partial/debug/deps/libvm_resource-993cabff7fd1557b.rmeta --extern vmcore=/home/ruize/openvmm-restore-v1/target/verus-partial/debug/deps/libvmcore-cefcb7daefa622c8.rmeta -Cforce-frame-pointers=yes -Csymbol-mangling-version=v0 -Z checksum-hash-algorithm=blake3`
    Checking cxl_spec v0.0.0 (/home/ruize/openvmm-restore-v1/vm/devices/cxl)
     Running `/home/ruize/openvmm-restore-v1/toolchain/verus-src/source/target-verus/release/verus /home/ruize/.rustup/toolchains/1.94.0-x86_64-unknown-linux-gnu/bin/rustc --crate-name cxl_spec --edition=2024 vm/devices/cxl/src/lib.rs --error-format=json --json=diagnostic-rendered-ansi,artifacts,future-incompat --crate-type lib --emit=dep-info,metadata -C panic=abort -C embed-bitcode=no -C debuginfo=2 --warn=rust_2018_idioms --deny=future_incompatible --warn=unused_qualifications --forbid=unsafe_op_in_unsafe_fn --deny=unsafe_code '--warn=clippy::unnecessary_box_returns' '--allow=clippy::uninlined_format_args' --warn=unexpected_cfgs '--warn=clippy::undocumented_unsafe_blocks' '--allow=clippy::type_complexity' '--allow=clippy::too_many_arguments' '--warn=clippy::suboptimal_flops' '--allow=clippy::single_range_in_vec_init' '--warn=clippy::rest_pat_in_fully_bound_structs' '--warn=clippy::ref_option_ref' '--warn=clippy::ref_as_ptr' '--warn=clippy::ptr_cast_constness' '--warn=clippy::ptr_as_ptr' '--warn=clippy::option_option' '--allow=clippy::new_without_default' --warn=missing_docs '--allow=clippy::manual_flatten' '--warn=clippy::macro_use_imports' '--warn=clippy::lossy_float_literal' '--warn=clippy::linkedlist' '--allow=clippy::len_without_is_empty' '--warn=clippy::inefficient_to_string' '--warn=clippy::imprecise_flops' '--warn=clippy::implicit_clone' '--warn=clippy::fn_params_excessive_bools' '--warn=clippy::filter_map_next' '--warn=clippy::debug_assert_with_mut_call' '--warn=clippy::dbg_macro' '--allow=clippy::collapsible_match' '--allow=clippy::collapsible_if' '--allow=clippy::collapsible_else_if' '--allow=clippy::box_default' '--allow=clippy::bool_assert_comparison' '--warn=clippy::allow_attributes' --check-cfg 'cfg(trick_rust_analyzer_into_highlighting_interpolated_bits)' --check-cfg 'cfg(docsrs,test)' --check-cfg 'cfg(feature, values())' -C metadata=08080f61496a7041 -C extra-filename=-6cebf4e4e9950dbd --out-dir /home/ruize/openvmm-restore-v1/target/verus-partial/debug/deps -C incremental=/home/ruize/openvmm-restore-v1/target/verus-partial/debug/incremental -L dependency=/home/ruize/openvmm-restore-v1/target/verus-partial/debug/deps --extern anyhow=/home/ruize/openvmm-restore-v1/target/verus-partial/debug/deps/libanyhow-1a1dcdb279f90ff5.rmeta --extern bitfield_struct=/home/ruize/openvmm-restore-v1/target/verus-partial/debug/deps/libbitfield_struct-338153e689b05499.so --extern chipset_device=/home/ruize/openvmm-restore-v1/target/verus-partial/debug/deps/libchipset_device-97f41f88ac23ea3a.rmeta --extern inspect=/home/ruize/openvmm-restore-v1/target/verus-partial/debug/deps/libinspect-73522c66cc8d2005.rmeta --extern mesh=/home/ruize/openvmm-restore-v1/target/verus-partial/debug/deps/libmesh-57a4fc15b8866963.rmeta --extern open_enum=/home/ruize/openvmm-restore-v1/target/verus-partial/debug/deps/libopen_enum-44a4a1432a2a3dff.rmeta --extern pci_core=/home/ruize/openvmm-restore-v1/target/verus-partial/debug/deps/libpci_core-8b004e759246d78b.rmeta --extern pci_resources=/home/ruize/openvmm-restore-v1/target/verus-partial/debug/deps/libpci_resources-8c2b95f4e87d3452.rmeta --extern thiserror=/home/ruize/openvmm-restore-v1/target/verus-partial/debug/deps/libthiserror-bb5470d7886e4e69.rmeta --extern tracing=/home/ruize/openvmm-restore-v1/target/verus-partial/debug/deps/libtracing-669be71d75ac272a.rmeta --extern vm_resource=/home/ruize/openvmm-restore-v1/target/verus-partial/debug/deps/libvm_resource-993cabff7fd1557b.rmeta --extern vmcore=/home/ruize/openvmm-restore-v1/target/verus-partial/debug/deps/libvmcore-cefcb7daefa622c8.rmeta -Cforce-frame-pointers=yes -Csymbol-mangling-version=v0 -Z checksum-hash-algorithm=blake3`
    Checking chipset_legacy v0.0.0 (/home/ruize/openvmm-restore-v1/vm/devices/chipset_legacy)
     Running `/home/ruize/openvmm-restore-v1/toolchain/verus-src/source/target-verus/release/verus /home/ruize/.rustup/toolchains/1.94.0-x86_64-unknown-linux-gnu/bin/rustc --crate-name chipset_legacy --edition=2024 vm/devices/chipset_legacy/src/lib.rs --error-format=json --json=diagnostic-rendered-ansi,artifacts,future-incompat --crate-type lib --emit=dep-info,metadata -C panic=abort -C embed-bitcode=no -C debuginfo=2 --warn=rust_2018_idioms --deny=future_incompatible --warn=unused_qualifications --forbid=unsafe_op_in_unsafe_fn --deny=unsafe_code '--warn=clippy::unnecessary_box_returns' '--allow=clippy::uninlined_format_args' --warn=unexpected_cfgs '--warn=clippy::undocumented_unsafe_blocks' '--allow=clippy::type_complexity' '--allow=clippy::too_many_arguments' '--warn=clippy::suboptimal_flops' '--allow=clippy::single_range_in_vec_init' '--warn=clippy::rest_pat_in_fully_bound_structs' '--warn=clippy::ref_option_ref' '--warn=clippy::ref_as_ptr' '--warn=clippy::ptr_cast_constness' '--warn=clippy::ptr_as_ptr' '--warn=clippy::option_option' '--allow=clippy::new_without_default' --warn=missing_docs '--allow=clippy::manual_flatten' '--warn=clippy::macro_use_imports' '--warn=clippy::lossy_float_literal' '--warn=clippy::linkedlist' '--allow=clippy::len_without_is_empty' '--warn=clippy::inefficient_to_string' '--warn=clippy::imprecise_flops' '--warn=clippy::implicit_clone' '--warn=clippy::fn_params_excessive_bools' '--warn=clippy::filter_map_next' '--warn=clippy::debug_assert_with_mut_call' '--warn=clippy::dbg_macro' '--allow=clippy::collapsible_match' '--allow=clippy::collapsible_if' '--allow=clippy::collapsible_else_if' '--allow=clippy::box_default' '--allow=clippy::bool_assert_comparison' '--warn=clippy::allow_attributes' --check-cfg 'cfg(trick_rust_analyzer_into_highlighting_interpolated_bits)' --check-cfg 'cfg(docsrs,test)' --check-cfg 'cfg(feature, values())' -C metadata=f13da80c2e2d6c9d -C extra-filename=-c57e127901ebb4ad --out-dir /home/ruize/openvmm-restore-v1/target/verus-partial/debug/deps -C incremental=/home/ruize/openvmm-restore-v1/target/verus-partial/debug/incremental -L dependency=/home/ruize/openvmm-restore-v1/target/verus-partial/debug/deps --extern anyhow=/home/ruize/openvmm-restore-v1/target/verus-partial/debug/deps/libanyhow-1a1dcdb279f90ff5.rmeta --extern async_trait=/home/ruize/openvmm-restore-v1/target/verus-partial/debug/deps/libasync_trait-c5f6c49640f81610.so --extern chipset=/home/ruize/openvmm-restore-v1/target/verus-partial/debug/deps/libchipset-6299eaf8f75e32cd.rmeta --extern chipset_device=/home/ruize/openvmm-restore-v1/target/verus-partial/debug/deps/libchipset_device-97f41f88ac23ea3a.rmeta --extern chipset_device_resources=/home/ruize/openvmm-restore-v1/target/verus-partial/debug/deps/libchipset_device_resources-5f376d3e7c378ecc.rmeta --extern chipset_resources=/home/ruize/openvmm-restore-v1/target/verus-partial/debug/deps/libchipset_resources-3e601f1e7f1e515c.rmeta --extern floppy=/home/ruize/openvmm-restore-v1/target/verus-partial/debug/deps/libfloppy-2145d027d55780bc.rmeta --extern floppy_pcat_stub=/home/ruize/openvmm-restore-v1/target/verus-partial/debug/deps/libfloppy_pcat_stub-15cda2a0b7aa9c96.rmeta --extern guestmem=/home/ruize/openvmm-restore-v1/target/verus-partial/debug/deps/libguestmem-733728c3bca7fa9f.rmeta --extern inspect=/home/ruize/openvmm-restore-v1/target/verus-partial/debug/deps/libinspect-73522c66cc8d2005.rmeta --extern local_clock=/home/ruize/openvmm-restore-v1/target/verus-partial/debug/deps/liblocal_clock-b85afab63c7df6af.rmeta --extern memory_range=/home/ruize/openvmm-restore-v1/target/verus-partial/debug/deps/libmemory_range-15ee9310ad9fd0ca.rmeta --extern mesh=/home/ruize/openvmm-restore-v1/target/verus-partial/debug/deps/libmesh-57a4fc15b8866963.rmeta --extern open_enum=/home/ruize/openvmm-restore-v1/target/verus-partial/debug/deps/libopen_enum-44a4a1432a2a3dff.rmeta --extern pci_bus=/home/ruize/openvmm-restore-v1/target/verus-partial/debug/deps/libpci_bus-70378f2c94621542.rmeta --extern pci_core=/home/ruize/openvmm-restore-v1/target/verus-partial/debug/deps/libpci_core-8b004e759246d78b.rmeta --extern power_resources=/home/ruize/openvmm-restore-v1/target/verus-partial/debug/deps/libpower_resources-117bd49214ba8d8d.rmeta --extern thiserror=/home/ruize/openvmm-restore-v1/target/verus-partial/debug/deps/libthiserror-bb5470d7886e4e69.rmeta --extern tracelimit=/home/ruize/openvmm-restore-v1/target/verus-partial/debug/deps/libtracelimit-ef06c7f3811b764c.rmeta --extern tracing=/home/ruize/openvmm-restore-v1/target/verus-partial/debug/deps/libtracing-669be71d75ac272a.rmeta --extern vm_resource=/home/ruize/openvmm-restore-v1/target/verus-partial/debug/deps/libvm_resource-993cabff7fd1557b.rmeta --extern vmcore=/home/ruize/openvmm-restore-v1/target/verus-partial/debug/deps/libvmcore-cefcb7daefa622c8.rmeta -Cforce-frame-pointers=yes -Csymbol-mangling-version=v0 -Z checksum-hash-algorithm=blake3`
    Checking vm_topology v0.0.0 (/home/ruize/openvmm-restore-v1/vm/vmcore/vm_topology)
    Checking pcie v0.0.0 (/home/ruize/openvmm-restore-v1/vm/devices/pci/pcie)
    Checking acpi v0.0.0 (/home/ruize/openvmm-restore-v1/vm/acpi)
     Running `/home/ruize/openvmm-restore-v1/toolchain/verus-src/source/target-verus/release/verus /home/ruize/.rustup/toolchains/1.94.0-x86_64-unknown-linux-gnu/bin/rustc --crate-name acpi --edition=2024 vm/acpi/src/lib.rs --error-format=json --json=diagnostic-rendered-ansi,artifacts,future-incompat --crate-type lib --emit=dep-info,metadata -C panic=abort -C embed-bitcode=no -C debuginfo=2 --warn=rust_2018_idioms --deny=future_incompatible --warn=unused_qualifications --forbid=unsafe_op_in_unsafe_fn --deny=unsafe_code '--warn=clippy::unnecessary_box_returns' '--allow=clippy::uninlined_format_args' --warn=unexpected_cfgs '--warn=clippy::undocumented_unsafe_blocks' '--allow=clippy::type_complexity' '--allow=clippy::too_many_arguments' '--warn=clippy::suboptimal_flops' '--allow=clippy::single_range_in_vec_init' '--warn=clippy::rest_pat_in_fully_bound_structs' '--warn=clippy::ref_option_ref' '--warn=clippy::ref_as_ptr' '--warn=clippy::ptr_cast_constness' '--warn=clippy::ptr_as_ptr' '--warn=clippy::option_option' '--allow=clippy::new_without_default' --warn=missing_docs '--allow=clippy::manual_flatten' '--warn=clippy::macro_use_imports' '--warn=clippy::lossy_float_literal' '--warn=clippy::linkedlist' '--allow=clippy::len_without_is_empty' '--warn=clippy::inefficient_to_string' '--warn=clippy::imprecise_flops' '--warn=clippy::implicit_clone' '--warn=clippy::fn_params_excessive_bools' '--warn=clippy::filter_map_next' '--warn=clippy::debug_assert_with_mut_call' '--warn=clippy::dbg_macro' '--allow=clippy::collapsible_match' '--allow=clippy::collapsible_if' '--allow=clippy::collapsible_else_if' '--allow=clippy::box_default' '--allow=clippy::bool_assert_comparison' '--warn=clippy::allow_attributes' --check-cfg 'cfg(trick_rust_analyzer_into_highlighting_interpolated_bits)' --check-cfg 'cfg(docsrs,test)' --check-cfg 'cfg(feature, values())' -C metadata=60394b63d5218092 -C extra-filename=-9fcb39fcbaef494a --out-dir /home/ruize/openvmm-restore-v1/target/verus-partial/debug/deps -C incremental=/home/ruize/openvmm-restore-v1/target/verus-partial/debug/incremental -L dependency=/home/ruize/openvmm-restore-v1/target/verus-partial/debug/deps --extern acpi_spec=/home/ruize/openvmm-restore-v1/target/verus-partial/debug/deps/libacpi_spec-9dcd2da939cfd015.rmeta --extern cxl_spec=/home/ruize/openvmm-restore-v1/target/verus-partial/debug/deps/libcxl_spec-6cebf4e4e9950dbd.rmeta --extern guid=/home/ruize/openvmm-restore-v1/target/verus-partial/debug/deps/libguid-c5aadcc960c694cf.rmeta --extern memory_range=/home/ruize/openvmm-restore-v1/target/verus-partial/debug/deps/libmemory_range-15ee9310ad9fd0ca.rmeta --extern thiserror=/home/ruize/openvmm-restore-v1/target/verus-partial/debug/deps/libthiserror-bb5470d7886e4e69.rmeta --extern x86defs=/home/ruize/openvmm-restore-v1/target/verus-partial/debug/deps/libx86defs-bd4eb58d754e9d8c.rmeta --extern zerocopy=/home/ruize/openvmm-restore-v1/target/verus-partial/debug/deps/libzerocopy-2fbbd02099a22f14.rmeta -Cforce-frame-pointers=yes -Csymbol-mangling-version=v0 -Z checksum-hash-algorithm=blake3`
     Running `/home/ruize/openvmm-restore-v1/toolchain/verus-src/source/target-verus/release/verus /home/ruize/.rustup/toolchains/1.94.0-x86_64-unknown-linux-gnu/bin/rustc --crate-name vm_topology --edition=2024 vm/vmcore/vm_topology/src/lib.rs --error-format=json --json=diagnostic-rendered-ansi,artifacts,future-incompat --crate-type lib --emit=dep-info,metadata -C panic=abort -C embed-bitcode=no -C debuginfo=2 --warn=rust_2018_idioms --deny=future_incompatible --warn=unused_qualifications --forbid=unsafe_op_in_unsafe_fn --deny=unsafe_code '--warn=clippy::unnecessary_box_returns' '--allow=clippy::uninlined_format_args' --warn=unexpected_cfgs '--warn=clippy::undocumented_unsafe_blocks' '--allow=clippy::type_complexity' '--allow=clippy::too_many_arguments' '--warn=clippy::suboptimal_flops' '--allow=clippy::single_range_in_vec_init' '--warn=clippy::rest_pat_in_fully_bound_structs' '--warn=clippy::ref_option_ref' '--warn=clippy::ref_as_ptr' '--warn=clippy::ptr_cast_constness' '--warn=clippy::ptr_as_ptr' '--warn=clippy::option_option' '--allow=clippy::new_without_default' --warn=missing_docs '--allow=clippy::manual_flatten' '--warn=clippy::macro_use_imports' '--warn=clippy::lossy_float_literal' '--warn=clippy::linkedlist' '--allow=clippy::len_without_is_empty' '--warn=clippy::inefficient_to_string' '--warn=clippy::imprecise_flops' '--warn=clippy::implicit_clone' '--warn=clippy::fn_params_excessive_bools' '--warn=clippy::filter_map_next' '--warn=clippy::debug_assert_with_mut_call' '--warn=clippy::dbg_macro' '--allow=clippy::collapsible_match' '--allow=clippy::collapsible_if' '--allow=clippy::collapsible_else_if' '--allow=clippy::box_default' '--allow=clippy::bool_assert_comparison' '--warn=clippy::allow_attributes' --check-cfg 'cfg(trick_rust_analyzer_into_highlighting_interpolated_bits)' --cfg 'feature="default"' --cfg 'feature="inspect"' --check-cfg 'cfg(docsrs,test)' --check-cfg 'cfg(feature, values("default", "inspect", "mesh"))' -C metadata=fca5e38aed74031d -C extra-filename=-f4602268bc582d07 --out-dir /home/ruize/openvmm-restore-v1/target/verus-partial/debug/deps -C incremental=/home/ruize/openvmm-restore-v1/target/verus-partial/debug/incremental -L dependency=/home/ruize/openvmm-restore-v1/target/verus-partial/debug/deps --extern aarch64defs=/home/ruize/openvmm-restore-v1/target/verus-partial/debug/deps/libaarch64defs-b4833e62dae90d43.rmeta --extern cfg_if=/home/ruize/openvmm-restore-v1/target/verus-partial/debug/deps/libcfg_if-c9a8a9f3a3adcb02.rmeta --extern cxl_spec=/home/ruize/openvmm-restore-v1/target/verus-partial/debug/deps/libcxl_spec-6cebf4e4e9950dbd.rmeta --extern inspect=/home/ruize/openvmm-restore-v1/target/verus-partial/debug/deps/libinspect-73522c66cc8d2005.rmeta --extern memory_range=/home/ruize/openvmm-restore-v1/target/verus-partial/debug/deps/libmemory_range-15ee9310ad9fd0ca.rmeta --extern safe_intrinsics=/home/ruize/openvmm-restore-v1/target/verus-partial/debug/deps/libsafe_intrinsics-10420edab6aac69a.rmeta --extern thiserror=/home/ruize/openvmm-restore-v1/target/verus-partial/debug/deps/libthiserror-bb5470d7886e4e69.rmeta --extern x86defs=/home/ruize/openvmm-restore-v1/target/verus-partial/debug/deps/libx86defs-bd4eb58d754e9d8c.rmeta -Cforce-frame-pointers=yes -Csymbol-mangling-version=v0 -Z checksum-hash-algorithm=blake3 --cfg 'guest_arch="x86_64"' --cfg guest_is_native --check-cfg 'cfg(guest_arch, values("x86_64","aarch64"))' --check-cfg 'cfg(guest_is_native)'`
     Running `/home/ruize/openvmm-restore-v1/toolchain/verus-src/source/target-verus/release/verus /home/ruize/.rustup/toolchains/1.94.0-x86_64-unknown-linux-gnu/bin/rustc --crate-name pcie --edition=2024 vm/devices/pci/pcie/src/lib.rs --error-format=json --json=diagnostic-rendered-ansi,artifacts,future-incompat --crate-type lib --emit=dep-info,metadata -C panic=abort -C embed-bitcode=no -C debuginfo=2 --warn=rust_2018_idioms --deny=future_incompatible --warn=unused_qualifications --forbid=unsafe_op_in_unsafe_fn --deny=unsafe_code '--warn=clippy::unnecessary_box_returns' '--allow=clippy::uninlined_format_args' --warn=unexpected_cfgs '--warn=clippy::undocumented_unsafe_blocks' '--allow=clippy::type_complexity' '--allow=clippy::too_many_arguments' '--warn=clippy::suboptimal_flops' '--allow=clippy::single_range_in_vec_init' '--warn=clippy::rest_pat_in_fully_bound_structs' '--warn=clippy::ref_option_ref' '--warn=clippy::ref_as_ptr' '--warn=clippy::ptr_cast_constness' '--warn=clippy::ptr_as_ptr' '--warn=clippy::option_option' '--allow=clippy::new_without_default' --warn=missing_docs '--allow=clippy::manual_flatten' '--warn=clippy::macro_use_imports' '--warn=clippy::lossy_float_literal' '--warn=clippy::linkedlist' '--allow=clippy::len_without_is_empty' '--warn=clippy::inefficient_to_string' '--warn=clippy::imprecise_flops' '--warn=clippy::implicit_clone' '--warn=clippy::fn_params_excessive_bools' '--warn=clippy::filter_map_next' '--warn=clippy::debug_assert_with_mut_call' '--warn=clippy::dbg_macro' '--allow=clippy::collapsible_match' '--allow=clippy::collapsible_if' '--allow=clippy::collapsible_else_if' '--allow=clippy::box_default' '--allow=clippy::bool_assert_comparison' '--warn=clippy::allow_attributes' --check-cfg 'cfg(trick_rust_analyzer_into_highlighting_interpolated_bits)' --check-cfg 'cfg(docsrs,test)' --check-cfg 'cfg(feature, values("fuzz"))' -C metadata=b07ee4a97486e978 -C extra-filename=-f40ed94768d0e2b3 --out-dir /home/ruize/openvmm-restore-v1/target/verus-partial/debug/deps -C incremental=/home/ruize/openvmm-restore-v1/target/verus-partial/debug/incremental -L dependency=/home/ruize/openvmm-restore-v1/target/verus-partial/debug/deps --extern anyhow=/home/ruize/openvmm-restore-v1/target/verus-partial/debug/deps/libanyhow-1a1dcdb279f90ff5.rmeta --extern chipset_device=/home/ruize/openvmm-restore-v1/target/verus-partial/debug/deps/libchipset_device-97f41f88ac23ea3a.rmeta --extern cxl_spec=/home/ruize/openvmm-restore-v1/target/verus-partial/debug/deps/libcxl_spec-6cebf4e4e9950dbd.rmeta --extern inspect=/home/ruize/openvmm-restore-v1/target/verus-partial/debug/deps/libinspect-73522c66cc8d2005.rmeta --extern memory_range=/home/ruize/openvmm-restore-v1/target/verus-partial/debug/deps/libmemory_range-15ee9310ad9fd0ca.rmeta --extern mesh=/home/ruize/openvmm-restore-v1/target/verus-partial/debug/deps/libmesh-57a4fc15b8866963.rmeta --extern pal_async=/home/ruize/openvmm-restore-v1/target/verus-partial/debug/deps/libpal_async-86a1d7663b7ae6aa.rmeta --extern pal_event=/home/ruize/openvmm-restore-v1/target/verus-partial/debug/deps/libpal_event-ad8314a85626886e.rmeta --extern pci_bus=/home/ruize/openvmm-restore-v1/target/verus-partial/debug/deps/libpci_bus-70378f2c94621542.rmeta --extern pci_core=/home/ruize/openvmm-restore-v1/target/verus-partial/debug/deps/libpci_core-8b004e759246d78b.rmeta --extern thiserror=/home/ruize/openvmm-restore-v1/target/verus-partial/debug/deps/libthiserror-bb5470d7886e4e69.rmeta --extern tracelimit=/home/ruize/openvmm-restore-v1/target/verus-partial/debug/deps/libtracelimit-ef06c7f3811b764c.rmeta --extern tracing=/home/ruize/openvmm-restore-v1/target/verus-partial/debug/deps/libtracing-669be71d75ac272a.rmeta --extern vmcore=/home/ruize/openvmm-restore-v1/target/verus-partial/debug/deps/libvmcore-cefcb7daefa622c8.rmeta --extern zerocopy=/home/ruize/openvmm-restore-v1/target/verus-partial/debug/deps/libzerocopy-2fbbd02099a22f14.rmeta -Cforce-frame-pointers=yes -Csymbol-mangling-version=v0 -Z checksum-hash-algorithm=blake3`
    Checking virt v0.0.0 (/home/ruize/openvmm-restore-v1/vmm_core/virt)
    Checking firmware_pcat v0.0.0 (/home/ruize/openvmm-restore-v1/vm/devices/firmware/firmware_pcat)
     Running `/home/ruize/openvmm-restore-v1/toolchain/verus-src/source/target-verus/release/verus /home/ruize/.rustup/toolchains/1.94.0-x86_64-unknown-linux-gnu/bin/rustc --crate-name virt --edition=2024 vmm_core/virt/src/lib.rs --error-format=json --json=diagnostic-rendered-ansi,artifacts,future-incompat --crate-type lib --emit=dep-info,metadata -C panic=abort -C embed-bitcode=no -C debuginfo=2 --warn=rust_2018_idioms --deny=future_incompatible --warn=unused_qualifications --forbid=unsafe_op_in_unsafe_fn --deny=unsafe_code '--warn=clippy::unnecessary_box_returns' '--allow=clippy::uninlined_format_args' --warn=unexpected_cfgs '--warn=clippy::undocumented_unsafe_blocks' '--allow=clippy::type_complexity' '--allow=clippy::too_many_arguments' '--warn=clippy::suboptimal_flops' '--allow=clippy::single_range_in_vec_init' '--warn=clippy::rest_pat_in_fully_bound_structs' '--warn=clippy::ref_option_ref' '--warn=clippy::ref_as_ptr' '--warn=clippy::ptr_cast_constness' '--warn=clippy::ptr_as_ptr' '--warn=clippy::option_option' '--allow=clippy::new_without_default' --warn=missing_docs '--allow=clippy::manual_flatten' '--warn=clippy::macro_use_imports' '--warn=clippy::lossy_float_literal' '--warn=clippy::linkedlist' '--allow=clippy::len_without_is_empty' '--warn=clippy::inefficient_to_string' '--warn=clippy::imprecise_flops' '--warn=clippy::implicit_clone' '--warn=clippy::fn_params_excessive_bools' '--warn=clippy::filter_map_next' '--warn=clippy::debug_assert_with_mut_call' '--warn=clippy::dbg_macro' '--allow=clippy::collapsible_match' '--allow=clippy::collapsible_if' '--allow=clippy::collapsible_else_if' '--allow=clippy::box_default' '--allow=clippy::bool_assert_comparison' '--warn=clippy::allow_attributes' --check-cfg 'cfg(trick_rust_analyzer_into_highlighting_interpolated_bits)' --check-cfg 'cfg(docsrs,test)' --check-cfg 'cfg(feature, values())' -C metadata=c97b1fed261dc30f -C extra-filename=-b1812bd26052eb98 --out-dir /home/ruize/openvmm-restore-v1/target/verus-partial/debug/deps -C incremental=/home/ruize/openvmm-restore-v1/target/verus-partial/debug/incremental -L dependency=/home/ruize/openvmm-restore-v1/target/verus-partial/debug/deps --extern aarch64defs=/home/ruize/openvmm-restore-v1/target/verus-partial/debug/deps/libaarch64defs-b4833e62dae90d43.rmeta --extern anyhow=/home/ruize/openvmm-restore-v1/target/verus-partial/debug/deps/libanyhow-1a1dcdb279f90ff5.rmeta --extern guestmem=/home/ruize/openvmm-restore-v1/target/verus-partial/debug/deps/libguestmem-733728c3bca7fa9f.rmeta --extern hvdef=/home/ruize/openvmm-restore-v1/target/verus-partial/debug/deps/libhvdef-1817752b7aff5f9b.rmeta --extern inspect=/home/ruize/openvmm-restore-v1/target/verus-partial/debug/deps/libinspect-73522c66cc8d2005.rmeta --extern memory_range=/home/ruize/openvmm-restore-v1/target/verus-partial/debug/deps/libmemory_range-15ee9310ad9fd0ca.rmeta --extern mesh_protobuf=/home/ruize/openvmm-restore-v1/target/verus-partial/debug/deps/libmesh_protobuf-5612e213728e73ed.rmeta --extern pal_event=/home/ruize/openvmm-restore-v1/target/verus-partial/debug/deps/libpal_event-ad8314a85626886e.rmeta --extern parking_lot=/home/ruize/openvmm-restore-v1/target/verus-partial/debug/deps/libparking_lot-3957aa1b9559146d.rmeta --extern pci_core=/home/ruize/openvmm-restore-v1/target/verus-partial/debug/deps/libpci_core-8b004e759246d78b.rmeta --extern slab=/home/ruize/openvmm-restore-v1/target/verus-partial/debug/deps/libslab-9bfce0c6112d4e19.rmeta --extern thiserror=/home/ruize/openvmm-restore-v1/target/verus-partial/debug/deps/libthiserror-bb5470d7886e4e69.rmeta --extern tracelimit=/home/ruize/openvmm-restore-v1/target/verus-partial/debug/deps/libtracelimit-ef06c7f3811b764c.rmeta --extern tracing=/home/ruize/openvmm-restore-v1/target/verus-partial/debug/deps/libtracing-669be71d75ac272a.rmeta --extern vm_topology=/home/ruize/openvmm-restore-v1/target/verus-partial/debug/deps/libvm_topology-f4602268bc582d07.rmeta --extern vmcore=/home/ruize/openvmm-restore-v1/target/verus-partial/debug/deps/libvmcore-cefcb7daefa622c8.rmeta --extern vstd=/home/ruize/openvmm-restore-v1/target/verus-partial/debug/deps/libvstd-0b932679964ce3b0.rmeta --extern x86defs=/home/ruize/openvmm-restore-v1/target/verus-partial/debug/deps/libx86defs-bd4eb58d754e9d8c.rmeta --extern zerocopy=/home/ruize/openvmm-restore-v1/target/verus-partial/debug/deps/libzerocopy-2fbbd02099a22f14.rmeta -Cforce-frame-pointers=yes -Csymbol-mangling-version=v0 -Z checksum-hash-algorithm=blake3 --cfg 'guest_arch="x86_64"' --cfg guest_is_native --check-cfg 'cfg(guest_arch, values("x86_64","aarch64"))' --check-cfg 'cfg(guest_is_native)'`
     Running `/home/ruize/openvmm-restore-v1/toolchain/verus-src/source/target-verus/release/verus /home/ruize/.rustup/toolchains/1.94.0-x86_64-unknown-linux-gnu/bin/rustc --crate-name firmware_pcat --edition=2024 vm/devices/firmware/firmware_pcat/src/lib.rs --error-format=json --json=diagnostic-rendered-ansi,artifacts,future-incompat --crate-type lib --emit=dep-info,metadata -C panic=abort -C embed-bitcode=no -C debuginfo=2 --warn=rust_2018_idioms --deny=future_incompatible --warn=unused_qualifications --forbid=unsafe_op_in_unsafe_fn --deny=unsafe_code '--warn=clippy::unnecessary_box_returns' '--allow=clippy::uninlined_format_args' --warn=unexpected_cfgs '--warn=clippy::undocumented_unsafe_blocks' '--allow=clippy::type_complexity' '--allow=clippy::too_many_arguments' '--warn=clippy::suboptimal_flops' '--allow=clippy::single_range_in_vec_init' '--warn=clippy::rest_pat_in_fully_bound_structs' '--warn=clippy::ref_option_ref' '--warn=clippy::ref_as_ptr' '--warn=clippy::ptr_cast_constness' '--warn=clippy::ptr_as_ptr' '--warn=clippy::option_option' '--allow=clippy::new_without_default' --warn=missing_docs '--allow=clippy::manual_flatten' '--warn=clippy::macro_use_imports' '--warn=clippy::lossy_float_literal' '--warn=clippy::linkedlist' '--allow=clippy::len_without_is_empty' '--warn=clippy::inefficient_to_string' '--warn=clippy::imprecise_flops' '--warn=clippy::implicit_clone' '--warn=clippy::fn_params_excessive_bools' '--warn=clippy::filter_map_next' '--warn=clippy::debug_assert_with_mut_call' '--warn=clippy::dbg_macro' '--allow=clippy::collapsible_match' '--allow=clippy::collapsible_if' '--allow=clippy::collapsible_else_if' '--allow=clippy::box_default' '--allow=clippy::bool_assert_comparison' '--warn=clippy::allow_attributes' --check-cfg 'cfg(trick_rust_analyzer_into_highlighting_interpolated_bits)' --check-cfg 'cfg(docsrs,test)' --check-cfg 'cfg(feature, values())' -C metadata=c7008ff0ee6ee069 -C extra-filename=-1fc533dd7b17aa1f --out-dir /home/ruize/openvmm-restore-v1/target/verus-partial/debug/deps -C incremental=/home/ruize/openvmm-restore-v1/target/verus-partial/debug/incremental -L dependency=/home/ruize/openvmm-restore-v1/target/verus-partial/debug/deps --extern chipset_device=/home/ruize/openvmm-restore-v1/target/verus-partial/debug/deps/libchipset_device-97f41f88ac23ea3a.rmeta --extern generation_id=/home/ruize/openvmm-restore-v1/target/verus-partial/debug/deps/libgeneration_id-eed4421ae01bc3fc.rmeta --extern getrandom=/home/ruize/openvmm-restore-v1/target/verus-partial/debug/deps/libgetrandom-26d6fb37d469a72c.rmeta --extern guestmem=/home/ruize/openvmm-restore-v1/target/verus-partial/debug/deps/libguestmem-733728c3bca7fa9f.rmeta --extern guid=/home/ruize/openvmm-restore-v1/target/verus-partial/debug/deps/libguid-c5aadcc960c694cf.rmeta --extern inspect=/home/ruize/openvmm-restore-v1/target/verus-partial/debug/deps/libinspect-73522c66cc8d2005.rmeta --extern memory_range=/home/ruize/openvmm-restore-v1/target/verus-partial/debug/deps/libmemory_range-15ee9310ad9fd0ca.rmeta --extern mesh=/home/ruize/openvmm-restore-v1/target/verus-partial/debug/deps/libmesh-57a4fc15b8866963.rmeta --extern open_enum=/home/ruize/openvmm-restore-v1/target/verus-partial/debug/deps/libopen_enum-44a4a1432a2a3dff.rmeta --extern static_assertions=/home/ruize/openvmm-restore-v1/target/verus-partial/debug/deps/libstatic_assertions-ea2eb68e8147348e.rmeta --extern thiserror=/home/ruize/openvmm-restore-v1/target/verus-partial/debug/deps/libthiserror-bb5470d7886e4e69.rmeta --extern tracelimit=/home/ruize/openvmm-restore-v1/target/verus-partial/debug/deps/libtracelimit-ef06c7f3811b764c.rmeta --extern tracing=/home/ruize/openvmm-restore-v1/target/verus-partial/debug/deps/libtracing-669be71d75ac272a.rmeta --extern vm_topology=/home/ruize/openvmm-restore-v1/target/verus-partial/debug/deps/libvm_topology-f4602268bc582d07.rmeta --extern vmcore=/home/ruize/openvmm-restore-v1/target/verus-partial/debug/deps/libvmcore-cefcb7daefa622c8.rmeta --extern zerocopy=/home/ruize/openvmm-restore-v1/target/verus-partial/debug/deps/libzerocopy-2fbbd02099a22f14.rmeta -Cforce-frame-pointers=yes -Csymbol-mangling-version=v0 -Z checksum-hash-algorithm=blake3`
    Checking vmotherboard v0.0.0 (/home/ruize/openvmm-restore-v1/vmm_core/vmotherboard)
     Running `/home/ruize/openvmm-restore-v1/toolchain/verus-src/source/target-verus/release/verus /home/ruize/.rustup/toolchains/1.94.0-x86_64-unknown-linux-gnu/bin/rustc --crate-name vmotherboard --edition=2024 vmm_core/vmotherboard/src/lib.rs --error-format=json --json=diagnostic-rendered-ansi,artifacts,future-incompat --crate-type lib --emit=dep-info,metadata -C panic=abort -C embed-bitcode=no -C debuginfo=2 --warn=rust_2018_idioms --deny=future_incompatible --warn=unused_qualifications --forbid=unsafe_op_in_unsafe_fn --deny=unsafe_code '--warn=clippy::unnecessary_box_returns' '--allow=clippy::uninlined_format_args' --warn=unexpected_cfgs '--warn=clippy::undocumented_unsafe_blocks' '--allow=clippy::type_complexity' '--allow=clippy::too_many_arguments' '--warn=clippy::suboptimal_flops' '--allow=clippy::single_range_in_vec_init' '--warn=clippy::rest_pat_in_fully_bound_structs' '--warn=clippy::ref_option_ref' '--warn=clippy::ref_as_ptr' '--warn=clippy::ptr_cast_constness' '--warn=clippy::ptr_as_ptr' '--warn=clippy::option_option' '--allow=clippy::new_without_default' --warn=missing_docs '--allow=clippy::manual_flatten' '--warn=clippy::macro_use_imports' '--warn=clippy::lossy_float_literal' '--warn=clippy::linkedlist' '--allow=clippy::len_without_is_empty' '--warn=clippy::inefficient_to_string' '--warn=clippy::imprecise_flops' '--warn=clippy::implicit_clone' '--warn=clippy::fn_params_excessive_bools' '--warn=clippy::filter_map_next' '--warn=clippy::debug_assert_with_mut_call' '--warn=clippy::dbg_macro' '--allow=clippy::collapsible_match' '--allow=clippy::collapsible_if' '--allow=clippy::collapsible_else_if' '--allow=clippy::box_default' '--allow=clippy::bool_assert_comparison' '--warn=clippy::allow_attributes' --check-cfg 'cfg(trick_rust_analyzer_into_highlighting_interpolated_bits)' --check-cfg 'cfg(docsrs,test)' --check-cfg 'cfg(feature, values("dev_generic_isa_floppy", "dev_hyperv_vga", "dev_underhill_vga_proxy", "dev_winbond_super_io_and_floppy_full", "dev_winbond_super_io_and_floppy_stub"))' -C metadata=a352dc4555f394e8 -C extra-filename=-466176c47e9816a2 --out-dir /home/ruize/openvmm-restore-v1/target/verus-partial/debug/deps -C incremental=/home/ruize/openvmm-restore-v1/target/verus-partial/debug/incremental -L dependency=/home/ruize/openvmm-restore-v1/target/verus-partial/debug/deps --extern address_filter=/home/ruize/openvmm-restore-v1/target/verus-partial/debug/deps/libaddress_filter-f7c77a0c1492838b.rmeta --extern anyhow=/home/ruize/openvmm-restore-v1/target/verus-partial/debug/deps/libanyhow-1a1dcdb279f90ff5.rmeta --extern arc_cyclic_builder=/home/ruize/openvmm-restore-v1/target/verus-partial/debug/deps/libarc_cyclic_builder-08784ee23a9d8b67.rmeta --extern async_trait=/home/ruize/openvmm-restore-v1/target/verus-partial/debug/deps/libasync_trait-c5f6c49640f81610.so --extern chipset=/home/ruize/openvmm-restore-v1/target/verus-partial/debug/deps/libchipset-6299eaf8f75e32cd.rmeta --extern chipset_device=/home/ruize/openvmm-restore-v1/target/verus-partial/debug/deps/libchipset_device-97f41f88ac23ea3a.rmeta --extern chipset_device_resources=/home/ruize/openvmm-restore-v1/target/verus-partial/debug/deps/libchipset_device_resources-5f376d3e7c378ecc.rmeta --extern chipset_legacy=/home/ruize/openvmm-restore-v1/target/verus-partial/debug/deps/libchipset_legacy-c57e127901ebb4ad.rmeta --extern chipset_resources=/home/ruize/openvmm-restore-v1/target/verus-partial/debug/deps/libchipset_resources-3e601f1e7f1e515c.rmeta --extern closeable_mutex=/home/ruize/openvmm-restore-v1/target/verus-partial/debug/deps/libcloseable_mutex-ac72aba52f986417.rmeta --extern cvm_tracing=/home/ruize/openvmm-restore-v1/target/verus-partial/debug/deps/libcvm_tracing-fc5e91fcfc87e17c.rmeta --extern firmware_pcat=/home/ruize/openvmm-restore-v1/target/verus-partial/debug/deps/libfirmware_pcat-1fc533dd7b17aa1f.rmeta --extern framebuffer=/home/ruize/openvmm-restore-v1/target/verus-partial/debug/deps/libframebuffer-ce3591c2f29b6239.rmeta --extern futures=/home/ruize/openvmm-restore-v1/target/verus-partial/debug/deps/libfutures-5a1ca119b27a8d6d.rmeta --extern generation_id=/home/ruize/openvmm-restore-v1/target/verus-partial/debug/deps/libgeneration_id-eed4421ae01bc3fc.rmeta --extern guestmem=/home/ruize/openvmm-restore-v1/target/verus-partial/debug/deps/libguestmem-733728c3bca7fa9f.rmeta --extern ide=/home/ruize/openvmm-restore-v1/target/verus-partial/debug/deps/libide-eb08335fcf0a1ba1.rmeta --extern inspect=/home/ruize/openvmm-restore-v1/target/verus-partial/debug/deps/libinspect-73522c66cc8d2005.rmeta --extern inspect_counters=/home/ruize/openvmm-restore-v1/target/verus-partial/debug/deps/libinspect_counters-a219d4fa7e52ab46.rmeta --extern mesh=/home/ruize/openvmm-restore-v1/target/verus-partial/debug/deps/libmesh-57a4fc15b8866963.rmeta --extern missing_dev=/home/ruize/openvmm-restore-v1/target/verus-partial/debug/deps/libmissing_dev-419a37ed12da499b.rmeta --extern pal_async=/home/ruize/openvmm-restore-v1/target/verus-partial/debug/deps/libpal_async-86a1d7663b7ae6aa.rmeta --extern parking_lot=/home/ruize/openvmm-restore-v1/target/verus-partial/debug/deps/libparking_lot-3957aa1b9559146d.rmeta --extern paste=/home/ruize/openvmm-restore-v1/target/verus-partial/debug/deps/libpaste-c9b820920d8c49b6.so --extern pci_bus=/home/ruize/openvmm-restore-v1/target/verus-partial/debug/deps/libpci_bus-70378f2c94621542.rmeta --extern pcie=/home/ruize/openvmm-restore-v1/target/verus-partial/debug/deps/libpcie-f40ed94768d0e2b3.rmeta --extern range_map_vec=/home/ruize/openvmm-restore-v1/target/verus-partial/debug/deps/librange_map_vec-6e31398199fb45bf.rmeta --extern state_unit=/home/ruize/openvmm-restore-v1/target/verus-partial/debug/deps/libstate_unit-10525956826f7775.rmeta --extern thiserror=/home/ruize/openvmm-restore-v1/target/verus-partial/debug/deps/libthiserror-bb5470d7886e4e69.rmeta --extern tracelimit=/home/ruize/openvmm-restore-v1/target/verus-partial/debug/deps/libtracelimit-ef06c7f3811b764c.rmeta --extern tracing=/home/ruize/openvmm-restore-v1/target/verus-partial/debug/deps/libtracing-669be71d75ac272a.rmeta --extern vm_resource=/home/ruize/openvmm-restore-v1/target/verus-partial/debug/deps/libvm_resource-993cabff7fd1557b.rmeta --extern vmcore=/home/ruize/openvmm-restore-v1/target/verus-partial/debug/deps/libvmcore-cefcb7daefa622c8.rmeta -Cforce-frame-pointers=yes -Csymbol-mangling-version=v0 -Z checksum-hash-algorithm=blake3`
    Checking hyperv_dump v0.0.0 (/home/ruize/openvmm-restore-v1/vmm_core/hyperv_dump)
    Checking vmm_core_defs v0.0.0 (/home/ruize/openvmm-restore-v1/vmm_core/vmm_core_defs)
     Running `/home/ruize/openvmm-restore-v1/toolchain/verus-src/source/target-verus/release/verus /home/ruize/.rustup/toolchains/1.94.0-x86_64-unknown-linux-gnu/bin/rustc --crate-name hyperv_dump --edition=2024 vmm_core/hyperv_dump/src/lib.rs --error-format=json --json=diagnostic-rendered-ansi,artifacts,future-incompat --crate-type lib --emit=dep-info,metadata -C panic=abort -C embed-bitcode=no -C debuginfo=2 --warn=rust_2018_idioms --deny=future_incompatible --warn=unused_qualifications --forbid=unsafe_op_in_unsafe_fn --deny=unsafe_code '--warn=clippy::unnecessary_box_returns' '--allow=clippy::uninlined_format_args' --warn=unexpected_cfgs '--warn=clippy::undocumented_unsafe_blocks' '--allow=clippy::type_complexity' '--allow=clippy::too_many_arguments' '--warn=clippy::suboptimal_flops' '--allow=clippy::single_range_in_vec_init' '--warn=clippy::rest_pat_in_fully_bound_structs' '--warn=clippy::ref_option_ref' '--warn=clippy::ref_as_ptr' '--warn=clippy::ptr_cast_constness' '--warn=clippy::ptr_as_ptr' '--warn=clippy::option_option' '--allow=clippy::new_without_default' --warn=missing_docs '--allow=clippy::manual_flatten' '--warn=clippy::macro_use_imports' '--warn=clippy::lossy_float_literal' '--warn=clippy::linkedlist' '--allow=clippy::len_without_is_empty' '--warn=clippy::inefficient_to_string' '--warn=clippy::imprecise_flops' '--warn=clippy::implicit_clone' '--warn=clippy::fn_params_excessive_bools' '--warn=clippy::filter_map_next' '--warn=clippy::debug_assert_with_mut_call' '--warn=clippy::dbg_macro' '--allow=clippy::collapsible_match' '--allow=clippy::collapsible_if' '--allow=clippy::collapsible_else_if' '--allow=clippy::box_default' '--allow=clippy::bool_assert_comparison' '--warn=clippy::allow_attributes' --check-cfg 'cfg(trick_rust_analyzer_into_highlighting_interpolated_bits)' --check-cfg 'cfg(docsrs,test)' --check-cfg 'cfg(feature, values())' -C metadata=c787c1da46c6b1ea -C extra-filename=-84a54cd49401851c --out-dir /home/ruize/openvmm-restore-v1/target/verus-partial/debug/deps -C incremental=/home/ruize/openvmm-restore-v1/target/verus-partial/debug/incremental -L dependency=/home/ruize/openvmm-restore-v1/target/verus-partial/debug/deps --extern hvdef=/home/ruize/openvmm-restore-v1/target/verus-partial/debug/deps/libhvdef-1817752b7aff5f9b.rmeta --extern hvs_file=/home/ruize/openvmm-restore-v1/target/verus-partial/debug/deps/libhvs_file-ad071ef86e0f2cfb.rmeta --extern memory_range=/home/ruize/openvmm-restore-v1/target/verus-partial/debug/deps/libmemory_range-15ee9310ad9fd0ca.rmeta --extern static_assertions=/home/ruize/openvmm-restore-v1/target/verus-partial/debug/deps/libstatic_assertions-ea2eb68e8147348e.rmeta --extern virt=/home/ruize/openvmm-restore-v1/target/verus-partial/debug/deps/libvirt-b1812bd26052eb98.rmeta --extern zerocopy=/home/ruize/openvmm-restore-v1/target/verus-partial/debug/deps/libzerocopy-2fbbd02099a22f14.rmeta -Cforce-frame-pointers=yes -Csymbol-mangling-version=v0 -Z checksum-hash-algorithm=blake3`
     Running `/home/ruize/openvmm-restore-v1/toolchain/verus-src/source/target-verus/release/verus /home/ruize/.rustup/toolchains/1.94.0-x86_64-unknown-linux-gnu/bin/rustc --crate-name vmm_core_defs --edition=2024 vmm_core/vmm_core_defs/src/lib.rs --error-format=json --json=diagnostic-rendered-ansi,artifacts,future-incompat --crate-type lib --emit=dep-info,metadata -C panic=abort -C embed-bitcode=no -C debuginfo=2 --warn=rust_2018_idioms --deny=future_incompatible --warn=unused_qualifications --forbid=unsafe_op_in_unsafe_fn --deny=unsafe_code '--warn=clippy::unnecessary_box_returns' '--allow=clippy::uninlined_format_args' --warn=unexpected_cfgs '--warn=clippy::undocumented_unsafe_blocks' '--allow=clippy::type_complexity' '--allow=clippy::too_many_arguments' '--warn=clippy::suboptimal_flops' '--allow=clippy::single_range_in_vec_init' '--warn=clippy::rest_pat_in_fully_bound_structs' '--warn=clippy::ref_option_ref' '--warn=clippy::ref_as_ptr' '--warn=clippy::ptr_cast_constness' '--warn=clippy::ptr_as_ptr' '--warn=clippy::option_option' '--allow=clippy::new_without_default' --warn=missing_docs '--allow=clippy::manual_flatten' '--warn=clippy::macro_use_imports' '--warn=clippy::lossy_float_literal' '--warn=clippy::linkedlist' '--allow=clippy::len_without_is_empty' '--warn=clippy::inefficient_to_string' '--warn=clippy::imprecise_flops' '--warn=clippy::implicit_clone' '--warn=clippy::fn_params_excessive_bools' '--warn=clippy::filter_map_next' '--warn=clippy::debug_assert_with_mut_call' '--warn=clippy::dbg_macro' '--allow=clippy::collapsible_match' '--allow=clippy::collapsible_if' '--allow=clippy::collapsible_else_if' '--allow=clippy::box_default' '--allow=clippy::bool_assert_comparison' '--warn=clippy::allow_attributes' --check-cfg 'cfg(trick_rust_analyzer_into_highlighting_interpolated_bits)' --check-cfg 'cfg(docsrs,test)' --check-cfg 'cfg(feature, values())' -C metadata=4d657980628671f1 -C extra-filename=-f50a000db5acd007 --out-dir /home/ruize/openvmm-restore-v1/target/verus-partial/debug/deps -C incremental=/home/ruize/openvmm-restore-v1/target/verus-partial/debug/incremental -L dependency=/home/ruize/openvmm-restore-v1/target/verus-partial/debug/deps --extern inspect=/home/ruize/openvmm-restore-v1/target/verus-partial/debug/deps/libinspect-73522c66cc8d2005.rmeta --extern mesh=/home/ruize/openvmm-restore-v1/target/verus-partial/debug/deps/libmesh-57a4fc15b8866963.rmeta --extern virt=/home/ruize/openvmm-restore-v1/target/verus-partial/debug/deps/libvirt-b1812bd26052eb98.rmeta --extern vstd=/home/ruize/openvmm-restore-v1/target/verus-partial/debug/deps/libvstd-0b932679964ce3b0.rmeta -Cforce-frame-pointers=yes -Csymbol-mangling-version=v0 -Z checksum-hash-algorithm=blake3`
warning: autoderive Clone impl does not take the form Verus expects; continuing, but without adding a specification for the derived Clone impl
  --> vmm_core/vmm_core_defs/src/lib.rs:36:17
   |
36 | #[derive(Debug, Clone, Eq, PartialEq, Protobuf, Inspect)]
   |                 ^^^^^
   |
   = help: to suppress this warning, use `#[verifier::allow(autoderive_clone_without_spec)]` on the surrounding function, datatype, or module or `#![verifier::allow(autoderive_clone_without_spec)]` in the module or crate

warning: `vmm_core_defs` (lib) generated 1 warning
    Checking vmm_core v0.0.0 (/home/ruize/openvmm-restore-v1/vmm_core)
     Running `/home/ruize/openvmm-restore-v1/toolchain/verus-src/source/target-verus/release/verus /home/ruize/.rustup/toolchains/1.94.0-x86_64-unknown-linux-gnu/bin/rustc --crate-name vmm_core --edition=2024 vmm_core/src/lib.rs --error-format=json --json=diagnostic-rendered-ansi,artifacts,future-incompat --crate-type lib --emit=dep-info,metadata -C panic=abort -C embed-bitcode=no -C debuginfo=2 --warn=rust_2018_idioms --deny=future_incompatible --warn=unused_qualifications --forbid=unsafe_op_in_unsafe_fn --deny=unsafe_code '--warn=clippy::unnecessary_box_returns' '--allow=clippy::uninlined_format_args' --warn=unexpected_cfgs '--warn=clippy::undocumented_unsafe_blocks' '--allow=clippy::type_complexity' '--allow=clippy::too_many_arguments' '--warn=clippy::suboptimal_flops' '--allow=clippy::single_range_in_vec_init' '--warn=clippy::rest_pat_in_fully_bound_structs' '--warn=clippy::ref_option_ref' '--warn=clippy::ref_as_ptr' '--warn=clippy::ptr_cast_constness' '--warn=clippy::ptr_as_ptr' '--warn=clippy::option_option' '--allow=clippy::new_without_default' --warn=missing_docs '--allow=clippy::manual_flatten' '--warn=clippy::macro_use_imports' '--warn=clippy::lossy_float_literal' '--warn=clippy::linkedlist' '--allow=clippy::len_without_is_empty' '--warn=clippy::inefficient_to_string' '--warn=clippy::imprecise_flops' '--warn=clippy::implicit_clone' '--warn=clippy::fn_params_excessive_bools' '--warn=clippy::filter_map_next' '--warn=clippy::debug_assert_with_mut_call' '--warn=clippy::dbg_macro' '--allow=clippy::collapsible_match' '--allow=clippy::collapsible_if' '--allow=clippy::collapsible_else_if' '--allow=clippy::box_default' '--allow=clippy::bool_assert_comparison' '--warn=clippy::allow_attributes' --check-cfg 'cfg(trick_rust_analyzer_into_highlighting_interpolated_bits)' --cfg 'feature="dump"' --cfg 'feature="hyperv_dump"' --check-cfg 'cfg(docsrs,test)' --check-cfg 'cfg(feature, values("dump", "gdb", "hyperv_dump", "iced-x86", "virt_support_aarch64emu", "virt_support_x86emu"))' -C metadata=dedc4a0d17863e03 -C extra-filename=-262c31ab204b19d8 --out-dir /home/ruize/openvmm-restore-v1/target/verus-partial/debug/deps -C incremental=/home/ruize/openvmm-restore-v1/target/verus-partial/debug/incremental -L dependency=/home/ruize/openvmm-restore-v1/target/verus-partial/debug/deps --extern aarch64defs=/home/ruize/openvmm-restore-v1/target/verus-partial/debug/deps/libaarch64defs-b4833e62dae90d43.rmeta --extern acpi=/home/ruize/openvmm-restore-v1/target/verus-partial/debug/deps/libacpi-9fcb39fcbaef494a.rmeta --extern acpi_spec=/home/ruize/openvmm-restore-v1/target/verus-partial/debug/deps/libacpi_spec-9dcd2da939cfd015.rmeta --extern anyhow=/home/ruize/openvmm-restore-v1/target/verus-partial/debug/deps/libanyhow-1a1dcdb279f90ff5.rmeta --extern async_trait=/home/ruize/openvmm-restore-v1/target/verus-partial/debug/deps/libasync_trait-c5f6c49640f81610.so --extern cache_topology=/home/ruize/openvmm-restore-v1/target/verus-partial/debug/deps/libcache_topology-7d99f746e90c2462.rmeta --extern chipset=/home/ruize/openvmm-restore-v1/target/verus-partial/debug/deps/libchipset-6299eaf8f75e32cd.rmeta --extern chipset_device_resources=/home/ruize/openvmm-restore-v1/target/verus-partial/debug/deps/libchipset_device_resources-5f376d3e7c378ecc.rmeta --extern chipset_resources=/home/ruize/openvmm-restore-v1/target/verus-partial/debug/deps/libchipset_resources-3e601f1e7f1e515c.rmeta --extern closeable_mutex=/home/ruize/openvmm-restore-v1/target/verus-partial/debug/deps/libcloseable_mutex-ac72aba52f986417.rmeta --extern cvm_tracing=/home/ruize/openvmm-restore-v1/target/verus-partial/debug/deps/libcvm_tracing-fc5e91fcfc87e17c.rmeta --extern futures=/home/ruize/openvmm-restore-v1/target/verus-partial/debug/deps/libfutures-5a1ca119b27a8d6d.rmeta --extern futures_concurrency=/home/ruize/openvmm-restore-v1/target/verus-partial/debug/deps/libfutures_concurrency-b7017fe683035931.rmeta --extern guestmem=/home/ruize/openvmm-restore-v1/target/verus-partial/debug/deps/libguestmem-733728c3bca7fa9f.rmeta --extern hcl_compat_uefi_nvram_storage=/home/ruize/openvmm-restore-v1/target/verus-partial/debug/deps/libhcl_compat_uefi_nvram_storage-8ba7b8536c96c911.rmeta --extern hvdef=/home/ruize/openvmm-restore-v1/target/verus-partial/debug/deps/libhvdef-1817752b7aff5f9b.rmeta --extern hyperv_dump=/home/ruize/openvmm-restore-v1/target/verus-partial/debug/deps/libhyperv_dump-84a54cd49401851c.rmeta --extern input_core=/home/ruize/openvmm-restore-v1/target/verus-partial/debug/deps/libinput_core-2d4f34cbf121e067.rmeta --extern inspect=/home/ruize/openvmm-restore-v1/target/verus-partial/debug/deps/libinspect-73522c66cc8d2005.rmeta --extern memory_range=/home/ruize/openvmm-restore-v1/target/verus-partial/debug/deps/libmemory_range-15ee9310ad9fd0ca.rmeta --extern mesh=/home/ruize/openvmm-restore-v1/target/verus-partial/debug/deps/libmesh-57a4fc15b8866963.rmeta --extern pal_async=/home/ruize/openvmm-restore-v1/target/verus-partial/debug/deps/libpal_async-86a1d7663b7ae6aa.rmeta --extern parking_lot=/home/ruize/openvmm-restore-v1/target/verus-partial/debug/deps/libparking_lot-3957aa1b9559146d.rmeta --extern pci_core=/home/ruize/openvmm-restore-v1/target/verus-partial/debug/deps/libpci_core-8b004e759246d78b.rmeta --extern pci_resources=/home/ruize/openvmm-restore-v1/target/verus-partial/debug/deps/libpci_resources-8c2b95f4e87d3452.rmeta --extern power_resources=/home/ruize/openvmm-restore-v1/target/verus-partial/debug/deps/libpower_resources-117bd49214ba8d8d.rmeta --extern slab=/home/ruize/openvmm-restore-v1/target/verus-partial/debug/deps/libslab-9bfce0c6112d4e19.rmeta --extern state_unit=/home/ruize/openvmm-restore-v1/target/verus-partial/debug/deps/libstate_unit-10525956826f7775.rmeta --extern thiserror=/home/ruize/openvmm-restore-v1/target/verus-partial/debug/deps/libthiserror-bb5470d7886e4e69.rmeta --extern tracing=/home/ruize/openvmm-restore-v1/target/verus-partial/debug/deps/libtracing-669be71d75ac272a.rmeta --extern virt=/home/ruize/openvmm-restore-v1/target/verus-partial/debug/deps/libvirt-b1812bd26052eb98.rmeta --extern vm_resource=/home/ruize/openvmm-restore-v1/target/verus-partial/debug/deps/libvm_resource-993cabff7fd1557b.rmeta --extern vm_topology=/home/ruize/openvmm-restore-v1/target/verus-partial/debug/deps/libvm_topology-f4602268bc582d07.rmeta --extern vmbus_channel=/home/ruize/openvmm-restore-v1/target/verus-partial/debug/deps/libvmbus_channel-edf45c191770cd58.rmeta --extern vmbus_server=/home/ruize/openvmm-restore-v1/target/verus-partial/debug/deps/libvmbus_server-edbdd4ce180be3a3.rmeta --extern vmcore=/home/ruize/openvmm-restore-v1/target/verus-partial/debug/deps/libvmcore-cefcb7daefa622c8.rmeta --extern vmm_core_defs=/home/ruize/openvmm-restore-v1/target/verus-partial/debug/deps/libvmm_core_defs-f50a000db5acd007.rmeta --extern vmotherboard=/home/ruize/openvmm-restore-v1/target/verus-partial/debug/deps/libvmotherboard-466176c47e9816a2.rmeta --extern vpci=/home/ruize/openvmm-restore-v1/target/verus-partial/debug/deps/libvpci-d40ab3a4a5d2c32a.rmeta --extern vstd=/home/ruize/openvmm-restore-v1/target/verus-partial/debug/deps/libvstd-0b932679964ce3b0.rmeta --extern x86defs=/home/ruize/openvmm-restore-v1/target/verus-partial/debug/deps/libx86defs-bd4eb58d754e9d8c.rmeta --extern zerocopy=/home/ruize/openvmm-restore-v1/target/verus-partial/debug/deps/libzerocopy-2fbbd02099a22f14.rmeta -Cforce-frame-pointers=yes -Csymbol-mangling-version=v0 -Z checksum-hash-algorithm=blake3 --cfg 'guest_arch="x86_64"' --cfg guest_is_native --check-cfg 'cfg(guest_arch, values("x86_64","aarch64"))' --check-cfg 'cfg(guest_is_native)'`
verification results:: 0 verified, 0 errors
    Finished `dev` profile [unoptimized + debuginfo] target(s) in 8.62s
elapsed_s=9.13 exit=0
